county,pin_normalized,sale_date,sale_price,document_number,deed_type,is_arms_length,filter_flags,source,source_url,extracted_at,confidence_score,parcel_address,township
dupage,0936109015,2015-04-10,450000.0,R2015-041565,warranty,true,[],mydec,https://illinois-edp.data.socrata.com/resource/it54-y4c6.json,2026-04-25 23:40:20.18255,2,15 LAKE RIDGE CLUB BURR RIDGE IL 60527,
dupage,0924309006,2015-04-30,6000000.0,R2015-052911,warranty,true,[],mydec,https://illinois-edp.data.socrata.com/resource/it54-y4c6.json,2026-04-25 23:40:20.18323,2,7055 BURR RIDGE BLVD WILLOWBROOK IL 60527,
dupage,1001302076,2015-05-11,1140500.0,R2015-056177,warranty,true,[],mydec,https://illinois-edp.data.socrata.com/resource/it54-y4c6.json,2026-04-25 23:40:20.183547,2,1 KERI LN BURR RIDGE IL 60521,
dupage,0936202003,2015-06-02,460000.0,R2015-067398,warranty,true,[],mydec,https://illinois-edp.data.socrata.com/resource/it54-y4c6.json,2026-04-25 23:40:20.1843,2,116 W 79TH ST BURR RIDGE IL 60527,
dupage,0924405008,2015-06-15,600000.0,R2015-067623,warranty,true,[],mydec,https://illinois-edp.data.socrata.com/resource/it54-y4c6.json,2026-04-25 23:40:20.18456,2,6826 FIELDSTONE DR BURR RIDGE IL 60527,
dupage,1002409023,2015-07-17,1115000.0,R2015-082968,warranty,true,[],mydec,https://illinois-edp.data.socrata.com/resource/it54-y4c6.json,2026-04-25 23:40:20.185525,2,9321 FALLING WATERS DR W BURR RIDGE IL 60527,
dupage,0913407009,2015-07-31,1050000.0,R2015-086744,warranty,true,[],mydec,https://illinois-edp.data.socrata.com/resource/it54-y4c6.json,2026-04-25 23:40:20.186063,2,14 WOODGATE DR BURR RIDGE IL 60527,
dupage,0936310012,2015-08-26,719500.0,R2015-104882,warranty,true,[],mydec,https://illinois-edp.data.socrata.com/resource/it54-y4c6.json,2026-04-25 23:40:20.187202,2,8497 KIMBERLY CT BURR RIDGE IL 60527,
dupage,0925207017,2015-09-14,685000.0,R2015-106247,warranty,true,[],mydec,https://illinois-edp.data.socrata.com/resource/it54-y4c6.json,2026-04-25 23:40:20.187694,2,7329 S PARK AVE BURR RIDGE IL 60527,
dupage,0935204011,2015-09-15,5650000.0,R2015-105105,warranty,true,[],mydec,https://illinois-edp.data.socrata.com/resource/it54-y4c6.json,2026-04-25 23:40:20.187741,2,16W361 S FRONTAGE RD BURR RIDGE IL 60527,
dupage,1001102004,2015-09-18,755000.0,R2015-109712,warranty,true,[],mydec,https://illinois-edp.data.socrata.com/resource/it54-y4c6.json,2026-04-25 23:40:20.187855,2,10S265 S VINE ST BURR RIDGE IL 60527,
dupage,0924209005,2015-09-23,945000.0,R2015-108022,warranty,true,[],mydec,https://illinois-edp.data.socrata.com/resource/it54-y4c6.json,2026-04-25 23:40:20.188,2,1205 KENMARE DR BURR RIDGE IL 60527,
dupage,0913302037,2015-09-25,1125000.0,R2015-110810,warranty,true,[],mydec,https://illinois-edp.data.socrata.com/resource/it54-y4c6.json,2026-04-25 23:40:20.188116,2,4 RIDGE FARM RD BURR RIDGE IL 60527,
dupage,0936307001,2015-09-30,403500.0,R2015-113029,warranty,true,[],mydec,https://illinois-edp.data.socrata.com/resource/it54-y4c6.json,2026-04-25 23:40:20.188305,2,436 KIRKWOOD COVE BURR RIDGE IL 60527,
dupage,1002409012,2015-11-02,1440000.0,R2015-136990,warranty,true,[],mydec,https://illinois-edp.data.socrata.com/resource/it54-y4c6.json,2026-04-25 23:41:20.922221,2,4 SYLVAN GLEN CT BURR RIDGE IL 60527,
dupage,0913408035,2015-11-20,850000.0,R2015-130777,warranty,true,[],mydec,https://illinois-edp.data.socrata.com/resource/it54-y4c6.json,2026-04-25 23:41:20.922634,2,1203 BURR RIDGE CLB BURR RIDGE IL 60527,
dupage,0936210015,2015-11-30,200000.0,R2015-131822,warranty,true,[],mydec,https://illinois-edp.data.socrata.com/resource/it54-y4c6.json,2026-04-25 23:41:20.922775,2,"7958 S GARFIELD AVE # 107 BURR RIDGE IL 60521",
dupage,0925204006,2015-11-30,230000.0,R2015-132794,warranty,true,[],mydec,https://illinois-edp.data.socrata.com/resource/it54-y4c6.json,2026-04-25 23:41:20.922845,2,7210 S ELM ST BURR RIDGE IL 60527,
dupage,1001100029,2015-12-09,721750.0,R2016-002943,warranty,true,[],mydec,https://illinois-edp.data.socrata.com/resource/it54-y4c6.json,2026-04-25 23:41:20.923087,2,8725 MADISON ST BURR RIDGE IL 60527,
dupage,0936204010,2015-12-15,420000.0,R2015-138526,warranty,true,[],mydec,https://illinois-edp.data.socrata.com/resource/it54-y4c6.json,2026-04-25 23:41:20.923209,2,8205 GARFIELD AVE BURR RIDGE IL 60527,
dupage,0925405001,2016-01-07,440000.0,R2016-017604,warranty,true,[],mydec,https://illinois-edp.data.socrata.com/resource/it54-y4c6.json,2026-04-25 23:41:20.923645,2,7701 DREW AVE BURR RIDGE IL 60527,
dupage,1011201002,2016-01-19,231000.0,R2016-010298,warranty,true,[],mydec,https://illinois-edp.data.socrata.com/resource/it54-y4c6.json,2026-04-25 23:41:20.923956,2,16W361 95TH PL BURR RIDGE IL 60527,
dupage,0936200013,2016-01-29,237000.0,R2016-016962,warranty,true,[],mydec,https://illinois-edp.data.socrata.com/resource/it54-y4c6.json,2026-04-25 23:41:20.924256,2,7912 S GARFIELD AVE BURR RIDGE IL 60527,
dupage,0925207008,2016-02-26,160000.0,R2016-025178,warranty,true,[],mydec,https://illinois-edp.data.socrata.com/resource/it54-y4c6.json,2026-04-25 23:41:20.92546,2,7340 S HAMILTON AVE BURR RIDGE IL 60527,
dupage,0925211004,2016-03-01,2550000.0,R2016-020021,warranty,true,[],mydec,https://illinois-edp.data.socrata.com/resource/it54-y4c6.json,2026-04-25 23:41:20.925702,2,200 FRONTAGE RD WILLOWBROOK IL 60527,
dupage,1001403011,2016-03-10,410000.0,R2016-025684,warranty,true,[],mydec,https://illinois-edp.data.socrata.com/resource/it54-y4c6.json,2026-04-25 23:41:20.926291,2,15W081 91ST ST BURR RIDGE IL 60527,
dupage,0936104061,2016-03-24,535000.0,R2016-030166,warranty,true,[],mydec,https://illinois-edp.data.socrata.com/resource/it54-y4c6.json,2026-04-25 23:41:20.927267,2,59 PINE TREE LN BURR RIDGE IL 60521,
dupage,0925111038,2016-04-05,315000.0,R2016-038600,warranty,true,[],mydec,https://illinois-edp.data.socrata.com/resource/it54-y4c6.json,2026-04-25 23:41:20.927891,2,119 CHESTNUT HILLS BURR RIDGE IL 60527,
dupage,0936302012,2016-04-06,445000.0,R2016-042538,warranty,true,[],mydec,https://illinois-edp.data.socrata.com/resource/it54-y4c6.json,2026-04-25 23:41:20.92796,2,8460 CLYNDERVEN RD BURR RIDGE IL 60527,
dupage,0924308008,2016-04-21,4125000.0,R2016-039699,warranty,true,[],mydec,https://illinois-edp.data.socrata.com/resource/it54-y4c6.json,2026-04-25 23:41:20.928836,2,7040 HIGH GROVE BLVD BURR RIDGE IL 60527,
dupage,0936209036,2016-04-28,165000.0,R2016-043939,warranty,true,[],mydec,https://illinois-edp.data.socrata.com/resource/it54-y4c6.json,2026-04-25 23:41:20.929313,2,"8078 GARFIELD AVE # 4 BURR RIDGE IL 60527",
dupage,1001208001,2016-04-29,765000.0,R2016-060375,warranty,true,[],mydec,https://illinois-edp.data.socrata.com/resource/it54-y4c6.json,2026-04-25 23:41:20.929484,2,8963 ENCLAVE DR BURR RIDGE IL 60527,
dupage,0913408020,2016-05-02,1000000.0,R2016-050779,warranty,true,[],mydec,https://illinois-edp.data.socrata.com/resource/it54-y4c6.json,2026-04-25 23:41:20.929619,2,401 BURR RIDGE CLUB BURR RIDGE IL 60527,
dupage,1002409029,2016-05-11,1450000.0,R2016-056046,warranty,true,[],mydec,https://illinois-edp.data.socrata.com/resource/it54-y4c6.json,2026-04-25 23:41:20.930137,2,9465 FALLING WATERS W BURR RIDGE IL 60527,
dupage,0935403030,2016-05-23,2925000.0,R2016-052739,warranty,true,[],mydec,https://illinois-edp.data.socrata.com/resource/it54-y4c6.json,2026-04-25 23:41:25.708854,2,8320 S MADISON ST BURR RIDGE IL 60527,
dupage,1002403024,2016-05-27,280000.0,R2016-073763,warranty,true,[],mydec,https://illinois-edp.data.socrata.com/resource/it54-y4c6.json,2026-04-25 23:41:25.70922,2,16W270 94TH PL BURR RIDGE IL 60527,
dupage,1002211002,2016-06-15,1875000.0,R2016-067165,warranty,true,[],mydec,https://illinois-edp.data.socrata.com/resource/it54-y4c6.json,2026-04-25 23:41:25.710195,2,16W122 91ST ST BURR RIDGE IL 60527,
dupage,0936209061,2016-06-22,170000.0,R2016-075603,warranty,true,[],mydec,https://illinois-edp.data.socrata.com/resource/it54-y4c6.json,2026-04-25 23:41:25.710566,2,"7982 GARFIELD AVE # 16-1 BURR RIDGE IL 60527",
dupage,0913308006,2016-06-30,1285000.0,R2016-075016,warranty,true,[],mydec,https://illinois-edp.data.socrata.com/resource/it54-y4c6.json,2026-04-25 23:41:25.711166,2,11 CLUBSIDE CT BURR RIDGE IL 60527,
dupage,0913400003,2016-07-15,2200000.0,R2016-075635,warranty,true,[],mydec,https://illinois-edp.data.socrata.com/resource/it54-y4c6.json,2026-04-25 23:41:25.711951,2,15W344 60TH ST BURR RIDGE IL 60527,
dupage,0936109066,2016-07-21,650000.0,R2016-107151,warranty,true,[],mydec,https://illinois-edp.data.socrata.com/resource/it54-y4c6.json,2026-04-25 23:41:25.71261,2,66 BERKSHIRE CT BURR RIDGE IL 60527,
dupage,1001100031,2016-08-19,820000.0,R2016-089223,warranty,true,[],mydec,https://illinois-edp.data.socrata.com/resource/it54-y4c6.json,2026-04-25 23:41:25.715025,2,8730 POLO RIDGE CT BURR RIDGE IL 60527,
dupage,0936103024,2016-08-22,160000.0,R2016-115854,warranty,true,[],mydec,https://illinois-edp.data.socrata.com/resource/it54-y4c6.json,2026-04-25 23:41:25.715163,2,15W780 83RD ST BURR RIDGE IL 60521,
dupage,0925111068,2016-09-30,315000.0,R2016-108229,warranty,true,[],mydec,https://illinois-edp.data.socrata.com/resource/it54-y4c6.json,2026-04-25 23:42:08.053171,2,112 CHESTNUT HILL CIR BURR RIDGE IL 60527,
dupage,0936204010,2016-10-03,595000.0,R2016-111358,warranty,true,[],mydec,https://illinois-edp.data.socrata.com/resource/it54-y4c6.json,2026-04-25 23:42:08.053298,2,8205 GARFIELD AVE BURR RIDGE IL 60527,
dupage,1001308042,2016-10-11,475000.0,R2016-115820,warranty,true,[],mydec,https://illinois-edp.data.socrata.com/resource/it54-y4c6.json,2026-04-25 23:42:08.053475,2,31 PIN OAK CT BURR RIDGE IL 60527,
dupage,0925401017,2016-11-09,962000.0,R2016-126629,warranty,true,[],mydec,https://illinois-edp.data.socrata.com/resource/it54-y4c6.json,2026-04-25 23:42:08.054275,2,7512 DREW AVE BURR RIDGE IL 60527,
dupage,0936404039,2016-11-10,780000.0,R2016-125070,warranty,true,[],mydec,https://illinois-edp.data.socrata.com/resource/it54-y4c6.json,2026-04-25 23:42:08.054327,2,35 HIDDEN LAKE DR BURR RIDGE IL 60527,
dupage,0936403011,2016-11-28,625000.0,R2017-000500,warranty,true,[],mydec,https://illinois-edp.data.socrata.com/resource/it54-y4c6.json,2026-04-25 23:42:08.054702,2,8462 HEATHER CT BURR RIDGE IL 60527,
dupage,1001107017,2016-11-29,660000.0,R2016-133001,warranty,true,[],mydec,https://illinois-edp.data.socrata.com/resource/it54-y4c6.json,2026-04-25 23:42:08.054734,2,8712 AINTREE LN BURR RIDGE IL 60527,
dupage,0936311034,2016-12-07,560000.0,R2016-139698,warranty,true,[],mydec,https://illinois-edp.data.socrata.com/resource/it54-y4c6.json,2026-04-25 23:42:08.054968,2,8514 CLYNDERVEN RD BURR RIDGE IL 60527,
dupage,1001104023,2016-12-08,1250000.0,R2016-141055,warranty,true,[],mydec,https://illinois-edp.data.socrata.com/resource/it54-y4c6.json,2026-04-25 23:42:08.054994,2,15W599 89TH ST BURR RIDGE IL 60527,
dupage,0936106012,2016-12-12,510625.0,R2016-144867,warranty,true,[],mydec,https://illinois-edp.data.socrata.com/resource/it54-y4c6.json,2026-04-25 23:42:08.055082,2,8200 RIDGEPOINT DR BURR RIDGE IL 60527,
dupage,1001406017,2016-12-22,425000.0,R2017-002816,warranty,true,[],mydec,https://illinois-edp.data.socrata.com/resource/it54-y4c6.json,2026-04-25 23:42:08.055403,2,23 RODEO DR BURR RIDGE IL 60527,
dupage,1001307022,2016-12-26,910000.0,R2017-001765,warranty,true,[],mydec,https://illinois-edp.data.socrata.com/resource/it54-y4c6.json,2026-04-25 23:42:08.055462,2,4 DEVON RIDGE CT BURR RIDGE IL 60527,
dupage,0936305002,2016-12-28,450000.0,R2016-144276,warranty,true,[],mydec,https://illinois-edp.data.socrata.com/resource/it54-y4c6.json,2026-04-25 23:42:08.05553,2,8349 WALREDON AVE BURR RIDGE IL 60527,
dupage,1001104014,2017-01-20,300000.0,R2017-010588,warranty,true,[],mydec,https://illinois-edp.data.socrata.com/resource/it54-y4c6.json,2026-04-25 23:42:08.056066,2,15W601 89TH ST HINSDALE IL 60521,
dupage,0935203014,2017-02-09,2160000.0,R2017-016052,warranty,true,[],mydec,https://illinois-edp.data.socrata.com/resource/it54-y4c6.json,2026-04-25 23:42:08.056566,2,224 SHORE CT BURR RIDGE IL 60527,
dupage,1001401035,2017-02-17,210000.0,R2017-019305,warranty,true,[],mydec,https://illinois-edp.data.socrata.com/resource/it54-y4c6.json,2026-04-25 23:42:08.056772,2,9265 FOREST EDGE LN BURR RIDGE IL 60527,
dupage,0936304054,2017-02-27,490000.0,R2017-023252,warranty,true,[],mydec,https://illinois-edp.data.socrata.com/resource/it54-y4c6.json,2026-04-25 23:42:08.05708,2,8512 WALREDON AVE BURR RIDGE IL 60521,
dupage,0913307001,2017-03-06,1075000.0,R2017-023458,warranty,true,[],mydec,https://illinois-edp.data.socrata.com/resource/it54-y4c6.json,2026-04-25 23:42:08.057369,2,6101 WILDWOOD LN BURR RIDGE IL 60521,
dupage,0936406007,2017-03-23,540000.0,R2017-029694,warranty,true,[],mydec,https://illinois-edp.data.socrata.com/resource/it54-y4c6.json,2026-04-25 23:42:34.275381,2,8617 HEATHER DR BURR RIDGE IL 60521,
dupage,0936200037,2017-03-23,415000.0,R2017-054306,warranty,true,[],mydec,https://illinois-edp.data.socrata.com/resource/it54-y4c6.json,2026-04-25 23:42:34.275411,2,367 OLD OAK CT BURR RIDGE IL 60527,
dupage,0925304010,2017-03-29,511500.0,R2017-032334,warranty,true,[],mydec,https://illinois-edp.data.socrata.com/resource/it54-y4c6.json,2026-04-25 23:42:34.275583,2,7728 S GRANT ST BURR RIDGE IL 60527,
dupage,1001406014,2017-04-05,505000.0,R2017-034521,warranty,true,[],mydec,https://illinois-edp.data.socrata.com/resource/it54-y4c6.json,2026-04-25 23:42:34.275872,2,20 RODEO DR BURR RIDGE IL 60521,
dupage,1001106034,2017-04-26,840000.0,R2017-048614,warranty,true,[],mydec,https://illinois-edp.data.socrata.com/resource/it54-y4c6.json,2026-04-25 23:42:34.276708,2,5 TODOR CT BURR RIDGE IL 60527,
dupage,0924205005,2017-04-27,1150000.0,R2017-051355,warranty,true,[],mydec,https://illinois-edp.data.socrata.com/resource/it54-y4c6.json,2026-04-25 23:42:34.276757,2,6951 FIELDSTONE DR BURR RIDGE IL 60527,
dupage,0913403029,2017-04-28,1470000.0,R2017-043241,warranty,true,[],mydec,https://illinois-edp.data.socrata.com/resource/it54-y4c6.json,2026-04-25 23:42:34.27687,2,15W252 62ND ST BURR RIDGE IL 60527,
dupage,1002403011,2017-05-01,249000.0,R2017-048144,warranty,true,[],mydec,https://illinois-edp.data.socrata.com/resource/it54-y4c6.json,2026-04-25 23:42:34.276947,2,16W281 94TH ST BURR RIDGE IL 60527,
dupage,0936304039,2017-05-08,630000.0,R2017-050304,warranty,true,[],mydec,https://illinois-edp.data.socrata.com/resource/it54-y4c6.json,2026-04-25 23:42:34.277229,2,8498 WALREDON AVE BURR RIDGE IL 60527,
dupage,0913302038,2017-05-11,1000000.0,R2017-050354,warranty,true,[],mydec,https://illinois-edp.data.socrata.com/resource/it54-y4c6.json,2026-04-25 23:42:34.27742,2,2 RIDGE FARM RD BURR RIDGE IL 60527,
dupage,0936206015,2017-05-18,772500.0,R2017-051746,warranty,true,[],mydec,https://illinois-edp.data.socrata.com/resource/it54-y4c6.json,2026-04-25 23:42:34.277764,2,8201 KATHRYN CT BURR RIDGE IL 60527,
dupage,0925400007,2017-05-26,330000.0,R2018-004634,warranty,true,[],mydec,https://illinois-edp.data.socrata.com/resource/it54-y4c6.json,2026-04-25 23:42:52.18991,2,7606 HAMILTON AVE BURR RIDGE IL 60527,
dupage,0936104034,2017-05-31,517500.0,R2017-060828,warranty,true,[],mydec,https://illinois-edp.data.socrata.com/resource/it54-y4c6.json,2026-04-25 23:42:52.190112,2,26 PINE TREE LN BURR RIDGE IL 60527,
dupage,1001301006,2017-06-08,420000.0,R2017-058102,warranty,true,[],mydec,https://illinois-edp.data.socrata.com/resource/it54-y4c6.json,2026-04-25 23:42:52.190574,2,10S571 MADISON ST BURR RIDGE IL 60521,
dupage,0936403003,2017-06-16,338000.0,R2017-064041,warranty,true,[],mydec,https://illinois-edp.data.socrata.com/resource/it54-y4c6.json,2026-04-25 23:42:52.19101,2,364 TAMERTON PKWY BURR RIDGE IL 60527,
dupage,1001203006,2017-06-19,520000.0,R2017-063433,warranty,true,[],mydec,https://illinois-edp.data.socrata.com/resource/it54-y4c6.json,2026-04-25 23:42:52.19111,2,4 BRIDLE CT BURR RIDGE IL 60521,
dupage,0925111024,2017-06-19,365900.0,R2017-070382,warranty,true,[],mydec,https://illinois-edp.data.socrata.com/resource/it54-y4c6.json,2026-04-25 23:42:52.191118,2,107 CHESTNUT HILLS BURR RIDGE IL 60527,
dupage,0924200034,2017-06-30,402500.0,R2017-074067,warranty,true,[],mydec,https://illinois-edp.data.socrata.com/resource/it54-y4c6.json,2026-04-25 23:42:52.191887,2,15W250 PLAINFIELD RD BURR RIDGE IL 60527,
dupage,0936404047,2017-07-06,1125000.0,R2017-076781,warranty,true,[],mydec,https://illinois-edp.data.socrata.com/resource/it54-y4c6.json,2026-04-25 23:42:52.192046,2,9 HIDDEN LAKE DR BURR RIDGE IL 60527,
dupage,0936307002,2017-07-06,485000.0,R2017-076682,warranty,true,[],mydec,https://illinois-edp.data.socrata.com/resource/it54-y4c6.json,2026-04-25 23:42:52.192067,2,424 KIRKWOOD CV BURR RIDGE IL 60527,
dupage,1001209012,2017-07-08,335000.0,R2017-076001,warranty,true,[],mydec,https://illinois-edp.data.socrata.com/resource/it54-y4c6.json,2026-04-25 23:42:52.192186,2,6 SHENANDOAH CT BURR RIDGE IL 60527,
dupage,1002404011,2017-07-17,420000.0,R2017-074363,warranty,true,[],mydec,https://illinois-edp.data.socrata.com/resource/it54-y4c6.json,2026-04-25 23:42:52.192558,2,16W280 94TH PL BURR RIDGE IL 60527,
dupage,1001109015,2017-07-30,472500.0,R2017-084214,warranty,true,[],mydec,https://illinois-edp.data.socrata.com/resource/it54-y4c6.json,2026-04-25 23:42:55.258417,2,8 MORGAN CT BURR RIDGE IL 60527,
dupage,0924309006,2017-08-11,6000000.0,R2017-084735,warranty,true,[],mydec,https://illinois-edp.data.socrata.com/resource/it54-y4c6.json,2026-04-25 23:42:55.259207,2,7055 BURR RIDGE BLVD WILLOWBROOK IL 60527,
dupage,1001302073,2017-08-17,605000.0,R2017-092032,warranty,true,[],mydec,https://illinois-edp.data.socrata.com/resource/it54-y4c6.json,2026-04-25 23:42:55.259484,2,9101 DEVON RIDGE DR BURR RIDGE IL 60527,
dupage,0936209052,2017-08-26,162500.0,R2017-092847,warranty,true,[],mydec,https://illinois-edp.data.socrata.com/resource/it54-y4c6.json,2026-04-25 23:42:55.25991,2,"7994 GARFIELD AVE # 13-4 BURR RIDGE IL 60527",
dupage,1001304018,2017-08-29,670000.0,R2017-092792,warranty,true,[],mydec,https://illinois-edp.data.socrata.com/resource/it54-y4c6.json,2026-04-25 23:42:55.260004,2,725 PROVENCAL DR BURR RIDGE IL 60527,
dupage,1001401058,2017-09-07,879000.0,R2017-095122,warranty,true,[],mydec,https://illinois-edp.data.socrata.com/resource/it54-y4c6.json,2026-04-25 23:42:55.260406,2,9227 GARFIELD AVE BURR RIDGE IL 60527,
dupage,0925202005,2017-09-12,94000.0,R2017-098148,warranty,true,[],mydec,https://illinois-edp.data.socrata.com/resource/it54-y4c6.json,2026-04-25 23:42:55.260587,2,7239 GIDDINGS AVE BURR RIDGE IL 60527,
dupage,0925202004,2017-09-12,310000.0,R2017-098146,warranty,true,[],mydec,https://illinois-edp.data.socrata.com/resource/it54-y4c6.json,2026-04-25 23:42:55.260593,2,7239 GIDDINGS AVE BURR RIDGE IL 60521,
dupage,1001105007,2017-09-15,575000.0,R2017-101842,warranty,true,[],mydec,https://illinois-edp.data.socrata.com/resource/it54-y4c6.json,2026-04-25 23:42:55.260735,2,8749 AINTREE LN BURR RIDGE IL 60527,
dupage,1001308025,2017-09-29,369000.0,R2017-106506,warranty,true,[],mydec,https://illinois-edp.data.socrata.com/resource/it54-y4c6.json,2026-04-25 23:42:55.261294,2,50 OAK CREEK DR BURR RIDGE IL 60527,
dupage,0925403013,2017-10-11,350000.0,R2017-111106,warranty,true,[],mydec,https://illinois-edp.data.socrata.com/resource/it54-y4c6.json,2026-04-25 23:42:55.261658,2,311 79TH ST BURR RIDGE IL 60527,
dupage,1011200014,2017-10-12,521000.0,R2017-109023,warranty,true,[],mydec,https://illinois-edp.data.socrata.com/resource/it54-y4c6.json,2026-04-25 23:42:55.261706,2,16W280 95TH PL BURR RIDGE IL 60527,
dupage,0936310014,2017-10-19,675000.0,R2017-114400,warranty,true,[],mydec,https://illinois-edp.data.socrata.com/resource/it54-y4c6.json,2026-04-25 23:42:58.463426,2,8473 KIMBERLY CT BURR RIDGE IL 60521,
dupage,0936304055,2017-10-24,560000.0,R2017-113742,warranty,true,[],mydec,https://illinois-edp.data.socrata.com/resource/it54-y4c6.json,2026-04-25 23:42:58.4637,2,8500 WALREDON AVE BURR RIDGE IL 60527,
dupage,1011207020,2017-10-25,1350000.0,R2017-112251,warranty,true,[],mydec,https://illinois-edp.data.socrata.com/resource/it54-y4c6.json,2026-04-25 23:42:58.463751,2,9515 FALLING WATERS BURR RIDGE IL 60527,
dupage,0925401025,2017-11-09,860000.0,R2017-121236,warranty,true,[],mydec,https://illinois-edp.data.socrata.com/resource/it54-y4c6.json,2026-04-25 23:42:58.464576,2,7620 DREW AVE BURR RIDGE IL 60527,
dupage,0913303016,2017-11-10,335000.0,R2017-121271,warranty,true,[],mydec,https://illinois-edp.data.socrata.com/resource/it54-y4c6.json,2026-04-25 23:42:58.464625,2,15W522 63RD ST BURR RIDGE IL 60521,
dupage,0924408001,2017-11-22,330000.0,R2017-121656,warranty,true,[],mydec,https://illinois-edp.data.socrata.com/resource/it54-y4c6.json,2026-04-25 23:42:58.46506,2,"7055 VETERANS BLVD # A BURR RIDGE IL 60527",
dupage,0925107056,2017-11-30,250000.0,R2017-124427,warranty,true,[],mydec,https://illinois-edp.data.socrata.com/resource/it54-y4c6.json,2026-04-25 23:42:58.465294,2,15W640 74TH ST BURR RIDGE IL 60527,
dupage,0913400032,2017-12-08,1050000.0,R2017-126859,warranty,true,[],mydec,https://illinois-edp.data.socrata.com/resource/it54-y4c6.json,2026-04-25 23:42:58.465585,2,15W330 60TH ST BURR RIDGE IL 60527,
dupage,0936408009,2017-12-27,705000.0,R2018-001443,warranty,true,[],mydec,https://illinois-edp.data.socrata.com/resource/it54-y4c6.json,2026-04-25 23:42:58.46618,2,37 FAWN CT BURR RIDGE IL 60527,
dupage,0924401009,2017-12-29,500000.0,R2018-002505,warranty,true,[],mydec,https://illinois-edp.data.socrata.com/resource/it54-y4c6.json,2026-04-25 23:42:58.466302,2,6706 FIELDSTONE DR BURR RIDGE IL 60527,
dupage,0924201026,2018-01-02,3356000.0,R2018-002586,warranty,true,[],mydec,https://illinois-edp.data.socrata.com/resource/it54-y4c6.json,2026-04-25 23:42:58.466362,2,89 S CABERNET CT BURR RIDGE IL 60527,
dupage,0935402038,2018-01-20,1050000.0,R2018-024262,warranty,true,[],mydec,https://illinois-edp.data.socrata.com/resource/it54-y4c6.json,2026-04-25 23:42:58.466798,2,8501 TIMBER RIDGE DR BURR RIDGE IL 60527,
dupage,0925303018,2018-01-23,5050000.0,R2018-009567,warranty,true,[],mydec,https://illinois-edp.data.socrata.com/resource/it54-y4c6.json,2026-04-25 23:42:58.466838,2,412 ROCKWELL CT BURR RIDGE IL 60527,
dupage,1001401055,2018-02-09,225000.0,R2018-013887,warranty,true,[],mydec,https://illinois-edp.data.socrata.com/resource/it54-y4c6.json,2026-04-25 23:43:09.134494,2,9161 GARFIELD AVE BURR RIDGE IL 60527,
dupage,0913301042,2018-02-26,740000.0,R2018-029450,warranty,true,[],mydec,https://illinois-edp.data.socrata.com/resource/it54-y4c6.json,2026-04-25 23:43:09.134948,2,573 60TH PL BURR RIDGE IL 60527,
dupage,0935402053,2018-02-28,1175000.0,R2018-021608,warranty,true,[],mydec,https://illinois-edp.data.socrata.com/resource/it54-y4c6.json,2026-04-25 23:43:09.135092,2,8425 MEADOWBROOK DR BURR RIDGE IL 60527,
dupage,1001403006,2018-03-07,260000.0,R2018-073772,warranty,true,[],mydec,https://illinois-edp.data.socrata.com/resource/it54-y4c6.json,2026-04-25 23:43:09.135344,2,10S521 DREW AVE BURR RIDGE IL 60527,
dupage,1002409031,2018-03-16,250000.0,R2018-024983,warranty,true,[],mydec,https://illinois-edp.data.socrata.com/resource/it54-y4c6.json,2026-04-25 23:43:09.135654,2,9476 FALLING WATERS BURR RIDGE IL 60527,
dupage,0913308018,2018-03-23,1455000.0,R2018-026906,warranty,true,[],mydec,https://illinois-edp.data.socrata.com/resource/it54-y4c6.json,2026-04-25 23:43:09.135953,2,12 ANDREW CT BURR RIDGE IL 60527,
dupage,0913301002,2018-03-26,1075000.0,R2018-030331,warranty,true,[],mydec,https://illinois-edp.data.socrata.com/resource/it54-y4c6.json,2026-04-25 23:43:09.136052,2,134 W 59TH ST BURR RIDGE IL 60527,
dupage,0925111005,2018-03-29,381000.0,R2018-035528,warranty,true,[],mydec,https://illinois-edp.data.socrata.com/resource/it54-y4c6.json,2026-04-25 23:43:09.136236,2,7310 CHESTNUT HILLS BURR RIDGE IL 60527,
dupage,0936406017,2018-04-13,605000.0,R2018-032979,warranty,true,[],mydec,https://illinois-edp.data.socrata.com/resource/it54-y4c6.json,2026-04-25 23:43:09.136833,2,105 LAKEWOOD CIR BURR RIDGE IL 60521,
dupage,0924405030,2018-04-23,6000000.0,R2018-037688,warranty,true,[],mydec,https://illinois-edp.data.socrata.com/resource/it54-y4c6.json,2026-04-25 23:43:09.137305,2,15W060 N FRONTAGE RD BURR RIDGE IL 60527,
dupage,0936304043,2018-04-24,515000.0,R2018-039636,warranty,true,[],mydec,https://illinois-edp.data.socrata.com/resource/it54-y4c6.json,2026-04-25 23:43:09.137368,2,8513 CLYNDERVEN RD BURR RIDGE IL 60527,
dupage,0936311031,2018-05-03,511400.0,R2018-051870,warranty,true,[],mydec,https://illinois-edp.data.socrata.com/resource/it54-y4c6.json,2026-04-25 23:43:13.222338,2,561 87TH ST BURR RIDGE IL 60527,
dupage,0936106014,2018-05-11,621500.0,R2018-045179,warranty,true,[],mydec,https://illinois-edp.data.socrata.com/resource/it54-y4c6.json,2026-04-25 23:43:13.222778,2,8240 RIDGEPOINT DR BURR RIDGE IL 60527,
dupage,0925203009,2018-05-16,175000.0,R2018-043592,warranty,true,[],mydec,https://illinois-edp.data.socrata.com/resource/it54-y4c6.json,2026-04-25 23:43:13.223145,2,7240 HAMILTON AVE BURR RIDGE IL 60521,
dupage,0925304012,2018-05-26,269300.0,R2018-052031,warranty,true,[],mydec,https://illinois-edp.data.socrata.com/resource/it54-y4c6.json,2026-04-25 23:43:13.22376,2,7736 S GRANT ST BURR RIDGE IL 60527,
dupage,1001308017,2018-05-31,397000.0,R2018-053159,warranty,true,[],mydec,https://illinois-edp.data.socrata.com/resource/it54-y4c6.json,2026-04-25 23:43:13.223999,2,42 OAK CREEK CT BURR RIDGE IL 60527,
dupage,0925302016,2018-06-05,4903750.0,R2018-050254,warranty,true,[],mydec,https://illinois-edp.data.socrata.com/resource/it54-y4c6.json,2026-04-25 23:43:13.224289,2,7600 GRANT ST BURR RIDGE IL 60521,
dupage,0925104001,2018-06-28,490000.0,R2018-060792,warranty,true,[],mydec,https://illinois-edp.data.socrata.com/resource/it54-y4c6.json,2026-04-25 23:43:17.866804,2,15W761 74TH ST BURR RIDGE IL 60527,
dupage,0936206015,2018-06-29,735000.0,R2018-063065,warranty,true,[],mydec,https://illinois-edp.data.socrata.com/resource/it54-y4c6.json,2026-04-25 23:43:17.866952,2,8201 KATHRYN CT BURR RIDGE IL 60527,
dupage,0913408043,2018-07-02,1500000.0,R2018-065712,warranty,true,[],mydec,https://illinois-edp.data.socrata.com/resource/it54-y4c6.json,2026-04-25 23:43:17.867059,2,1502 BURR RIDGE CLB BURR RIDGE IL 60527,
dupage,0913408035,2018-07-02,1300000.0,R2018-065690,warranty,true,[],mydec,https://illinois-edp.data.socrata.com/resource/it54-y4c6.json,2026-04-25 23:43:17.867089,2,1203 BURR RIDGE CLB BURR RIDGE IL 60527,
dupage,1001302028,2018-07-16,640000.0,R2018-076302,warranty,true,[],mydec,https://illinois-edp.data.socrata.com/resource/it54-y4c6.json,2026-04-25 23:43:17.86769,2,111 OAK RIDGE DR E BURR RIDGE IL 60527,
dupage,1001308027,2018-07-17,385000.0,R2018-075117,warranty,true,[],mydec,https://illinois-edp.data.socrata.com/resource/it54-y4c6.json,2026-04-25 23:43:17.867789,2,52 OAK CREEK DR BURR RIDGE IL 60527,
dupage,0936209056,2018-07-31,169500.0,R2018-071739,warranty,true,[],mydec,https://illinois-edp.data.socrata.com/resource/it54-y4c6.json,2026-04-25 23:43:17.868472,2,"7990 GARFIELD AVE # 14-4 BURR RIDGE IL 60527",
dupage,1001304010,2018-08-01,450000.0,R2018-075209,warranty,true,[],mydec,https://illinois-edp.data.socrata.com/resource/it54-y4c6.json,2026-04-25 23:43:17.868538,2,760 94TH ST BURR RIDGE IL 60527,
dupage,0924201029,2018-08-06,555000.0,R2018-074390,warranty,true,[],mydec,https://illinois-edp.data.socrata.com/resource/it54-y4c6.json,2026-04-25 23:43:17.868714,2,53 S CABERNET CT BURR RIDGE IL 60527,
dupage,0924206020,2018-08-13,890000.0,R2018-076180,warranty,true,[],mydec,https://illinois-edp.data.socrata.com/resource/it54-y4c6.json,2026-04-25 23:43:17.869009,2,604 KENMARE DR BURR RIDGE IL 60521,
dupage,0913300081,2018-08-15,450000.0,R2018-080612,warranty,true,[],mydec,https://illinois-edp.data.socrata.com/resource/it54-y4c6.json,2026-04-25 23:43:17.869103,2,6059 S MADISON ST BURR RIDGE IL 60527,
dupage,0913404034,2018-08-17,1750000.0,R2018-079961,warranty,true,[],mydec,https://illinois-edp.data.socrata.com/resource/it54-y4c6.json,2026-04-25 23:43:17.869246,2,6273 GARFIELD AVE BURR RIDGE IL 60527,
dupage,0936310007,2018-08-20,540000.0,R2018-080644,warranty,true,[],mydec,https://illinois-edp.data.socrata.com/resource/it54-y4c6.json,2026-04-25 23:43:17.869335,2,8448 KIMBERLY CT BURR RIDGE IL 60527,
dupage,0925111018,2018-08-28,310000.0,R2018-084380,warranty,true,[],mydec,https://illinois-edp.data.socrata.com/resource/it54-y4c6.json,2026-04-25 23:43:22.20831,2,7205 CHESTNUT HILLS BURR RIDGE IL 60521,
dupage,0924209003,2018-09-10,880000.0,R2018-088975,warranty,true,[],mydec,https://illinois-edp.data.socrata.com/resource/it54-y4c6.json,2026-04-25 23:43:22.20902,2,1201 KENMARE DR BURR RIDGE IL 60527,
dupage,1001302001,2018-09-13,419000.0,R2018-088498,warranty,true,[],mydec,https://illinois-edp.data.socrata.com/resource/it54-y4c6.json,2026-04-25 23:43:22.209272,2,10S415 GLENN DR BURR RIDGE IL 60527,
dupage,0925111048,2018-09-25,405000.0,R2018-096416,warranty,true,[],mydec,https://illinois-edp.data.socrata.com/resource/it54-y4c6.json,2026-04-25 23:43:22.209823,2,136 CHESTNUT HILLS BURR RIDGE IL 60527,
dupage,0925400003,2018-09-28,275000.0,R2018-094924,warranty,true,[],mydec,https://illinois-edp.data.socrata.com/resource/it54-y4c6.json,2026-04-25 23:43:22.210047,2,7512 HAMILTON AVE BURR RIDGE IL 60527,
dupage,0925205011,2018-09-28,180000.0,R2018-096411,warranty,true,[],mydec,https://illinois-edp.data.socrata.com/resource/it54-y4c6.json,2026-04-25 23:43:22.210051,2,7350 GIDDINGS AVE BURR RIDGE IL 60527,
dupage,1001207009,2018-10-03,560000.0,R2018-096838,warranty,true,[],mydec,https://illinois-edp.data.socrata.com/resource/it54-y4c6.json,2026-04-25 23:43:22.210213,2,8941 ROYAL DR BURR RIDGE IL 60527,
dupage,1001109012,2018-10-08,546000.0,R2018-098221,warranty,true,[],mydec,https://illinois-edp.data.socrata.com/resource/it54-y4c6.json,2026-04-25 23:43:22.210358,2,430 WESTMINSTER DR BURR RIDGE IL 60527,
dupage,1002403014,2018-10-09,330000.0,R2018-097737,warranty,true,[],mydec,https://illinois-edp.data.socrata.com/resource/it54-y4c6.json,2026-04-25 23:43:22.210394,2,16W253 94TH ST BURR RIDGE IL 60527,
dupage,0936405002,2018-10-15,533000.0,R2018-097353,warranty,true,[],mydec,https://illinois-edp.data.socrata.com/resource/it54-y4c6.json,2026-04-25 23:43:22.210637,2,8474 HEATHER DR BURR RIDGE IL 60527,
dupage,1001201035,2018-11-01,520000.0,R2018-103701,warranty,true,[],mydec,https://illinois-edp.data.socrata.com/resource/it54-y4c6.json,2026-04-25 23:43:22.211345,2,8870 S COUNTY LINE RD BURR RIDGE IL 60527,
dupage,0924308009,2018-11-20,4709850.0,R2018-109663,warranty,true,[],mydec,https://illinois-edp.data.socrata.com/resource/it54-y4c6.json,2026-04-25 23:43:36.197586,2,7050 HIGH GROVE BLVD BURR RIDGE IL 60521,
dupage,0925404023,2018-11-28,626000.0,R2018-111353,warranty,true,[],mydec,https://illinois-edp.data.socrata.com/resource/it54-y4c6.json,2026-04-25 23:43:36.197851,2,7816 DREW AVE BURR RIDGE IL 60527,
dupage,0936103015,2018-11-28,440000.0,R2018-111351,warranty,true,[],mydec,https://illinois-edp.data.socrata.com/resource/it54-y4c6.json,2026-04-25 23:43:36.197863,2,15W640 83RD ST BURR RIDGE IL 60521,
dupage,0924401038,2018-11-28,900000.0,R2018-112130,warranty,true,[],mydec,https://illinois-edp.data.socrata.com/resource/it54-y4c6.json,2026-04-25 23:43:36.197868,2,3 BRIDGET CT BURR RIDGE IL 60527,
dupage,0925111050,2018-12-10,363000.0,R2018-113485,warranty,true,[],mydec,https://illinois-edp.data.socrata.com/resource/it54-y4c6.json,2026-04-25 23:43:36.198333,2,132 CHESTNUT HILLS BURR RIDGE IL 60527,
dupage,0936104063,2018-12-13,542000.0,R2018-117517,warranty,true,[],mydec,https://illinois-edp.data.socrata.com/resource/it54-y4c6.json,2026-04-25 23:43:36.198477,2,55 PINE TREE LN BURR RIDGE IL 60521,
dupage,0913300021,2018-12-14,1015000.0,R2018-116490,warranty,true,[],mydec,https://illinois-edp.data.socrata.com/resource/it54-y4c6.json,2026-04-25 23:43:36.198514,2,216 W 59TH ST BURR RIDGE IL 60527,
dupage,0924204003,2019-01-22,900000.0,R2019-005249,warranty,true,[],mydec,https://illinois-edp.data.socrata.com/resource/it54-y4c6.json,2026-04-25 23:43:36.199576,2,6964 FIELDSTONE DR BURR RIDGE IL 60527,
dupage,1002403019,2019-01-24,215000.0,R2019-005937,warranty,true,[],mydec,https://illinois-edp.data.socrata.com/resource/it54-y4c6.json,2026-04-25 23:43:36.199657,2,16W350 94TH PL BURR RIDGE IL 60527,
dupage,0925205007,2019-01-29,160000.0,R2019-008642,warranty,true,[],mydec,https://illinois-edp.data.socrata.com/resource/it54-y4c6.json,2026-04-25 23:43:36.199776,2,7310 GIDDINGS AVE BURR RIDGE IL 60527,
dupage,0936109002,2019-01-30,435000.0,R2019-011062,warranty,true,[],mydec,https://illinois-edp.data.socrata.com/resource/it54-y4c6.json,2026-04-25 23:43:36.199809,2,2 BERKSHIRE LN BURR RIDGE IL 60527,
dupage,0936106009,2019-02-09,575000.0,R2019-013284,warranty,true,[],mydec,https://illinois-edp.data.socrata.com/resource/it54-y4c6.json,2026-04-25 23:43:36.200124,2,8150 RIDGEPOINTE DR BURR RIDGE IL 60527,
dupage,0936309003,2019-02-14,541000.0,R2019-015243,warranty,true,[],mydec,https://illinois-edp.data.socrata.com/resource/it54-y4c6.json,2026-04-25 23:43:36.200245,2,424 BENNACOTT LN BURR RIDGE IL 60527,
dupage,1001207080,2019-02-18,819000.0,R2019-014281,warranty,true,[],mydec,https://illinois-edp.data.socrata.com/resource/it54-y4c6.json,2026-04-25 23:43:36.200355,2,15W070 91ST ST BURR RIDGE IL 60527,
dupage,0925107023,2019-02-27,930000.0,R2019-014837,warranty,true,[],mydec,https://illinois-edp.data.socrata.com/resource/it54-y4c6.json,2026-04-25 23:43:36.200721,2,15W622 74TH ST BURR RIDGE IL 60527,
dupage,0936109013,2019-02-27,570000.0,R2019-014253,warranty,true,[],mydec,https://illinois-edp.data.socrata.com/resource/it54-y4c6.json,2026-04-25 23:43:36.200726,2,13 LAKE RIDGE CLUB CT BURR RIDGE IL 60527,
dupage,0925107046,2019-03-01,85000.0,R2019-015937,warranty,true,[],mydec,https://illinois-edp.data.socrata.com/resource/it54-y4c6.json,2026-04-25 23:43:36.20086,2,1 NORMANDEE CT WILLOWBROOK IL 60527,
dupage,1001302058,2019-03-05,570000.0,R2019-017016,warranty,true,[],mydec,https://illinois-edp.data.socrata.com/resource/it54-y4c6.json,2026-04-25 23:43:36.200964,2,134 CIRCLE RIDGE DR BURR RIDGE IL 60527,
dupage,1011201002,2019-03-07,235000.0,R2019-024540,warranty,true,[],mydec,https://illinois-edp.data.socrata.com/resource/it54-y4c6.json,2026-04-25 23:43:36.201024,2,16W361 95TH PL BURR RIDGE IL 60527,
dupage,0913403004,2019-03-25,3000000.0,R2019-025273,warranty,true,[],mydec,https://illinois-edp.data.socrata.com/resource/it54-y4c6.json,2026-04-25 23:43:43.592855,2,6130 S ELM ST BURR RIDGE IL 60527,
dupage,0925111059,2019-04-05,332000.0,R2019-027225,warranty,true,[],mydec,https://illinois-edp.data.socrata.com/resource/it54-y4c6.json,2026-04-25 23:43:43.593384,2,125 CHESTNUT HILL CR BURR RIDGE IL 60527,
dupage,0936109065,2019-04-11,532500.0,R2019-029936,warranty,true,[],mydec,https://illinois-edp.data.socrata.com/resource/it54-y4c6.json,2026-04-25 23:43:43.593646,2,65 BERKSHIRE CT BURR RIDGE IL 60527,
dupage,0936200041,2019-04-12,1070000.0,R2019-030046,warranty,true,[],mydec,https://illinois-edp.data.socrata.com/resource/it54-y4c6.json,2026-04-25 23:43:43.593715,2,302 OLD OAK CT WILLOWBROOK IL 60527,
dupage,0925111025,2019-04-15,300000.0,R2019-037651,warranty,true,[],mydec,https://illinois-edp.data.socrata.com/resource/it54-y4c6.json,2026-04-25 23:43:43.593818,2,7215 CHESTNUT HILLS BURR RIDGE IL 60527,
dupage,0935402025,2019-04-19,1000000.0,R2019-030849,warranty,true,[],mydec,https://illinois-edp.data.socrata.com/resource/it54-y4c6.json,2026-04-25 23:43:43.594057,2,8638 TIMBER RIDGE DR BURR RIDGE IL 60527,
dupage,1001308020,2019-04-23,480000.0,R2019-030076,warranty,true,[],mydec,https://illinois-edp.data.socrata.com/resource/it54-y4c6.json,2026-04-25 23:43:43.594188,2,45 OAK CREEK CT BURR RIDGE IL 60527,
dupage,0925111023,2019-05-13,410500.0,R2019-040410,warranty,true,[],mydec,https://illinois-edp.data.socrata.com/resource/it54-y4c6.json,2026-04-25 23:43:43.595254,2,105 CHESTNUT HILLS BURR RIDGE IL 60527,
dupage,0925303017,2019-05-15,662000.0,R2019-048149,warranty,true,[],mydec,https://illinois-edp.data.socrata.com/resource/it54-y4c6.json,2026-04-25 23:43:43.595415,2,405-09 HEATHROW CT BURR RIDGE IL 60527,
dupage,0936109064,2019-05-20,600000.0,R2019-050516,warranty,true,[],mydec,https://illinois-edp.data.socrata.com/resource/it54-y4c6.json,2026-04-25 23:43:43.595662,2,64 BERKSHIRE CT BURR RIDGE IL 60527,
dupage,1001207025,2019-05-22,700000.0,R2019-041932,warranty,true,[],mydec,https://illinois-edp.data.socrata.com/resource/it54-y4c6.json,2026-04-25 23:44:10.585752,2,8960 ENCLAVE DR BURR RIDGE IL 60527,
dupage,0924201030,2019-05-23,750000.0,R2019-048049,warranty,true,[],mydec,https://illinois-edp.data.socrata.com/resource/it54-y4c6.json,2026-04-25 23:44:10.585845,2,41 S CABERNET CT BURR RIDGE IL 60527,
dupage,1001302054,2019-05-24,710000.0,R2019-043883,warranty,true,[],mydec,https://illinois-edp.data.socrata.com/resource/it54-y4c6.json,2026-04-25 23:44:10.585905,2,126 CIRCLE RIDGE DR BURR RIDGE IL 60527,
dupage,0936300020,2019-05-24,511000.0,R2019-044347,warranty,true,[],mydec,https://illinois-edp.data.socrata.com/resource/it54-y4c6.json,2026-04-25 23:44:10.58594,2,664 CAMELOT DR BURR RIDGE IL 60527,
dupage,0936106002,2019-05-31,730000.0,R2019-042442,warranty,true,[],mydec,https://illinois-edp.data.socrata.com/resource/it54-y4c6.json,2026-04-25 23:44:10.58634,2,"15W345 81ST ST # 15W540 BURR RIDGE IL 60527",
dupage,0925111046,2019-06-03,395000.0,R2019-049597,warranty,true,[],mydec,https://illinois-edp.data.socrata.com/resource/it54-y4c6.json,2026-04-25 23:44:10.586469,2,140 CHESTNUTHILL CIR BURR RIDGE IL 60527,
dupage,1001301013,2019-06-03,395000.0,R2019-050251,warranty,true,[],mydec,https://illinois-edp.data.socrata.com/resource/it54-y4c6.json,2026-04-25 23:44:10.586508,2,10S550 GLENN DR BURR RIDGE IL 60527,
dupage,1001307005,2019-06-13,827000.0,R2019-047474,warranty,true,[],mydec,https://illinois-edp.data.socrata.com/resource/it54-y4c6.json,2026-04-25 23:44:10.587134,2,117 CIRCLE RIDGE DR BURR RIDGE IL 60527,
dupage,0925207004,2019-06-17,219000.0,R2019-065431,warranty,true,[],mydec,https://illinois-edp.data.socrata.com/resource/it54-y4c6.json,2026-04-25 23:44:10.587349,2,7349 S PARK AVE BURR RIDGE IL 60527,
dupage,1002402001,2019-06-20,180000.0,R2019-093257,warranty,true,[],mydec,https://illinois-edp.data.socrata.com/resource/it54-y4c6.json,2026-04-25 23:44:10.587571,2,10S659 S JACKSON ST BURR RIDGE IL 60527,
dupage,0936209007,2019-06-24,245000.0,R2019-054392,warranty,true,[],mydec,https://illinois-edp.data.socrata.com/resource/it54-y4c6.json,2026-04-25 23:44:10.587777,2,"15W345 81ST ST # 2-3 BURR RIDGE IL 60527",
dupage,0913301033,2019-06-24,953000.0,R2019-059029,warranty,true,[],mydec,https://illinois-edp.data.socrata.com/resource/it54-y4c6.json,2026-04-25 23:44:10.587792,2,439 60TH PL BURR RIDGE IL 60527,
dupage,0913407013,2019-06-27,1325000.0,R2019-052294,warranty,true,[],mydec,https://illinois-edp.data.socrata.com/resource/it54-y4c6.json,2026-04-25 23:44:10.588091,2,603 BURR RIDGE CLB BURR RIDGE IL 60527,
dupage,0925102011,2019-07-02,284000.0,R2019-056820,warranty,true,[],mydec,https://illinois-edp.data.socrata.com/resource/it54-y4c6.json,2026-04-25 23:44:10.58845,2,15W776 74TH ST BURR RIDGE IL 60527,
dupage,0925200025,2019-07-02,1950000.0,R2019-057973,warranty,true,[],mydec,https://illinois-edp.data.socrata.com/resource/it54-y4c6.json,2026-04-25 23:44:10.588457,2,120 HARVESTER DR BURR RIDGE IL 60527,
dupage,0913303028,2019-07-03,485000.0,R2019-062824,warranty,true,[],mydec,https://illinois-edp.data.socrata.com/resource/it54-y4c6.json,2026-04-25 23:44:10.588528,2,6200 GARFIELD AVE BURR RIDGE IL 60527,
dupage,0924203003,2019-07-03,892500.0,R2019-056195,warranty,true,[],mydec,https://illinois-edp.data.socrata.com/resource/it54-y4c6.json,2026-04-25 23:44:10.588537,2,6735 FIELDSTONE DR BURR RIDGE IL 60527,
dupage,0936302016,2019-07-15,512000.0,R2019-065977,warranty,true,[],mydec,https://illinois-edp.data.socrata.com/resource/it54-y4c6.json,2026-04-25 23:44:10.589053,2,8449 CANTERBERRY DR BURR RIDGE IL 60527,
dupage,0925206003,2019-07-17,225500.0,R2019-061130,warranty,true,[],mydec,https://illinois-edp.data.socrata.com/resource/it54-y4c6.json,2026-04-25 23:44:10.589208,2,7329 GIDDINGS AVE BURR RIDGE IL 60527,
dupage,1001401051,2019-07-22,825000.0,R2020-063638,warranty,true,[],mydec,https://illinois-edp.data.socrata.com/resource/it54-y4c6.json,2026-04-25 23:44:15.390733,2,9101 GARFIELD AVE BURR RIDGE IL 60521,
dupage,1001107004,2019-07-26,730500.0,R2019-071794,warranty,true,[],mydec,https://illinois-edp.data.socrata.com/resource/it54-y4c6.json,2026-04-25 23:44:15.390988,2,8811 S GRANT ST BURR RIDGE IL 60521,
dupage,0936104040,2019-08-05,480000.0,R2019-071514,warranty,true,[],mydec,https://illinois-edp.data.socrata.com/resource/it54-y4c6.json,2026-04-25 23:44:15.391484,2,14 PINE TREE LN BURR RIDGE IL 60527,
dupage,0924200110,2019-08-12,1610000.0,R2019-071971,warranty,true,[],mydec,https://illinois-edp.data.socrata.com/resource/it54-y4c6.json,2026-04-25 23:44:15.391783,2,265 DARTMOUTH CT BURR RIDGE IL 60527,
dupage,0936300023,2019-08-13,435000.0,R2019-076559,warranty,true,[],mydec,https://illinois-edp.data.socrata.com/resource/it54-y4c6.json,2026-04-25 23:44:15.391856,2,628 CAMELOT DR BURR RIDGE IL 60527,
dupage,0925111012,2019-08-14,372000.0,R2019-071510,warranty,true,[],mydec,https://illinois-edp.data.socrata.com/resource/it54-y4c6.json,2026-04-25 23:44:15.391929,2,7320 CHESTNUT HILLS BURR RIDGE IL 60527,
dupage,0913405003,2019-08-15,3550000.0,R2019-073596,warranty,true,[],mydec,https://illinois-edp.data.socrata.com/resource/it54-y4c6.json,2026-04-25 23:44:15.391969,2,15W170 60TH ST BURR RIDGE IL 60527,
dupage,1001302057,2019-08-15,580000.0,R2019-074523,warranty,true,[],mydec,https://illinois-edp.data.socrata.com/resource/it54-y4c6.json,2026-04-25 23:44:15.391986,2,132 CIRCLE RIDGE DR BURR RIDGE IL 60527,
dupage,1001308016,2019-08-27,495000.0,R2019-081350,warranty,true,[],mydec,https://illinois-edp.data.socrata.com/resource/it54-y4c6.json,2026-04-25 23:44:15.392493,2,41 RED OAK CT BURR RIDGE IL 60527,
dupage,0936109051,2019-08-29,550000.0,R2019-080296,warranty,true,[],mydec,https://illinois-edp.data.socrata.com/resource/it54-y4c6.json,2026-04-25 23:44:15.392665,2,51 CHESTERFIELD CT BURR RIDGE IL 60527,
dupage,0913404011,2019-08-30,913000.0,R2019-087124,warranty,true,[],mydec,https://illinois-edp.data.socrata.com/resource/it54-y4c6.json,2026-04-25 23:44:15.392727,2,6205 GARFIELD AVE BURR RIDGE IL 60527,
dupage,1002408012,2019-08-30,750000.0,R2019-078252,warranty,true,[],mydec,https://illinois-edp.data.socrata.com/resource/it54-y4c6.json,2026-04-25 23:44:15.392785,2,9284 CASCADE CIR BURR RIDGE IL 60527,
dupage,0924307004,2019-09-04,750000.0,R2019-082949,warranty,true,[],mydec,https://illinois-edp.data.socrata.com/resource/it54-y4c6.json,2026-04-25 23:44:15.39294,2,6767 FIELDSTONE DR BURR RIDGE IL 60527,
dupage,0925111020,2019-09-12,327500.0,R2019-086920,warranty,true,[],mydec,https://illinois-edp.data.socrata.com/resource/it54-y4c6.json,2026-04-25 23:44:15.393253,2,7209 CHESTNUT HILLS BURR RIDGE IL 60527,
dupage,0925102026,2019-09-30,568000.0,R2019-090052,warranty,true,[],mydec,https://illinois-edp.data.socrata.com/resource/it54-y4c6.json,2026-04-25 23:44:24.981161,2,15W734 74TH ST BURR RIDGE IL 60527,
dupage,0925111038,2019-09-30,399000.0,R2019-096314,warranty,true,[],mydec,https://illinois-edp.data.socrata.com/resource/it54-y4c6.json,2026-04-25 23:44:24.981172,2,119 CHESTNUT HILLS BURR RIDGE IL 60527,
dupage,0913407026,2019-10-11,1000000.0,R2019-096476,warranty,true,[],mydec,https://illinois-edp.data.socrata.com/resource/it54-y4c6.json,2026-04-25 23:44:24.981664,2,202 BURR RIDGE CLUB BURR RIDGE IL 60527,
dupage,0913301038,2019-10-16,845000.0,R2019-097451,warranty,true,[],mydec,https://illinois-edp.data.socrata.com/resource/it54-y4c6.json,2026-04-25 23:44:24.98181,2,529 60TH PL BURR RIDGE IL 60527,
dupage,0936109046,2019-10-28,500000.0,R2019-106749,warranty,true,[],mydec,https://illinois-edp.data.socrata.com/resource/it54-y4c6.json,2026-04-25 23:44:24.982231,2,46 DURHAM CT BURR RIDGE IL 60527,
dupage,0936405007,2019-10-28,517500.0,R2019-106751,warranty,true,[],mydec,https://illinois-edp.data.socrata.com/resource/it54-y4c6.json,2026-04-25 23:44:24.982252,2,8564 HEATHER DR BURR RIDGE IL 60527,
dupage,0936200042,2019-11-04,479000.0,R2019-107046,warranty,true,[],mydec,https://illinois-edp.data.socrata.com/resource/it54-y4c6.json,2026-04-25 23:44:24.982573,2,7902 HAMILTON AVE BURR RIDGE IL 60527,
dupage,1001204004,2019-11-05,537500.0,R2019-103576,warranty,true,[],mydec,https://illinois-edp.data.socrata.com/resource/it54-y4c6.json,2026-04-25 23:44:24.982603,2,2 SADDLE CT BURR RIDGE IL 60527,
dupage,0936404006,2019-11-13,470000.0,R2020-000852,warranty,true,[],mydec,https://illinois-edp.data.socrata.com/resource/it54-y4c6.json,2026-04-25 23:44:24.982934,2,8361 S PARK AVE BURR RIDGE IL 60527,
dupage,1001302028,2019-11-22,295518.0,R2019-110219,warranty,true,[],mydec,https://illinois-edp.data.socrata.com/resource/it54-y4c6.json,2026-04-25 23:44:24.983341,2,111 OAK RIDGE DR E BURR RIDGE IL 60527,
dupage,1001103013,2019-11-26,875000.0,R2020-001566,warranty,true,[],mydec,https://illinois-edp.data.socrata.com/resource/it54-y4c6.json,2026-04-25 23:44:24.983501,2,15W696 90TH ST BURR RIDGE IL 60527,
dupage,0936106028,2019-12-02,1285000.0,R2019-115889,warranty,true,[],mydec,https://illinois-edp.data.socrata.com/resource/it54-y4c6.json,2026-04-25 23:44:24.983644,2,8151 LAKE RIDGE DR BURR RIDGE IL 60527,
dupage,1001306007,2019-12-09,501000.0,R2020-002124,warranty,true,[],mydec,https://illinois-edp.data.socrata.com/resource/it54-y4c6.json,2026-04-25 23:44:24.983944,2,122 OAK RIDGE DR E BURR RIDGE IL 60527,
dupage,0936308006,2019-12-13,585000.0,R2019-121604,warranty,true,[],mydec,https://illinois-edp.data.socrata.com/resource/it54-y4c6.json,2026-04-25 23:44:24.984162,2,419 BENNACOTT LN BURR RIDGE IL 60527,
dupage,0925302023,2019-12-31,1537500.0,R2020-003582,warranty,true,[],mydec,https://illinois-edp.data.socrata.com/resource/it54-y4c6.json,2026-04-25 23:44:56.082459,2,15W700 79TH ST BURR RIDGE IL 60527,
dupage,1001401031,2020-01-25,140000.0,R2020-010932,warranty,true,[],mydec,https://illinois-edp.data.socrata.com/resource/it54-y4c6.json,2026-04-25 23:44:56.083219,2,9250 FOREST EDGE DR BURR RIDGE IL 60527,
dupage,0935203004,2020-01-31,3350000.0,R2020-014340,warranty,true,[],mydec,https://illinois-edp.data.socrata.com/resource/it54-y4c6.json,2026-04-25 23:44:56.083475,2,60 SHORE DR BURR RIDGE IL 60527,
dupage,1001203014,2020-01-31,640000.0,R2020-014277,warranty,true,[],mydec,https://illinois-edp.data.socrata.com/resource/it54-y4c6.json,2026-04-25 23:44:56.08348,2,211 DEVON DR BURR RIDGE IL 60527,
dupage,0936310009,2020-02-26,425000.0,R2020-020398,warranty,true,[],mydec,https://illinois-edp.data.socrata.com/resource/it54-y4c6.json,2026-04-25 23:44:56.084315,2,8472 KIMBERLY CT BURR RIDGE IL 60527,
dupage,1002408014,2020-03-02,845000.0,R2020-023174,warranty,true,[],mydec,https://illinois-edp.data.socrata.com/resource/it54-y4c6.json,2026-04-25 23:44:56.08455,2,9295 CASCADE CIR BURR RIDGE IL 60527,
dupage,0925302020,2020-03-03,2787897.0,R2020-022421,warranty,true,[],mydec,https://illinois-edp.data.socrata.com/resource/it54-y4c6.json,2026-04-25 23:44:56.084609,2,7850 S GRANT ST BURR RIDGE IL 60527,
dupage,0935205005,2020-03-04,2550000.0,R2020-021951,warranty,true,[],mydec,https://illinois-edp.data.socrata.com/resource/it54-y4c6.json,2026-04-25 23:44:56.084645,2,109 SHORE DR BURR RIDGE IL 60527,
dupage,0936407018,2020-03-16,891111.0,R2020-027161,warranty,true,[],mydec,https://illinois-edp.data.socrata.com/resource/it54-y4c6.json,2026-04-25 23:44:56.085204,2,16 HIDDEN LAKE DR BURR RIDGE IL 60527,
dupage,1001209010,2020-03-17,760000.0,R2020-027802,warranty,true,[],mydec,https://illinois-edp.data.socrata.com/resource/it54-y4c6.json,2026-04-25 23:44:56.085257,2,145 GLENMORA DR BURR RIDGE IL 60527,
dupage,0936209018,2020-03-24,219873.0,R2020-029613,warranty,true,[],mydec,https://illinois-edp.data.socrata.com/resource/it54-y4c6.json,2026-04-25 23:45:09.511836,2,"8098 GARFIELD AVE # 5-2 BURR RIDGE IL 60527",
dupage,0936406012,2020-03-27,650000.0,R2020-042606,warranty,true,[],mydec,https://illinois-edp.data.socrata.com/resource/it54-y4c6.json,2026-04-25 23:45:09.512019,2,314 LAKEWOOD CIR BURR RIDGE IL 60527,
dupage,0936107009,2020-04-20,500000.0,R2020-079822,warranty,true,[],mydec,https://illinois-edp.data.socrata.com/resource/it54-y4c6.json,2026-04-25 23:45:09.513015,2,8261 RIDGEPOINTE DR BURR RIDGE IL 60521,
dupage,0924404004,2020-04-24,800000.0,R2020-042016,warranty,true,[],mydec,https://illinois-edp.data.socrata.com/resource/it54-y4c6.json,2026-04-25 23:45:09.513196,2,7000 S COUNTY LINE RD BURR RIDGE IL 60527,
dupage,0913303011,2020-04-27,475000.0,R2020-042550,warranty,true,[],mydec,https://illinois-edp.data.socrata.com/resource/it54-y4c6.json,2026-04-25 23:45:09.513295,2,6S740 GARFIELD AVE BURR RIDGE IL 60527,
dupage,1002412002,2020-04-28,751265.0,R2020-081285,warranty,true,[],mydec,https://illinois-edp.data.socrata.com/resource/it54-y4c6.json,2026-04-25 23:45:09.513334,2,9366 FALLING WATER DR BURR RIDGE IL 60521,
dupage,0925111003,2020-05-06,385000.0,R2020-051714,warranty,true,[],mydec,https://illinois-edp.data.socrata.com/resource/it54-y4c6.json,2026-04-25 23:45:09.51365,2,7240 CHESTNUT HILLS BURR RIDGE IL 60527,
dupage,1001207059,2020-05-15,560000.0,R2020-053100,warranty,true,[],mydec,https://illinois-edp.data.socrata.com/resource/it54-y4c6.json,2026-04-25 23:45:09.513964,2,172 ASHTON DR BURR RIDGE IL 60527,
dupage,0936200012,2020-05-26,365000.0,R2020-067577,warranty,true,[],mydec,https://illinois-edp.data.socrata.com/resource/it54-y4c6.json,2026-04-25 23:45:09.514356,2,7908 S GARFIELD AVE BURR RIDGE IL 60527,
dupage,0924401009,2020-05-28,1150000.0,R2020-081595,warranty,true,[],mydec,https://illinois-edp.data.socrata.com/resource/it54-y4c6.json,2026-04-25 23:45:09.514464,2,6706 FIELDSTONE DR BURR RIDGE IL 60527,
dupage,0936305012,2020-05-29,490000.0,R2020-073484,warranty,true,[],mydec,https://illinois-edp.data.socrata.com/resource/it54-y4c6.json,2026-04-25 23:45:09.514514,2,8348 DOLFOR COVE BURR RIDGE IL 60527,
dupage,0924405027,2020-05-29,688800.0,R2020-055535,warranty,true,[],mydec,https://illinois-edp.data.socrata.com/resource/it54-y4c6.json,2026-04-25 23:45:09.514539,2,6912 FIELDSTONE DR BURR RIDGE IL 60521,
dupage,1001100035,2020-06-08,1105000.0,R2020-062718,warranty,true,[],mydec,https://illinois-edp.data.socrata.com/resource/it54-y4c6.json,2026-04-25 23:45:09.514892,2,15W760 89TH ST BURR RIDGE IL 60527,
dupage,0936304001,2020-06-17,405000.0,R2020-071051,warranty,true,[],mydec,https://illinois-edp.data.socrata.com/resource/it54-y4c6.json,2026-04-25 23:45:37.450404,2,536 KIRKWOOD COVE BURR RIDGE IL 60527,
dupage,0936203007,2020-06-23,475000.0,R2020-065758,warranty,true,[],mydec,https://illinois-edp.data.socrata.com/resource/it54-y4c6.json,2026-04-25 23:45:37.45074,2,8124 S GARFIELD AVE BURR RIDGE IL 60527,
dupage,1001203022,2020-06-25,535000.0,R2020-073045,warranty,true,[],mydec,https://illinois-edp.data.socrata.com/resource/it54-y4c6.json,2026-04-25 23:45:37.450915,2,8720 WEDGEWOOD DR BURR RIDGE IL 60527,
dupage,0924206014,2020-06-26,680000.0,R2020-067340,warranty,true,[],mydec,https://illinois-edp.data.socrata.com/resource/it54-y4c6.json,2026-04-25 23:45:37.451021,2,505 KENMARE DR BURR RIDGE IL 60527,
dupage,0936200033,2020-06-30,1920009.0,R2020-117867,warranty,true,[],mydec,https://illinois-edp.data.socrata.com/resource/it54-y4c6.json,2026-04-25 23:45:37.451252,2,382 HIGHLAND CT WILLOWBROOK IL 60527,
dupage,1002408024,2020-06-30,869000.0,R2020-073975,warranty,true,[],mydec,https://illinois-edp.data.socrata.com/resource/it54-y4c6.json,2026-04-25 23:45:37.451291,2,9390 CASCADE CIR BURR RIDGE IL 60527,
dupage,1002408003,2020-07-02,787500.0,R2020-073699,warranty,true,[],mydec,https://illinois-edp.data.socrata.com/resource/it54-y4c6.json,2026-04-25 23:45:37.451467,2,2 CASCADE CT E BURR RIDGE IL 60521,
dupage,1001207004,2020-07-10,464500.0,R2020-075607,warranty,true,[],mydec,https://illinois-edp.data.socrata.com/resource/it54-y4c6.json,2026-04-25 23:45:37.451869,2,240 DEVON DR BURR RIDGE IL 60527,
dupage,0925205001,2020-07-14,560000.0,R2020-088727,warranty,true,[],mydec,https://illinois-edp.data.socrata.com/resource/it54-y4c6.json,2026-04-25 23:45:37.452034,2,7309 GARFIELD AVE BURR RIDGE IL 60527,
dupage,0913301024,2020-07-14,1090000.0,R2020-101079,warranty,true,[],mydec,https://illinois-edp.data.socrata.com/resource/it54-y4c6.json,2026-04-25 23:45:37.452061,2,5925 S GRANT ST BURR RIDGE IL 60527,
dupage,1011207007,2020-07-16,155000.0,R2020-077467,warranty,true,[],mydec,https://illinois-edp.data.socrata.com/resource/it54-y4c6.json,2026-04-25 23:45:37.452282,2,9620 PACIFIC CT BURR RIDGE IL 60527,
dupage,1001302048,2020-07-27,635000.0,R2020-090396,warranty,true,[],mydec,https://illinois-edp.data.socrata.com/resource/it54-y4c6.json,2026-04-25 23:45:37.453027,2,114 CIRCLE RIDGE DR BURR RIDGE IL 60527,
dupage,1001301020,2020-07-28,468000.0,R2020-085791,warranty,true,[],mydec,https://illinois-edp.data.socrata.com/resource/it54-y4c6.json,2026-04-25 23:45:37.453121,2,10S664 GLENN DR BURR RIDGE IL 60527,
dupage,1001307019,2020-07-29,650000.0,R2020-087812,warranty,true,[],mydec,https://illinois-edp.data.socrata.com/resource/it54-y4c6.json,2026-04-25 23:45:37.453219,2,1 DEVON RIDGE CT BURR RIDGE IL 60527,
dupage,1011207015,2020-07-30,700000.0,R2020-095594,warranty,true,[],mydec,https://illinois-edp.data.socrata.com/resource/it54-y4c6.json,2026-04-25 23:45:37.4533,2,9645 PACIFIC CT BURR RIDGE IL 60527,
dupage,0913401026,2020-08-11,1010000.0,R2020-088742,warranty,true,[],mydec,https://illinois-edp.data.socrata.com/resource/it54-y4c6.json,2026-04-25 23:45:40.221695,2,6115 S PARK AVE BURR RIDGE IL 60527,
dupage,0925205011,2020-08-12,760000.0,R2020-099954,warranty,true,[],mydec,https://illinois-edp.data.socrata.com/resource/it54-y4c6.json,2026-04-25 23:45:40.221792,2,7350 GIDDINGS AVE BURR RIDGE IL 60527,
dupage,0913302012,2020-08-17,415000.0,R2020-092889,warranty,true,[],mydec,https://illinois-edp.data.socrata.com/resource/it54-y4c6.json,2026-04-25 23:45:40.222096,2,460 60TH PL BURR RIDGE IL 60527,
dupage,0925204003,2020-08-28,195000.0,R2020-103461,warranty,true,[],mydec,https://illinois-edp.data.socrata.com/resource/it54-y4c6.json,2026-04-25 23:45:40.222991,2,7229 HAMILTON AVE BURR RIDGE IL 60527,
dupage,0936209053,2020-08-28,260000.0,R2020-111335,warranty,true,[],mydec,https://illinois-edp.data.socrata.com/resource/it54-y4c6.json,2026-04-25 23:45:40.223006,2,"7990 S GARFIELD AVE # 14-1 BURR RIDGE IL 60527",
dupage,1001308027,2020-08-31,378500.0,R2020-098062,warranty,true,[],mydec,https://illinois-edp.data.socrata.com/resource/it54-y4c6.json,2026-04-25 23:45:40.223154,2,52 OAK CREEK DR BURR RIDGE IL 60527,
dupage,1002402017,2020-09-08,245000.0,R2020-104345,warranty,true,[],mydec,https://illinois-edp.data.socrata.com/resource/it54-y4c6.json,2026-04-25 23:45:40.223721,2,16W350 94TH ST BURR RIDGE IL 60527,
dupage,0924200042,2020-09-09,892000.0,R2020-104527,warranty,true,[],mydec,https://illinois-edp.data.socrata.com/resource/it54-y4c6.json,2026-04-25 23:45:40.223853,2,5 PEPPERMILL CT BURR RIDGE IL 60527,
dupage,1001106023,2020-09-10,680000.0,R2020-125536,warranty,true,[],mydec,https://illinois-edp.data.socrata.com/resource/it54-y4c6.json,2026-04-25 23:45:40.223982,2,6 TODOR CT BURR RIDGE IL 60527,
dupage,1001207081,2020-09-10,180000.0,R2020-117156,warranty,true,[],mydec,https://illinois-edp.data.socrata.com/resource/it54-y4c6.json,2026-04-25 23:45:40.22399,2,15W050 91ST ST BURR RIDGE IL 60527,
dupage,1001203031,2020-09-10,737500.0,R2020-103370,warranty,true,[],mydec,https://illinois-edp.data.socrata.com/resource/it54-y4c6.json,2026-04-25 23:45:40.224002,2,2 REGENT CT BURR RIDGE IL 60527,
dupage,0936301030,2020-09-15,1150000.0,R2020-149510,warranty,true,[],mydec,https://illinois-edp.data.socrata.com/resource/it54-y4c6.json,2026-04-25 23:45:40.224459,2,112 KRAML DR BURR RIDGE IL 60527,
dupage,0936210008,2020-09-22,240000.0,R2020-110427,warranty,true,[],mydec,https://illinois-edp.data.socrata.com/resource/it54-y4c6.json,2026-04-25 23:45:44.132234,2,"7970 GARFIELD AVE # 202 BURR RIDGE IL 60527",
dupage,1002401019,2020-09-24,689000.0,R2020-137925,warranty,true,[],mydec,https://illinois-edp.data.socrata.com/resource/it54-y4c6.json,2026-04-25 23:45:44.132444,2,16W380 93RD PL BURR RIDGE IL 60527,
dupage,0936403020,2020-09-25,525000.0,R2020-111611,warranty,true,[],mydec,https://illinois-edp.data.socrata.com/resource/it54-y4c6.json,2026-04-25 23:45:44.132515,2,8454 S PARK AVE BURR RIDGE IL 60527,
dupage,1011207012,2020-09-25,1388890.0,R2021-004455,warranty,true,[],mydec,https://illinois-edp.data.socrata.com/resource/it54-y4c6.json,2026-04-25 23:45:44.132523,2,9705 PACIFIC CT BURR RIDGE IL 60527,
dupage,0925102023,2020-09-30,915600.0,R2020-145324,warranty,true,[],mydec,https://illinois-edp.data.socrata.com/resource/it54-y4c6.json,2026-04-25 23:45:44.132909,2,15W710 74TH ST BURR RIDGE IL 60527,
dupage,0913408012,2020-10-06,1440000.0,R2020-138924,warranty,true,[],mydec,https://illinois-edp.data.socrata.com/resource/it54-y4c6.json,2026-04-25 23:45:44.133318,2,805 BURR RIDGE CLUB BURR RIDGE IL 60527,
dupage,1001100029,2020-10-09,749900.0,R2020-119290,warranty,true,[],mydec,https://illinois-edp.data.socrata.com/resource/it54-y4c6.json,2026-04-25 23:45:44.133576,2,8725 MADISON ST BURR RIDGE IL 60527,
dupage,0925111017,2020-10-13,390000.0,R2020-151191,warranty,true,[],mydec,https://illinois-edp.data.socrata.com/resource/it54-y4c6.json,2026-04-25 23:45:44.13371,2,7203 CHESTNUT HILLS BURR RIDGE IL 60527,
dupage,0936404037,2020-10-16,1275000.0,R2020-133245,warranty,true,[],mydec,https://illinois-edp.data.socrata.com/resource/it54-y4c6.json,2026-04-25 23:45:44.134031,2,39 HIDDEN LAKE DR BURR RIDGE IL 60527,
dupage,1001302057,2020-10-19,625000.0,R2021-069745,warranty,true,[],mydec,https://illinois-edp.data.socrata.com/resource/it54-y4c6.json,2026-04-25 23:45:44.134115,2,132 CIRCLE RIDGE DR BURR RIDGE IL 60527,
dupage,1002410005,2020-10-20,1290000.0,R2021-012351,warranty,true,[],mydec,https://illinois-edp.data.socrata.com/resource/it54-y4c6.json,2026-04-25 23:45:44.134224,2,9191 FALLINGWATERS DR BURR RIDGE IL 60527,
dupage,0913300024,2020-10-22,1987500.0,R2020-127516,warranty,true,[],mydec,https://illinois-edp.data.socrata.com/resource/it54-y4c6.json,2026-04-25 23:45:44.134379,2,5900 S GRANT ST BURR RIDGE IL 60527,
dupage,0925108043,2020-10-23,630000.0,R2020-131951,warranty,true,[],mydec,https://illinois-edp.data.socrata.com/resource/it54-y4c6.json,2026-04-25 23:45:44.134491,2,15W636 75TH ST BURR RIDGE IL 60527,
dupage,0936408024,2020-10-23,980000.0,R2020-131816,warranty,true,[],mydec,https://illinois-edp.data.socrata.com/resource/it54-y4c6.json,2026-04-25 23:45:44.13451,2,8370 FARS CV BURR RIDGE IL 60527,
dupage,0913407026,2020-10-26,1890000.0,R2020-146931,warranty,true,[],mydec,https://illinois-edp.data.socrata.com/resource/it54-y4c6.json,2026-04-25 23:45:44.134664,2,202 BURR RIDGE CLUB BURR RIDGE IL 60527,
dupage,0913408013,2020-10-26,1460000.0,R2020-154479,warranty,true,[],mydec,https://illinois-edp.data.socrata.com/resource/it54-y4c6.json,2026-04-25 23:45:44.13467,2,804 BURR RIDGE CLB BURR RIDGE IL 60527,
dupage,0913406010,2020-10-28,1170000.0,R2020-138017,warranty,true,[],mydec,https://illinois-edp.data.socrata.com/resource/it54-y4c6.json,2026-04-25 23:45:44.134878,2,15 WOODGATE DR BURR RIDGE IL 60527,
dupage,1001300001,2020-11-06,210000.0,R2021-015881,warranty,true,[],mydec,https://illinois-edp.data.socrata.com/resource/it54-y4c6.json,2026-04-25 23:45:44.135615,2,10S411 MADISON ST BURR RIDGE IL 60527,
dupage,0924307011,2020-11-06,1199000.0,R2020-135789,warranty,true,[],mydec,https://illinois-edp.data.socrata.com/resource/it54-y4c6.json,2026-04-25 23:45:44.135653,2,4 MALLORY CT BURR RIDGE IL 60527,
dupage,0936406009,2020-11-10,515000.0,R2020-144395,warranty,true,[],mydec,https://illinois-edp.data.socrata.com/resource/it54-y4c6.json,2026-04-25 23:45:51.297126,2,8649 HEATHER DR BURR RIDGE IL 60527,
dupage,1002402028,2020-11-14,322000.0,R2021-004579,warranty,true,[],mydec,https://illinois-edp.data.socrata.com/resource/it54-y4c6.json,2026-04-25 23:45:51.297421,2,16W320 94TH ST BURR RIDGE IL 60527,
dupage,0936304017,2020-11-16,340000.0,R2020-145741,warranty,true,[],mydec,https://illinois-edp.data.socrata.com/resource/it54-y4c6.json,2026-04-25 23:45:51.297474,2,8424 WALREDON AVE BURR RIDGE IL 60527,
dupage,1001302029,2020-11-20,640000.0,R2021-006951,warranty,true,[],mydec,https://illinois-edp.data.socrata.com/resource/it54-y4c6.json,2026-04-25 23:45:51.297782,2,113 OAK RIDGE DR E BURR RIDGE IL 60527,
dupage,1011207010,2020-11-20,119000.0,R2020-141870,warranty,true,[],mydec,https://illinois-edp.data.socrata.com/resource/it54-y4c6.json,2026-04-25 23:45:51.29783,2,9680 PACIFIC CT BURR RIDGE IL 60527,
dupage,0936302012,2020-11-22,545000.0,R2020-150180,warranty,true,[],mydec,https://illinois-edp.data.socrata.com/resource/it54-y4c6.json,2026-04-25 23:45:51.297906,2,8460 CLYNDERVEN RD BURR RIDGE IL 60527,
dupage,1001107009,2020-11-23,520000.0,R2021-024472,warranty,true,[],mydec,https://illinois-edp.data.socrata.com/resource/it54-y4c6.json,2026-04-25 23:45:51.297912,2,500 DEVON DR BURR RIDGE IL 60527,
dupage,1001209012,2020-12-15,1200893.0,R2021-001964,warranty,true,[],mydec,https://illinois-edp.data.socrata.com/resource/it54-y4c6.json,2026-04-25 23:45:51.29905,2,6 SHENANDOAH CT BURR RIDGE IL 60527,
dupage,0936312008,2020-12-18,1280000.0,R2021-027425,warranty,true,[],mydec,https://illinois-edp.data.socrata.com/resource/it54-y4c6.json,2026-04-25 23:45:51.299273,2,3 ROANOKE CT BURR RIDGE IL 60527,
dupage,0935404002,2020-12-18,1600000.0,R2021-056040,warranty,true,[],mydec,https://illinois-edp.data.socrata.com/resource/it54-y4c6.json,2026-04-25 23:45:51.299312,2,812 LAKEVIEW LN BURR RIDGE IL 60527,
dupage,1001210009,2020-12-19,850000.0,R2021-030987,warranty,true,[],mydec,https://illinois-edp.data.socrata.com/resource/it54-y4c6.json,2026-04-25 23:45:51.299383,2,9 SHENANDOAH CT BURR RIDGE IL 60527,
dupage,1001406002,2020-12-24,412000.0,R2021-006929,warranty,true,[],mydec,https://illinois-edp.data.socrata.com/resource/it54-y4c6.json,2026-04-25 23:45:51.299656,2,1 BEL AIRE CT BURR RIDGE IL 60527,
dupage,0924207001,2020-12-31,1225000.0,R2021-002220,warranty,true,[],mydec,https://illinois-edp.data.socrata.com/resource/it54-y4c6.json,2026-04-25 23:45:51.29992,2,202 KENMARE DR BURR RIDGE IL 60527,
dupage,1002412006,2021-01-06,772500.0,R2021-006090,warranty,true,[],mydec,https://illinois-edp.data.socrata.com/resource/it54-y4c6.json,2026-04-25 23:45:51.300096,3,6 TUMBLEBROOK CT BURR RIDGE IL 60527,
dupage,0936109046,2021-01-13,551500.0,R2021-011330,warranty,true,[],mydec,https://illinois-edp.data.socrata.com/resource/it54-y4c6.json,2026-04-25 23:45:55.102218,3,46 DURHAM CT BURR RIDGE IL 60527,
dupage,0936106023,2021-01-15,780000.0,R2021-009913,warranty,true,[],mydec,https://illinois-edp.data.socrata.com/resource/it54-y4c6.json,2026-04-25 23:45:55.102336,3,4 LAKE RIDGE CT BURR RIDGE IL 60527,
dupage,0913302027,2021-01-15,1180000.0,R2021-015551,warranty,true,[],mydec,https://illinois-edp.data.socrata.com/resource/it54-y4c6.json,2026-04-25 23:45:55.102352,3,3 RIDGE FARM RD BURR RIDGE IL 60527,
dupage,1002411005,2021-01-20,875000.0,R2021-043404,warranty,true,[],mydec,https://illinois-edp.data.socrata.com/resource/it54-y4c6.json,2026-04-25 23:45:55.102658,3,9 ARCADIA CT BURR RIDGE IL 60527,
dupage,0913407028,2021-01-22,1224500.0,R2021-020219,warranty,true,[],mydec,https://illinois-edp.data.socrata.com/resource/it54-y4c6.json,2026-04-25 23:45:55.102854,3,203 BURR RIDGE CLB BURR RIDGE IL 60527,
dupage,1001209007,2021-01-26,219000.0,R2021-019536,warranty,true,[],mydec,https://illinois-edp.data.socrata.com/resource/it54-y4c6.json,2026-04-25 23:45:55.103081,3,115 GLENMORA DR BURR RIDGE IL 60527,
dupage,0924201025,2021-01-28,1500000.0,R2021-023893,warranty,true,[],mydec,https://illinois-edp.data.socrata.com/resource/it54-y4c6.json,2026-04-25 23:45:55.103232,3,86 S CABERNET CT BURR RIDGE IL 60527,
dupage,0936408005,2021-01-29,771500.0,R2021-019443,warranty,true,[],mydec,https://illinois-edp.data.socrata.com/resource/it54-y4c6.json,2026-04-25 23:45:55.103297,3,55 DEER PATH LN OAK BROOK IL 60523,
dupage,0925204001,2021-02-03,260000.0,R2021-032783,warranty,true,[],mydec,https://illinois-edp.data.socrata.com/resource/it54-y4c6.json,2026-04-25 23:45:55.103487,3,7209 HAMILTON AVE BURR RIDGE IL 60527,
dupage,0936209060,2021-02-09,216000.0,R2021-023419,warranty,true,[],mydec,https://illinois-edp.data.socrata.com/resource/it54-y4c6.json,2026-04-25 23:45:55.103875,3,"7986 GARFIELD AVE # 15-4 BURR RIDGE IL 60527",
dupage,0936104059,2021-02-11,580000.0,R2021-048660,warranty,true,[],mydec,https://illinois-edp.data.socrata.com/resource/it54-y4c6.json,2026-04-25 23:45:55.104029,3,63 PINE TREE LN BURR RIDGE IL 60527,
dupage,1002409001,2021-02-12,1500000.0,R2021-027385,warranty,true,[],mydec,https://illinois-edp.data.socrata.com/resource/it54-y4c6.json,2026-04-25 23:45:55.104138,3,9286 FALLING WATERS BURR RIDGE IL 60527,
dupage,0925403013,2021-02-17,550000.0,R2021-038188,warranty,true,[],mydec,https://illinois-edp.data.socrata.com/resource/it54-y4c6.json,2026-04-25 23:45:55.104346,3,311 79TH ST BURR RIDGE IL 60527,
dupage,0936109066,2021-03-03,730000.0,R2021-068900,warranty,true,[],mydec,https://illinois-edp.data.socrata.com/resource/it54-y4c6.json,2026-04-25 23:45:55.105443,3,66 BERKSHIRE CT BURR RIDGE IL 60527,
dupage,0924206006,2021-03-08,765000.0,R2021-057658,warranty,true,[],mydec,https://illinois-edp.data.socrata.com/resource/it54-y4c6.json,2026-04-25 23:45:55.10586,3,302 KENMARE DR BURR RIDGE IL 60527,
dupage,1002410017,2021-03-08,441000.0,R2021-094964,warranty,true,[],mydec,https://illinois-edp.data.socrata.com/resource/it54-y4c6.json,2026-04-25 23:45:55.10588,3,9340 S MADISON ST WILLOWBROOK IL 60527,
dupage,1002403008,2021-03-09,600000.0,R2021-040813,warranty,true,[],mydec,https://illinois-edp.data.socrata.com/resource/it54-y4c6.json,2026-04-25 23:45:55.105965,3,16W331 94TH ST BURR RIDGE IL 60527,
dupage,1001200002,2021-03-11,905000.0,R2021-045260,warranty,true,[],mydec,https://illinois-edp.data.socrata.com/resource/it54-y4c6.json,2026-04-25 23:46:39.717733,3,15W351 87TH ST BURR RIDGE IL 60527,
dupage,0936209048,2021-03-23,235000.0,R2021-050253,warranty,true,[],mydec,https://illinois-edp.data.socrata.com/resource/it54-y4c6.json,2026-04-25 23:46:39.718523,3,"7998 GARFIELD AVE # 12-4 BURR RIDGE IL 60527",
dupage,0913406002,2021-04-07,3650000.0,R2021-066608,warranty,true,[],mydec,https://illinois-edp.data.socrata.com/resource/it54-y4c6.json,2026-04-25 23:46:39.719643,3,15W151 60TH ST BURR RIDGE IL 60527,
dupage,0924200096,2021-04-13,2175000.0,R2021-060234,warranty,true,[],mydec,https://illinois-edp.data.socrata.com/resource/it54-y4c6.json,2026-04-25 23:46:39.720042,3,6381 GARFIELD AVE BURR RIDGE IL 60527,
dupage,0936209019,2021-04-14,210000.0,R2021-062714,warranty,true,[],mydec,https://illinois-edp.data.socrata.com/resource/it54-y4c6.json,2026-04-25 23:46:39.720133,3,"8098 GARFIELD AVE # 5-3 BURR RIDGE IL 60527",
dupage,0936208013,2021-04-16,1230000.0,R2021-064167,warranty,true,[],mydec,https://illinois-edp.data.socrata.com/resource/it54-y4c6.json,2026-04-25 23:46:39.72036,3,15W140 83RD ST BURR RIDGE IL 60527,
dupage,0936106005,2021-04-28,870000.0,R2021-082082,warranty,true,[],mydec,https://illinois-edp.data.socrata.com/resource/it54-y4c6.json,2026-04-25 23:46:57.796523,3,480 81ST ST BURR RIDGE IL 60527,
dupage,0924401023,2021-04-29,845000.0,R2021-087690,warranty,true,[],mydec,https://illinois-edp.data.socrata.com/resource/it54-y4c6.json,2026-04-25 23:46:57.79663,3,6869 FIELDSTONE DR BURR RIDGE IL 60527,
dupage,0925301009,2021-04-30,5250000.0,R2021-071719,warranty,true,[],mydec,https://illinois-edp.data.socrata.com/resource/it54-y4c6.json,2026-04-25 23:46:57.796714,3,7531 BRUSH HILL RD BURR RIDGE IL 60527,
dupage,0936307004,2021-05-10,525000.0,R2021-086183,warranty,true,[],mydec,https://illinois-edp.data.socrata.com/resource/it54-y4c6.json,2026-04-25 23:46:57.797468,3,400 KIRKWOOD CV BURR RIDGE IL 60527,
dupage,1001103012,2021-05-12,990000.0,R2021-080056,warranty,true,[],mydec,https://illinois-edp.data.socrata.com/resource/it54-y4c6.json,2026-04-25 23:46:57.797691,3,9000 TURNBERRY DR BURR RIDGE IL 60527,
dupage,0936209061,2021-05-14,219900.0,R2021-104176,warranty,true,[],mydec,https://illinois-edp.data.socrata.com/resource/it54-y4c6.json,2026-04-25 23:46:57.797957,3,"7982 GARFIELD AVE # 16-1 BURR RIDGE IL 60527",
dupage,0936200011,2021-05-18,355000.0,R2021-078168,warranty,true,[],mydec,https://illinois-edp.data.socrata.com/resource/it54-y4c6.json,2026-04-25 23:46:57.7982,3,7906 GARFIELD AVE BURR RIDGE IL 60527,
dupage,0936300018,2021-05-18,600000.0,R2021-133216,warranty,true,[],mydec,https://illinois-edp.data.socrata.com/resource/it54-y4c6.json,2026-04-25 23:46:57.798209,3,688 CAMELOT DR BURR RIDGE IL 60527,
dupage,0913300065,2021-05-24,993200.0,R2021-105332,warranty,true,[],mydec,https://illinois-edp.data.socrata.com/resource/it54-y4c6.json,2026-04-25 23:46:57.79881,3,10 NORRIS DR BURR RIDGE IL 60527,
dupage,1002408008,2021-05-24,195000.0,R2021-102335,warranty,true,[],mydec,https://illinois-edp.data.socrata.com/resource/it54-y4c6.json,2026-04-25 23:46:57.798815,3,7 CASCADE CT W BURR RIDGE IL 60527,
dupage,0936402010,2021-05-24,480000.0,R2021-106776,warranty,true,[],mydec,https://illinois-edp.data.socrata.com/resource/it54-y4c6.json,2026-04-25 23:46:57.798868,3,333 TAMERTON PKWY BURR RIDGE IL 60527,
dupage,0936301023,2021-05-26,234000.0,R2021-101135,warranty,true,[],mydec,https://illinois-edp.data.socrata.com/resource/it54-y4c6.json,2026-04-25 23:46:57.799143,3,7 SHILOH CT BURR RIDGE IL 60527,
dupage,0925405005,2021-05-26,845800.0,R2021-094860,warranty,true,[],mydec,https://illinois-edp.data.socrata.com/resource/it54-y4c6.json,2026-04-25 23:46:57.799155,3,7719 DREW AVE BURR RIDGE IL 60521,
dupage,1011206001,2021-05-31,1250000.0,R2021-092808,warranty,true,[],mydec,https://illinois-edp.data.socrata.com/resource/it54-y4c6.json,2026-04-25 23:46:57.799541,3,9520 FALLING WATER DR E BURR RIDGE IL 60527,
dupage,0913302044,2021-06-02,1850000.0,R2021-161396,warranty,true,[],mydec,https://illinois-edp.data.socrata.com/resource/it54-y4c6.json,2026-04-25 23:46:57.799733,3,15W460 62ND ST WILLOWBROOK IL 60527,
dupage,0936205011,2021-06-04,517500.0,R2021-100389,warranty,true,[],mydec,https://illinois-edp.data.socrata.com/resource/it54-y4c6.json,2026-04-25 23:47:01.401924,3,8224 KATHRYN CT BURR RIDGE IL 60527,
dupage,0925111056,2021-06-09,432000.0,R2021-095964,warranty,true,[],mydec,https://illinois-edp.data.socrata.com/resource/it54-y4c6.json,2026-04-25 23:47:01.402349,3,120 CHESTNUT HILLS BURR RIDGE IL 60527,
dupage,0936206014,2021-06-11,650000.0,R2021-101973,warranty,true,[],mydec,https://illinois-edp.data.socrata.com/resource/it54-y4c6.json,2026-04-25 23:47:01.40266,3,8143 KATHRYN CT BURR RIDGE IL 60527,
dupage,0936200030,2021-06-14,1375000.0,R2021-153476,warranty,true,[],mydec,https://illinois-edp.data.socrata.com/resource/it54-y4c6.json,2026-04-25 23:47:01.402842,3,351 HIGHLAND CT WILLOWBROOK IL 60527,
dupage,0913308008,2021-06-15,1210000.0,R2021-141873,warranty,true,[],mydec,https://illinois-edp.data.socrata.com/resource/it54-y4c6.json,2026-04-25 23:47:01.402982,3,8 CLUBSIDE CT BURR RIDGE IL 60527,
dupage,1002410011,2021-06-24,1241800.0,R2021-113486,warranty,true,[],mydec,https://illinois-edp.data.socrata.com/resource/it54-y4c6.json,2026-04-25 23:47:01.403861,3,9283 FALLINGWATER DR BURR RIDGE IL 60527,
dupage,0936304024,2021-06-25,525000.0,R2021-144543,warranty,true,[],mydec,https://illinois-edp.data.socrata.com/resource/it54-y4c6.json,2026-04-25 23:47:01.403957,3,8499 CLYNDERVEN RD BURR RIDGE IL 60527,
dupage,0924404004,2021-06-28,3436462.0,R2021-101802,warranty,true,[],mydec,https://illinois-edp.data.socrata.com/resource/it54-y4c6.json,2026-04-25 23:47:01.404186,3,7000 S COUNTY LINE RD BURR RIDGE IL 60527,
dupage,0936311024,2021-06-28,637000.0,R2021-104457,warranty,true,[],mydec,https://illinois-edp.data.socrata.com/resource/it54-y4c6.json,2026-04-25 23:47:01.404192,3,475 87TH ST BURR RIDGE IL 60527,
dupage,1001207071,2021-06-28,1250000.0,R2021-125206,warranty,true,[],mydec,https://illinois-edp.data.socrata.com/resource/it54-y4c6.json,2026-04-25 23:47:01.404236,3,160 GLENMORA DR BURR RIDGE IL 60527,
dupage,0913406013,2021-06-29,1800000.0,R2021-115089,warranty,true,[],mydec,https://illinois-edp.data.socrata.com/resource/it54-y4c6.json,2026-04-25 23:47:01.404425,3,3 WOODGATE DR BURR RIDGE IL 60527,
dupage,1001406016,2021-06-30,475000.0,R2021-111004,warranty,true,[],mydec,https://illinois-edp.data.socrata.com/resource/it54-y4c6.json,2026-04-25 23:47:01.404537,3,22 RODEO DR BURR RIDGE IL 60527,
dupage,0936309005,2021-07-01,710000.0,R2021-106682,warranty,true,[],mydec,https://illinois-edp.data.socrata.com/resource/it54-y4c6.json,2026-04-25 23:47:01.404789,3,8495 DOLFOR CV BURR RIDGE IL 60527,
dupage,1001308025,2021-07-02,390000.0,R2021-102474,warranty,true,[],mydec,https://illinois-edp.data.socrata.com/resource/it54-y4c6.json,2026-04-25 23:47:01.404875,3,50 OAK CREEK DR BURR RIDGE IL 60527,
dupage,0924117001,2021-07-02,490000.0,R2021-109978,warranty,true,[],mydec,https://illinois-edp.data.socrata.com/resource/it54-y4c6.json,2026-04-25 23:47:01.404907,3,6751 FIELDSTONE DR BURR RIDGE IL 60527,
dupage,0936210002,2021-07-06,229000.0,R2021-146027,warranty,true,[],mydec,https://illinois-edp.data.socrata.com/resource/it54-y4c6.json,2026-04-25 23:47:01.405018,3,"7970 GARFIELD AVE # 102 BURR RIDGE IL 60527",
dupage,0936310024,2021-07-08,757500.0,R2021-116922,warranty,true,[],mydec,https://illinois-edp.data.socrata.com/resource/it54-y4c6.json,2026-04-25 23:47:01.40523,3,651 CAMELOT DR BURR RIDGE IL 60527,
dupage,0936103002,2021-07-12,490000.0,R2021-119885,warranty,true,[],mydec,https://illinois-edp.data.socrata.com/resource/it54-y4c6.json,2026-04-25 23:47:01.405486,3,15W739 82ND ST BURR RIDGE IL 60527,
dupage,0925403007,2021-07-12,850000.0,R2021-122586,warranty,true,[],mydec,https://illinois-edp.data.socrata.com/resource/it54-y4c6.json,2026-04-25 23:47:01.405496,3,7810 HAMILTON AVE BURR RIDGE IL 60527,
dupage,0913403032,2021-07-12,1500000.0,R2021-111123,warranty,true,[],mydec,https://illinois-edp.data.socrata.com/resource/it54-y4c6.json,2026-04-25 23:47:01.405519,3,15W248 62ND ST BURR RIDGE IL 60527,
dupage,0924203013,2021-07-13,900000.0,R2021-132632,warranty,true,[],mydec,https://illinois-edp.data.socrata.com/resource/it54-y4c6.json,2026-04-25 23:47:03.818298,3,6718 FIELDSTONE DR BURR RIDGE IL 60527,
dupage,0925102009,2021-07-19,915000.0,R2021-117449,warranty,true,[],mydec,https://illinois-edp.data.socrata.com/resource/it54-y4c6.json,2026-04-25 23:47:03.818897,3,7381 S MADISON ST BURR RIDGE IL 60527,
dupage,0925208013,2021-07-22,375000.0,R2021-115889,warranty,true,[],mydec,https://illinois-edp.data.socrata.com/resource/it54-y4c6.json,2026-04-25 23:47:03.819285,3,15W230 N FRONTAGE RD BURR RIDGE IL 60527,
dupage,1001207008,2021-07-28,635000.0,R2021-118332,warranty,true,[],mydec,https://illinois-edp.data.socrata.com/resource/it54-y4c6.json,2026-04-25 23:47:03.819888,3,8931 ROYAL DR BURR RIDGE IL 60527,
dupage,0924309013,2021-07-28,1443125.0,R2021-130820,warranty,true,[],mydec,https://illinois-edp.data.socrata.com/resource/it54-y4c6.json,2026-04-25 23:47:03.81996,3,7033 HIGH GROVE BLVD BURR RIDGE IL 60527,
dupage,0913403003,2021-07-30,1249000.0,R2021-117814,warranty,true,[],mydec,https://illinois-edp.data.socrata.com/resource/it54-y4c6.json,2026-04-25 23:47:03.820294,3,6150 S PARK AVE BURR RIDGE IL 60527,
dupage,0925102011,2021-08-03,409000.0,R2021-119073,warranty,true,[],mydec,https://illinois-edp.data.socrata.com/resource/it54-y4c6.json,2026-04-25 23:47:03.820599,3,15W776 74TH ST BURR RIDGE IL 60527,
dupage,0924209005,2021-08-05,1200000.0,R2021-123213,warranty,true,[],mydec,https://illinois-edp.data.socrata.com/resource/it54-y4c6.json,2026-04-25 23:47:03.820881,3,1205 KENMARE DR BURR RIDGE IL 60527,
dupage,1002402001,2021-08-06,380000.0,R2021-151909,warranty,true,[],mydec,https://illinois-edp.data.socrata.com/resource/it54-y4c6.json,2026-04-25 23:47:03.821001,3,10S659 S JACKSON ST BURR RIDGE IL 60527,
dupage,0913306013,2021-08-12,596000.0,R2021-124574,warranty,true,[],mydec,https://illinois-edp.data.socrata.com/resource/it54-y4c6.json,2026-04-25 23:47:03.821594,3,6061 KELLER DR BURR RIDGE IL 60527,
dupage,0936311042,2021-08-12,780000.0,R2021-127539,warranty,true,[],mydec,https://illinois-edp.data.socrata.com/resource/it54-y4c6.json,2026-04-25 23:47:03.8216,3,560 CONWAY CT BURR RIDGE IL 60527,
dupage,1001209001,2021-08-16,240000.0,R2021-130658,warranty,true,[],mydec,https://illinois-edp.data.socrata.com/resource/it54-y4c6.json,2026-04-25 23:47:03.821898,3,8955 GLENMORA LN WILLOWBROOK IL 60527,
dupage,1002400020,2021-08-16,1425000.0,R2021-123841,warranty,true,[],mydec,https://illinois-edp.data.socrata.com/resource/it54-y4c6.json,2026-04-25 23:47:03.821936,3,9115 KINGERY HWY BURR RIDGE IL 60527,
dupage,1002409014,2021-08-23,820000.0,R2021-130417,warranty,true,[],mydec,https://illinois-edp.data.socrata.com/resource/it54-y4c6.json,2026-04-25 23:47:08.362786,3,8 SYLVAN GLEN CT BURR RIDGE IL 60527,
dupage,0936109039,2021-08-24,550000.0,R2021-132939,warranty,true,[],mydec,https://illinois-edp.data.socrata.com/resource/it54-y4c6.json,2026-04-25 23:47:08.362937,3,39 LANCASTER CT BURR RIDGE IL 60521,
dupage,0936312011,2021-08-26,265000.0,R2021-156697,warranty,true,[],mydec,https://illinois-edp.data.socrata.com/resource/it54-y4c6.json,2026-04-25 23:47:08.363331,3,105 KRAML DR WILLOWBROOK IL 60527,
dupage,1001301006,2021-08-27,455000.0,R2021-153106,warranty,true,[],mydec,https://illinois-edp.data.socrata.com/resource/it54-y4c6.json,2026-04-25 23:47:08.363578,3,10S571 MADISON ST BURR RIDGE IL 60521,
dupage,0936404011,2021-08-31,779000.0,R2021-131729,warranty,true,[],mydec,https://illinois-edp.data.socrata.com/resource/it54-y4c6.json,2026-04-25 23:47:08.363972,3,8449 S PARK AVE BURR RIDGE IL 60527,
dupage,0936209054,2021-09-01,197000.0,R2021-142211,warranty,true,[],mydec,https://illinois-edp.data.socrata.com/resource/it54-y4c6.json,2026-04-25 23:47:08.364271,3,"7990 GARFIELD AVE # 14-2 BURR RIDGE IL 60527",
dupage,0925404001,2021-09-08,299500.0,R2021-134397,warranty,true,[],mydec,https://illinois-edp.data.socrata.com/resource/it54-y4c6.json,2026-04-25 23:47:08.364833,3,7703 HAMILTON AVE BURR RIDGE IL 60527,
dupage,1001102006,2021-09-15,940000.0,R2021-139869,warranty,true,[],mydec,https://illinois-edp.data.socrata.com/resource/it54-y4c6.json,2026-04-25 23:47:08.365749,3,15W627 89TH ST BURR RIDGE IL 60527,
dupage,0925405001,2021-09-23,462000.0,R2022-008034,warranty,true,[],mydec,https://illinois-edp.data.socrata.com/resource/it54-y4c6.json,2026-04-25 23:47:08.366377,3,7701 DREW AVE BURR RIDGE IL 60527,
dupage,0924201029,2021-09-27,700000.0,R2021-172010,warranty,true,[],mydec,https://illinois-edp.data.socrata.com/resource/it54-y4c6.json,2026-04-25 23:47:08.36669,3,53 S CABERNET CT BURR RIDGE IL 60527,
dupage,0925302014,2021-09-28,2970000.0,R2021-144199,warranty,true,[],mydec,https://illinois-edp.data.socrata.com/resource/it54-y4c6.json,2026-04-25 23:47:08.366859,3,15W700 FRONTAGE RD BURR RIDGE IL 60521,
dupage,0936209023,2021-09-30,230000.0,R2021-149666,warranty,true,[],mydec,https://illinois-edp.data.socrata.com/resource/it54-y4c6.json,2026-04-25 23:47:08.367178,3,"8082 GARFIELD AVE # 6-3 BURR RIDGE IL 60527",
dupage,0925404014,2021-10-01,570000.0,R2021-154090,warranty,true,[],mydec,https://illinois-edp.data.socrata.com/resource/it54-y4c6.json,2026-04-25 23:47:08.36741,3,7800 DREW AVE BURR RIDGE IL 60527,
dupage,1011207020,2021-10-04,1200000.0,R2022-004265,warranty,true,[],mydec,https://illinois-edp.data.socrata.com/resource/it54-y4c6.json,2026-04-25 23:47:08.367527,3,9515 FALLING WATERS BURR RIDGE IL 60527,
dupage,0913302032,2021-10-04,1250000.0,R2021-161243,warranty,true,[],mydec,https://illinois-edp.data.socrata.com/resource/it54-y4c6.json,2026-04-25 23:47:08.367543,3,15 RIDGE FARM RD BURR RIDGE IL 60527,
dupage,0913303002,2021-10-05,1515000.0,R2021-159928,warranty,true,[],mydec,https://illinois-edp.data.socrata.com/resource/it54-y4c6.json,2026-04-25 23:47:08.367638,3,6235 S GRANT ST BURR RIDGE IL 60527,
dupage,0924401029,2021-10-11,856000.0,R2021-157785,warranty,true,[],mydec,https://illinois-edp.data.socrata.com/resource/it54-y4c6.json,2026-04-25 23:47:13.612136,3,6887 FIELDSTONE DR BURR RIDGE IL 60527,
dupage,0924309018,2021-10-12,3700000.0,R2021-152440,warranty,true,[],mydec,https://illinois-edp.data.socrata.com/resource/it54-y4c6.json,2026-04-25 23:47:13.612211,3,7013 HIGH GROVE BLVD BURR RIDGE IL 60527,
dupage,1002409034,2021-10-13,675000.0,R2021-157992,warranty,true,[],mydec,https://illinois-edp.data.socrata.com/resource/it54-y4c6.json,2026-04-25 23:47:13.612395,3,9400 FALLING WATER DR BURR RIDGE IL 60527,
dupage,1001308018,2021-10-14,498000.0,R2021-161422,warranty,true,[],mydec,https://illinois-edp.data.socrata.com/resource/it54-y4c6.json,2026-04-25 23:47:13.612465,3,43 OAK CREEK CT BURR RIDGE IL 60527,
dupage,1001105007,2021-10-15,725000.0,R2021-163909,warranty,true,[],mydec,https://illinois-edp.data.socrata.com/resource/it54-y4c6.json,2026-04-25 23:47:13.612688,3,8749 AINTREE LN BURR RIDGE IL 60527,
dupage,0924401033,2021-10-19,1100000.0,R2022-010249,warranty,true,[],mydec,https://illinois-edp.data.socrata.com/resource/it54-y4c6.json,2026-04-25 23:47:13.612964,3,8 BRIDGET CT BURR RIDGE IL 60527,
dupage,0913303008,2021-10-25,1675000.0,R2021-159622,warranty,true,[],mydec,https://illinois-edp.data.socrata.com/resource/it54-y4c6.json,2026-04-25 23:47:13.613579,3,15W445 62ND ST BURR RIDGE IL 60527,
dupage,1001207064,2021-10-25,1800000.0,R2021-167775,warranty,true,[],mydec,https://illinois-edp.data.socrata.com/resource/it54-y4c6.json,2026-04-25 23:47:13.613589,3,102 ASHTON DR HINSDALE IL 60521,
dupage,1001207075,2021-10-25,1000000.0,R2021-161728,warranty,true,[],mydec,https://illinois-edp.data.socrata.com/resource/it54-y4c6.json,2026-04-25 23:47:13.613599,3,80 ASHTON DR BURR RIDGE IL 60527,
dupage,1001203031,2021-10-28,795000.0,R2021-179700,warranty,true,[],mydec,https://illinois-edp.data.socrata.com/resource/it54-y4c6.json,2026-04-25 23:47:13.614096,3,2 REGENT CT BURR RIDGE IL 60527,
dupage,1001308033,2021-11-01,575000.0,R2021-164356,warranty,true,[],mydec,https://illinois-edp.data.socrata.com/resource/it54-y4c6.json,2026-04-25 23:47:13.61436,3,58 MALIBU CT BURR RIDGE IL 60527,
dupage,0924206015,2021-11-01,735000.0,R2021-167562,warranty,true,[],mydec,https://illinois-edp.data.socrata.com/resource/it54-y4c6.json,2026-04-25 23:47:13.614368,3,503 KENMARE DR BURR RIDGE IL 60527,
dupage,0936104048,2021-11-02,470000.0,R2021-163688,warranty,true,[],mydec,https://illinois-edp.data.socrata.com/resource/it54-y4c6.json,2026-04-25 23:47:13.614488,3,42 PINE TREE LN BURR RIDGE IL 60527,
dupage,1002409023,2021-11-05,890000.0,R2022-003659,warranty,true,[],mydec,https://illinois-edp.data.socrata.com/resource/it54-y4c6.json,2026-04-25 23:47:13.614768,3,9321 FALLING WATERS DR W BURR RIDGE IL 60527,
dupage,0913401016,2021-11-08,1862500.0,R2021-167913,warranty,true,[],mydec,https://illinois-edp.data.socrata.com/resource/it54-y4c6.json,2026-04-25 23:47:13.614857,3,6012 SEDGLEY CT BURR RIDGE IL 60527,
dupage,0936310008,2021-11-08,700000.0,R2021-170559,warranty,true,[],mydec,https://illinois-edp.data.socrata.com/resource/it54-y4c6.json,2026-04-25 23:47:13.614865,3,8460 KIMBERLY CT BURR RIDGE IL 60527,
dupage,0936208012,2021-11-17,775000.0,R2021-169507,warranty,true,[],mydec,https://illinois-edp.data.socrata.com/resource/it54-y4c6.json,2026-04-25 23:47:13.615493,3,8223 WINDSOR CT BURR RIDGE IL 60527,
dupage,0925400001,2021-11-19,255000.0,R2022-008118,warranty,true,[],mydec,https://illinois-edp.data.socrata.com/resource/it54-y4c6.json,2026-04-25 23:47:13.615692,3,75TH HINSDALE IL 60521,
dupage,1001301019,2021-11-22,664000.0,R2022-018275,warranty,true,[],mydec,https://illinois-edp.data.socrata.com/resource/it54-y4c6.json,2026-04-25 23:47:13.615835,3,10S650 GLENN DR BURR RIDGE IL 60521,
dupage,0936102003,2021-11-30,300000.0,R2022-005205,warranty,true,[],mydec,https://illinois-edp.data.socrata.com/resource/it54-y4c6.json,2026-04-25 23:47:18.880268,3,9S241 MADISON ST BURR RIDGE IL 60527,
dupage,1001207068,2021-12-08,1200000.0,R2022-000376,warranty,true,[],mydec,https://illinois-edp.data.socrata.com/resource/it54-y4c6.json,2026-04-25 23:47:18.880819,3,20 ASHTON DR BURR RIDGE IL 60527,
dupage,1011201002,2021-12-14,525000.0,R2021-180152,warranty,true,[],mydec,https://illinois-edp.data.socrata.com/resource/it54-y4c6.json,2026-04-25 23:47:18.881168,3,16W361 95TH PL BURR RIDGE IL 60527,
dupage,0925205001,2021-12-16,610000.0,R2021-185382,warranty,true,[],mydec,https://illinois-edp.data.socrata.com/resource/it54-y4c6.json,2026-04-25 23:47:18.881418,3,7309 GARFIELD AVE BURR RIDGE IL 60527,
dupage,0936203008,2021-12-21,575000.0,R2022-003551,warranty,true,[],mydec,https://illinois-edp.data.socrata.com/resource/it54-y4c6.json,2026-04-25 23:47:18.881722,3,8130 GARFIELD AVE BURR RIDGE IL 60527,
dupage,0936403015,2021-12-27,590000.0,R2022-000577,warranty,true,[],mydec,https://illinois-edp.data.socrata.com/resource/it54-y4c6.json,2026-04-25 23:47:18.881998,3,8424 S PARK AVE BURR RIDGE IL 60527,
dupage,1011201008,2021-12-28,895000.0,R2022-008415,warranty,true,[],mydec,https://illinois-edp.data.socrata.com/resource/it54-y4c6.json,2026-04-25 23:47:18.882147,3,16W307 95TH PL BURR RIDGE IL 60527,
dupage,1001302025,2021-12-28,745000.0,R2022-020614,warranty,true,[],mydec,https://illinois-edp.data.socrata.com/resource/it54-y4c6.json,2026-04-25 23:47:18.88215,3,4 KERI LN BURR RIDGE IL 60527,
dupage,1001406011,2022-01-17,460000.0,R2022-014033,warranty,true,[],mydec,https://illinois-edp.data.socrata.com/resource/it54-y4c6.json,2026-04-25 23:47:18.883206,3,29 PIN OAK CT BURR RIDGE IL 60527,
dupage,1001308026,2022-01-24,490000.0,R2022-017220,warranty,true,[],mydec,https://illinois-edp.data.socrata.com/resource/it54-y4c6.json,2026-04-25 23:47:18.883471,3,51 OAK CREEK DR BURR RIDGE IL 60527,
dupage,0913302030,2022-01-25,1160000.0,R2022-017543,warranty,true,[],mydec,https://illinois-edp.data.socrata.com/resource/it54-y4c6.json,2026-04-25 23:47:18.883524,3,9 RIDGE FARM RD BURR RIDGE IL 60527,
dupage,0936404033,2022-01-25,770000.0,R2022-016597,warranty,true,[],mydec,https://illinois-edp.data.socrata.com/resource/it54-y4c6.json,2026-04-25 23:47:18.88353,3,20 DEER PATH TRL BURR RIDGE IL 60527,
dupage,0925206003,2022-01-31,329000.0,R2022-013624,warranty,true,[],mydec,https://illinois-edp.data.socrata.com/resource/it54-y4c6.json,2026-04-25 23:47:25.643098,3,7329 GIDDINGS AVE BURR RIDGE IL 60527,
dupage,0924200035,2022-02-01,390000.0,R2022-044684,warranty,true,[],mydec,https://illinois-edp.data.socrata.com/resource/it54-y4c6.json,2026-04-25 23:47:25.643153,3,15W232 PLAINFIELD RD BURR RIDGE IL 60527,
dupage,0936300024,2022-02-03,1260000.0,R2022-013190,warranty,true,[],mydec,https://illinois-edp.data.socrata.com/resource/it54-y4c6.json,2026-04-25 23:47:25.64326,3,8310 WATERVIEW CT BURR RIDGE IL 60527,
dupage,0925303016,2022-02-03,10700000.0,R2022-013075,warranty,true,[],mydec,https://illinois-edp.data.socrata.com/resource/it54-y4c6.json,2026-04-25 23:47:25.643266,3,405-09 HEATHROW CT BURR RIDGE IL 60482,
dupage,0936300024,2022-02-03,1260000.0,R2022-013189,warranty,true,[],mydec,https://illinois-edp.data.socrata.com/resource/it54-y4c6.json,2026-04-25 23:47:25.643278,3,8310 WATERVIEW CT BURR RIDGE IL 60527,
dupage,0913301003,2022-02-04,1250000.0,R2022-014456,warranty,true,[],mydec,https://illinois-edp.data.socrata.com/resource/it54-y4c6.json,2026-04-25 23:47:25.643332,3,128 W 59TH ST BURR RIDGE IL 60527,
dupage,0913307007,2022-02-10,770000.0,R2022-029450,warranty,true,[],mydec,https://illinois-edp.data.socrata.com/resource/it54-y4c6.json,2026-04-25 23:47:25.643557,3,6066 KELLER DR BURR RIDGE IL 60527,
dupage,0936100004,2022-02-10,695000.0,R2022-025978,warranty,true,[],mydec,https://illinois-edp.data.socrata.com/resource/it54-y4c6.json,2026-04-25 23:47:25.643577,3,15W749 79TH ST BURR RIDGE IL 60527,
dupage,1012100007,2022-02-14,112000.0,R2022-021892,warranty,true,[],mydec,https://illinois-edp.data.socrata.com/resource/it54-y4c6.json,2026-04-25 23:47:25.643741,3,34 MARISSA CT BURR RIDGE IL 60527,
dupage,0936109075,2022-02-15,735000.0,R2022-025545,warranty,true,[],mydec,https://illinois-edp.data.socrata.com/resource/it54-y4c6.json,2026-04-25 23:47:25.643808,3,15W521 81ST ST BURR RIDGE IL 60527,
dupage,1001107029,2022-02-16,855000.0,R2022-020766,warranty,true,[],mydec,https://illinois-edp.data.socrata.com/resource/it54-y4c6.json,2026-04-25 23:47:25.643873,3,8733 POLO RIDGE CT BURR RIDGE IL 60527,
dupage,1001308004,2022-02-17,614000.0,R2022-020002,warranty,true,[],mydec,https://illinois-edp.data.socrata.com/resource/it54-y4c6.json,2026-04-25 23:47:25.643945,3,6 BEL AIRE CT BURR RIDGE IL 60527,
dupage,1001300007,2022-02-25,500000.0,R2022-021820,warranty,true,[],mydec,https://illinois-edp.data.socrata.com/resource/it54-y4c6.json,2026-04-25 23:47:25.644409,3,10S424 GLENN DR BURR RIDGE IL 60521,
dupage,0925401025,2022-02-26,1080000.0,R2022-031999,warranty,true,[],mydec,https://illinois-edp.data.socrata.com/resource/it54-y4c6.json,2026-04-25 23:47:25.644479,3,7620 DREW AVE BURR RIDGE IL 60527,
dupage,0925404016,2022-03-01,300000.0,R2022-029837,warranty,true,[],mydec,https://illinois-edp.data.socrata.com/resource/it54-y4c6.json,2026-04-25 23:47:25.644605,3,227 79TH ST BURR RIDGE IL 60527,
dupage,1002401009,2022-03-01,366000.0,R2022-028588,warranty,true,[],mydec,https://illinois-edp.data.socrata.com/resource/it54-y4c6.json,2026-04-25 23:47:25.644624,3,16W324 93RD PL BURR RIDGE IL 60527,
dupage,1001308020,2022-03-02,480000.0,R2022-025624,warranty,true,[],mydec,https://illinois-edp.data.socrata.com/resource/it54-y4c6.json,2026-04-25 23:47:25.64469,3,45 OAK CREEK CT BURR RIDGE IL 60527,
dupage,0936205003,2022-03-03,450000.0,R2022-026604,warranty,true,[],mydec,https://illinois-edp.data.socrata.com/resource/it54-y4c6.json,2026-04-25 23:47:25.644762,3,8200 KATHRYN CT BURR RIDGE IL 60527,
dupage,1002410004,2022-03-11,1225000.0,R2022-027844,warranty,true,[],mydec,https://illinois-edp.data.socrata.com/resource/it54-y4c6.json,2026-04-25 23:47:25.645203,3,9171 FALLING WATERS BURR RIDGE IL 60527,
dupage,0913404021,2022-03-12,1400000.0,R2022-043866,warranty,true,[],mydec,https://illinois-edp.data.socrata.com/resource/it54-y4c6.json,2026-04-25 23:47:25.645274,3,6210 COVE CREEK CT BURR RIDGE IL 60527,
dupage,0925207009,2022-03-14,250000.0,R2022-031173,warranty,true,[],mydec,https://illinois-edp.data.socrata.com/resource/it54-y4c6.json,2026-04-25 23:47:25.645312,3,7350 HAMILTON AVE BURR RIDGE IL 60527,
dupage,0924402001,2022-03-14,1275000.0,R2022-033718,warranty,true,[],mydec,https://illinois-edp.data.socrata.com/resource/it54-y4c6.json,2026-04-25 23:47:25.645325,3,6935 FIELDSTONE DR BURR RIDGE IL 60527,
dupage,0913302012,2022-03-18,550000.0,R2022-041817,warranty,true,[],mydec,https://illinois-edp.data.socrata.com/resource/it54-y4c6.json,2026-04-25 23:47:25.645619,3,460 60TH PL BURR RIDGE IL 60527,
dupage,0936406008,2022-03-18,775000.0,R2022-031369,warranty,true,[],mydec,https://illinois-edp.data.socrata.com/resource/it54-y4c6.json,2026-04-25 23:47:25.645636,3,8633 HEATHER DR BURR RIDGE IL 60527,
dupage,0936311032,2022-03-21,553450.0,R2022-039088,warranty,true,[],mydec,https://illinois-edp.data.socrata.com/resource/it54-y4c6.json,2026-04-25 23:47:25.645741,3,573 87TH ST BURR RIDGE IL 60527,
dupage,0924307007,2022-03-31,1137500.0,R2022-037067,warranty,true,[],mydec,https://illinois-edp.data.socrata.com/resource/it54-y4c6.json,2026-04-25 23:47:32.157401,3,6755 FIELDSTONE DR BURR RIDGE IL 60527,
dupage,0936400038,2022-04-01,725000.0,R2022-036098,warranty,true,[],mydec,https://illinois-edp.data.socrata.com/resource/it54-y4c6.json,2026-04-25 23:47:32.157522,3,8300 S COUNTY LINE RD BURR RIDGE IL 60527,
dupage,0925404015,2022-04-04,760000.0,R2022-038627,warranty,true,[],mydec,https://illinois-edp.data.socrata.com/resource/it54-y4c6.json,2026-04-25 23:47:32.157598,3,7804 DREW AVE BURR RIDGE IL 60527,
dupage,0925404023,2022-04-05,680000.0,R2022-036274,warranty,true,[],mydec,https://illinois-edp.data.socrata.com/resource/it54-y4c6.json,2026-04-25 23:47:32.157675,3,7816 DREW AVE BURR RIDGE IL 60527,
dupage,1001302015,2022-04-11,695000.0,R2022-037809,warranty,true,[],mydec,https://illinois-edp.data.socrata.com/resource/it54-y4c6.json,2026-04-25 23:47:32.158028,3,10S667 GLENN DR BURR RIDGE IL 60527,
dupage,0925111039,2022-04-12,415000.0,R2022-049495,warranty,true,[],mydec,https://illinois-edp.data.socrata.com/resource/it54-y4c6.json,2026-04-25 23:47:32.158091,3,148 CHESTNUT HILLS BURR RIDGE IL 60527,
dupage,0936102012,2022-04-14,1045000.0,R2022-040888,warranty,true,[],mydec,https://illinois-edp.data.socrata.com/resource/it54-y4c6.json,2026-04-25 23:47:32.158279,3,15W645 81ST ST BURR RIDGE IL 60527,
dupage,0936312015,2022-04-15,950000.0,R2022-047051,warranty,true,[],mydec,https://illinois-edp.data.socrata.com/resource/it54-y4c6.json,2026-04-25 23:47:32.158359,3,141 KRAML DR BURR RIDGE IL 60527,
dupage,0936304046,2022-04-15,480000.0,R2022-044560,warranty,true,[],mydec,https://illinois-edp.data.socrata.com/resource/it54-y4c6.json,2026-04-25 23:47:32.158395,3,8549 CLYNDERVEN RD BURR RIDGE IL 60527,
dupage,0936404043,2022-04-21,910000.0,R2022-043201,warranty,true,[],mydec,https://illinois-edp.data.socrata.com/resource/it54-y4c6.json,2026-04-25 23:47:32.158735,3,11 COVE CT BURR RIDGE IL 60527,
dupage,0913409010,2022-04-25,2000000.0,R2022-045159,warranty,true,[],mydec,https://illinois-edp.data.socrata.com/resource/it54-y4c6.json,2026-04-25 23:47:32.158937,3,1403 BURR RIDGE CLB BURR RIDGE IL 60527,
dupage,1001207073,2022-05-05,285000.0,R2022-046222,warranty,true,[],mydec,https://illinois-edp.data.socrata.com/resource/it54-y4c6.json,2026-04-25 23:47:32.159727,3,140 GLENMORA DR HINSDALE IL 60521,
dupage,1001109005,2022-05-05,850000.0,R2022-048566,warranty,true,[],mydec,https://illinois-edp.data.socrata.com/resource/it54-y4c6.json,2026-04-25 23:47:32.159752,3,3 MORGAN CT BURR RIDGE IL 60527,
dupage,0936306004,2022-05-09,550000.0,R2022-050169,warranty,true,[],mydec,https://illinois-edp.data.socrata.com/resource/it54-y4c6.json,2026-04-25 23:47:32.159929,3,401 KIRKWOOD COVE BURR RIDGE IL 60527,
dupage,0924405010,2022-05-09,1716836.0,R2022-047119,warranty,true,[],mydec,https://illinois-edp.data.socrata.com/resource/it54-y4c6.json,2026-04-25 23:47:32.15997,3,6836 FIELDSTONE DR BURR RIDGE IL 60527,
dupage,0913300064,2022-05-18,905000.0,R2022-050462,warranty,true,[],mydec,https://illinois-edp.data.socrata.com/resource/it54-y4c6.json,2026-04-25 23:47:32.160624,3,12 NORRIS DR BURR RIDGE IL 60527,
dupage,1001304017,2022-05-19,1137500.0,R2022-051030,warranty,true,[],mydec,https://illinois-edp.data.socrata.com/resource/it54-y4c6.json,2026-04-25 23:47:34.656387,3,701 PROVENCAL DR BURR RIDGE IL 60527,
dupage,0913401015,2022-05-23,1300000.0,R2022-055310,warranty,true,[],mydec,https://illinois-edp.data.socrata.com/resource/it54-y4c6.json,2026-04-25 23:47:34.656614,3,6000 SEDGLEY CT BURR RIDGE IL 60527,
dupage,0924306012,2022-05-23,340000.0,R2022-055332,warranty,true,[],mydec,https://illinois-edp.data.socrata.com/resource/it54-y4c6.json,2026-04-25 23:47:34.656629,3,6790 FIELDSTONE DR BURR RIDGE IL 60527,
dupage,0925401008,2022-05-25,700000.0,R2022-056901,warranty,true,[],mydec,https://illinois-edp.data.socrata.com/resource/it54-y4c6.json,2026-04-25 23:47:34.65688,3,7607 HAMILTON AVE BURR RIDGE IL 60527,
dupage,0925401009,2022-05-26,460000.0,R2022-060267,warranty,true,[],mydec,https://illinois-edp.data.socrata.com/resource/it54-y4c6.json,2026-04-25 23:47:34.656982,3,7611 HAMILTON AVE BURR RIDGE IL 60527,
dupage,0913302026,2022-06-09,1699000.0,R2022-059733,warranty,true,[],mydec,https://illinois-edp.data.socrata.com/resource/it54-y4c6.json,2026-04-25 23:47:34.658016,3,1 RIDGE FARM RD BURR RIDGE IL 60527,
dupage,0936405005,2022-06-13,665000.0,R2022-067848,warranty,true,[],mydec,https://illinois-edp.data.socrata.com/resource/it54-y4c6.json,2026-04-25 23:47:34.658253,3,8532 HEATHER DR BURR RIDGE IL 60527,
dupage,0924408004,2022-06-14,470000.0,R2022-058019,warranty,true,[],mydec,https://illinois-edp.data.socrata.com/resource/it54-y4c6.json,2026-04-25 23:47:34.658319,3,"7055 VETERANS BLVD # D BURR RIDGE IL 60527",
dupage,1002412006,2022-06-14,1050000.0,R2022-058721,warranty,true,[],mydec,https://illinois-edp.data.socrata.com/resource/it54-y4c6.json,2026-04-25 23:47:34.658343,3,6 TUMBLEBROOK CT BURR RIDGE IL 60527,
dupage,1001207039,2022-06-15,760000.0,R2022-059322,warranty,true,[],mydec,https://illinois-edp.data.socrata.com/resource/it54-y4c6.json,2026-04-25 23:47:34.658439,3,4 ENCLAVE CT BURR RIDGE IL 60527,
dupage,0936309004,2022-06-15,715000.0,R2022-059137,warranty,true,[],mydec,https://illinois-edp.data.socrata.com/resource/it54-y4c6.json,2026-04-25 23:47:34.658489,3,8485 DOLFOR CV BURR RIDGE IL 60527,
dupage,0913308027,2022-06-16,1899000.0,R2022-059187,warranty,true,[],mydec,https://illinois-edp.data.socrata.com/resource/it54-y4c6.json,2026-04-25 23:47:34.658588,3,9 CLUBSIDE CT BURR RIDGE IL 60527,
dupage,1001308019,2022-06-16,540000.0,R2022-061645,warranty,true,[],mydec,https://illinois-edp.data.socrata.com/resource/it54-y4c6.json,2026-04-25 23:47:34.658592,3,44 OAK CREEK CT BURR RIDGE IL 60527,
dupage,1001308037,2022-06-17,555000.0,R2022-073291,warranty,true,[],mydec,https://illinois-edp.data.socrata.com/resource/it54-y4c6.json,2026-04-25 23:47:34.658721,3,62 MALIBU CT BURR RIDGE IL 60527,
dupage,1001302070,2022-06-20,996000.0,R2022-064272,warranty,true,[],mydec,https://illinois-edp.data.socrata.com/resource/it54-y4c6.json,2026-04-25 23:47:34.658847,3,158 CIRCLE RIDGE DR BURR RIDGE IL 60527,
dupage,0935403030,2022-06-21,4900000.0,R2022-099976,warranty,true,[],mydec,https://illinois-edp.data.socrata.com/resource/it54-y4c6.json,2026-04-25 23:47:34.658982,3,8320 S MADISON ST BURR RIDGE IL 60527,
dupage,0913301002,2022-06-24,1500000.0,R2022-085589,warranty,true,[],mydec,https://illinois-edp.data.socrata.com/resource/it54-y4c6.json,2026-04-25 23:47:34.659315,3,134 W 59TH ST BURR RIDGE IL 60527,
dupage,0925207015,2022-06-27,420777.0,R2022-063521,warranty,true,[],mydec,https://illinois-edp.data.socrata.com/resource/it54-y4c6.json,2026-04-25 23:47:34.659455,3,7320 HAMILTON AVE BURR RIDGE IL 60527,
dupage,1001401045,2022-06-28,1280000.0,R2022-074977,warranty,true,[],mydec,https://illinois-edp.data.socrata.com/resource/it54-y4c6.json,2026-04-25 23:47:34.659554,3,225 FOREST EDGE CT BURR RIDGE IL 60527,
dupage,0913406016,2022-06-28,1465000.0,R2022-073839,warranty,true,[],mydec,https://illinois-edp.data.socrata.com/resource/it54-y4c6.json,2026-04-25 23:47:40.103547,3,6009 S ELM ST BURR RIDGE IL 60527,
dupage,1011200007,2022-07-05,398000.0,R2023-056238,warranty,true,[],mydec,https://illinois-edp.data.socrata.com/resource/it54-y4c6.json,2026-04-25 23:47:40.103971,3,16W328 95TH PL BURR RIDGE IL 60527,
dupage,0935402042,2022-07-06,1725000.0,R2022-065038,warranty,true,[],mydec,https://illinois-edp.data.socrata.com/resource/it54-y4c6.json,2026-04-25 23:47:40.104093,3,8549 TIMBER RIDGE DR BURR RIDGE IL 60527,
dupage,0924401013,2022-07-14,850000.0,R2022-073577,warranty,true,[],mydec,https://illinois-edp.data.socrata.com/resource/it54-y4c6.json,2026-04-25 23:47:40.104655,3,6817 FIELDSTONE DR BURR RIDGE IL 60521,
dupage,0913404027,2022-07-14,1725000.0,R2022-067656,warranty,true,[],mydec,https://illinois-edp.data.socrata.com/resource/it54-y4c6.json,2026-04-25 23:47:40.104693,3,6200 COVE CREEK CT BURR RIDGE IL 60527,
dupage,0925206007,2022-07-20,320000.0,R2022-069785,warranty,true,[],mydec,https://illinois-edp.data.socrata.com/resource/it54-y4c6.json,2026-04-25 23:47:40.105121,3,7310 S PARK AVE BURR RIDGE IL 60527,
dupage,1002403011,2022-07-25,350000.0,R2022-076870,warranty,true,[],mydec,https://illinois-edp.data.socrata.com/resource/it54-y4c6.json,2026-04-25 23:47:40.105444,3,16W281 94TH ST BURR RIDGE IL 60527,
dupage,1001204007,2022-07-25,795000.0,R2022-072398,warranty,true,[],mydec,https://illinois-edp.data.socrata.com/resource/it54-y4c6.json,2026-04-25 23:47:40.105453,3,8721 WEDGEWOOD DR BURR RIDGE IL 60527,
dupage,1001406018,2022-08-04,460000.0,R2022-092587,warranty,true,[],mydec,https://illinois-edp.data.socrata.com/resource/it54-y4c6.json,2026-04-25 23:47:40.106498,3,24 RODEO DR BURR RIDGE IL 60527,
dupage,0924405025,2022-08-09,774000.0,R2022-078653,warranty,true,[],mydec,https://illinois-edp.data.socrata.com/resource/it54-y4c6.json,2026-04-25 23:47:40.106915,3,6902 FIELDSTONE DR BURR RIDGE IL 60527,
dupage,0936302008,2022-08-16,625000.0,R2022-083640,warranty,true,[],mydec,https://illinois-edp.data.socrata.com/resource/it54-y4c6.json,2026-04-25 23:47:45.267347,3,8412 CLYNDERVEN RD BURR RIDGE IL 60527,
dupage,1002402010,2022-08-16,390000.0,R2022-080147,warranty,true,[],mydec,https://illinois-edp.data.socrata.com/resource/it54-y4c6.json,2026-04-25 23:47:45.267359,3,16W321 93RD ST BURR RIDGE IL 60527,
dupage,0936407020,2022-08-17,1200000.0,R2022-089189,warranty,true,[],mydec,https://illinois-edp.data.socrata.com/resource/it54-y4c6.json,2026-04-25 23:47:45.267443,3,2 HIDDEN LAKE DR BURR RIDGE IL 60527,
dupage,0925202003,2022-08-23,385000.0,R2022-085292,warranty,true,[],mydec,https://illinois-edp.data.socrata.com/resource/it54-y4c6.json,2026-04-25 23:47:45.267852,3,7213 GIDDINGS AVE BURR RIDGE IL 60527,
dupage,1001304015,2022-08-24,910000.0,R2022-085075,warranty,true,[],mydec,https://illinois-edp.data.socrata.com/resource/it54-y4c6.json,2026-04-25 23:47:45.267983,3,103 OAK RIDGE DR W BURR RIDGE IL 60527,
dupage,1001207053,2022-08-25,106000.0,R2022-097375,warranty,true,[],mydec,https://illinois-edp.data.socrata.com/resource/it54-y4c6.json,2026-04-25 23:47:45.268105,3,17 ASHTON DR BURR RIDGE IL 60527,
dupage,0936210008,2022-08-31,240000.0,R2022-082132,warranty,true,[],mydec,https://illinois-edp.data.socrata.com/resource/it54-y4c6.json,2026-04-25 23:47:45.268488,3,"7970 GARFIELD AVE # 202 BURR RIDGE IL 60527",
dupage,1001308014,2022-08-31,695000.0,R2022-088296,warranty,true,[],mydec,https://illinois-edp.data.socrata.com/resource/it54-y4c6.json,2026-04-25 23:47:45.268511,3,39 RED OAK CT BURR RIDGE IL 60527,
dupage,1001302054,2022-09-01,850000.0,R2022-085290,warranty,true,[],mydec,https://illinois-edp.data.socrata.com/resource/it54-y4c6.json,2026-04-25 23:47:45.268598,3,126 CIRCLE RIDGE DR BURR RIDGE IL 60527,
dupage,0925403014,2022-09-02,775000.0,R2022-092923,warranty,true,[],mydec,https://illinois-edp.data.socrata.com/resource/it54-y4c6.json,2026-04-25 23:47:45.268672,3,307 79TH ST BURR RIDGE IL 60527,
dupage,0925207007,2022-09-06,605000.0,R2022-088174,warranty,true,[],mydec,https://illinois-edp.data.socrata.com/resource/it54-y4c6.json,2026-04-25 23:47:45.268776,3,7330 HAMILTON AVE BURR RIDGE IL 60527,
dupage,1001207002,2022-09-23,870000.0,R2022-089032,warranty,true,[],mydec,https://illinois-edp.data.socrata.com/resource/it54-y4c6.json,2026-04-25 23:47:45.269837,3,310 DEVON DR BURR RIDGE IL 60527,
dupage,0936209027,2022-09-27,210000.0,R2022-106109,warranty,true,[],mydec,https://illinois-edp.data.socrata.com/resource/it54-y4c6.json,2026-04-25 23:47:45.27004,3,"8086 GARFIELD AVE # 7-3 BURR RIDGE IL 60521",
dupage,0936209015,2022-09-29,292000.0,R2022-096518,warranty,true,[],mydec,https://illinois-edp.data.socrata.com/resource/it54-y4c6.json,2026-04-25 23:47:45.270294,3,"8094 GARFIELD AVE # 4-3 BURR RIDGE IL 60527",
dupage,0936101005,2022-09-29,361000.0,R2022-090188,warranty,true,[],mydec,https://illinois-edp.data.socrata.com/resource/it54-y4c6.json,2026-04-25 23:47:45.270299,3,9S165 MADISON ST HINSDALE IL 60521,
dupage,0936405013,2022-10-14,550000.0,R2022-094407,warranty,true,[],mydec,https://illinois-edp.data.socrata.com/resource/it54-y4c6.json,2026-04-25 23:47:47.825265,3,8680 HEATHER DR BURR RIDGE IL 60527,
dupage,0936209040,2022-10-20,275000.0,R2022-097402,warranty,true,[],mydec,https://illinois-edp.data.socrata.com/resource/it54-y4c6.json,2026-04-25 23:47:47.825644,3,8070 S GARFIELD AVE BURR RIDGE IL 60527,
dupage,0913308001,2022-10-20,940000.0,R2022-097101,warranty,true,[],mydec,https://illinois-edp.data.socrata.com/resource/it54-y4c6.json,2026-04-25 23:47:47.82566,3,1 CLUBSIDE CT BURR RIDGE IL 60527,
dupage,0936109067,2022-10-24,715000.0,R2022-096832,warranty,true,[],mydec,https://illinois-edp.data.socrata.com/resource/it54-y4c6.json,2026-04-25 23:47:47.825815,3,67 BERKSHIRE CT BURR RIDGE IL 60527,
dupage,0925107054,2022-10-27,1150000.0,R2022-097637,warranty,true,[],mydec,https://illinois-edp.data.socrata.com/resource/it54-y4c6.json,2026-04-25 23:47:47.826148,3,8S255 NORMANDEE CT BURR RIDGE IL 60527,
dupage,1002409024,2022-10-29,215000.0,R2022-104655,warranty,true,[],mydec,https://illinois-edp.data.socrata.com/resource/it54-y4c6.json,2026-04-25 23:47:47.826303,3,9351 FALLING WATERS DR W BURR RIDGE IL 60527,
dupage,0936306004,2022-10-31,715000.0,R2022-099076,warranty,true,[],mydec,https://illinois-edp.data.socrata.com/resource/it54-y4c6.json,2026-04-25 23:47:47.826343,3,401 KIRKWOOD COVE BURR RIDGE IL 60527,
dupage,1002408014,2022-11-01,1200000.0,R2022-103199,warranty,true,[],mydec,https://illinois-edp.data.socrata.com/resource/it54-y4c6.json,2026-04-25 23:47:47.826411,3,9295 CASCADE CIR BURR RIDGE IL 60527,
dupage,0936300012,2022-11-14,660000.0,R2022-111039,warranty,true,[],mydec,https://illinois-edp.data.socrata.com/resource/it54-y4c6.json,2026-04-25 23:47:47.826961,3,750 CAMBRIDGE DR BURR RIDGE IL 60527,
dupage,0925304003,2022-11-14,550000.0,R2022-107296,warranty,true,[],mydec,https://illinois-edp.data.socrata.com/resource/it54-y4c6.json,2026-04-25 23:47:47.826972,3,7706 S GRANT ST BURR RIDGE IL 60527,
dupage,1011207017,2022-11-21,1875000.0,R2022-108966,warranty,true,[],mydec,https://illinois-edp.data.socrata.com/resource/it54-y4c6.json,2026-04-25 23:47:47.827414,3,9601 PACIFIC CT BURR RIDGE IL 60527,
dupage,0913301023,2022-11-30,1500000.0,R2022-106797,warranty,true,[],mydec,https://illinois-edp.data.socrata.com/resource/it54-y4c6.json,2026-04-25 23:47:47.827829,3,5905 S GRANT ST BURR RIDGE IL 60527,
dupage,0913302029,2022-12-08,1055000.0,R2022-107916,warranty,true,[],mydec,https://illinois-edp.data.socrata.com/resource/it54-y4c6.json,2026-04-25 23:47:47.828291,3,7 RIDGE FARM RD BURR RIDGE IL 60527,
dupage,1001401046,2022-12-14,2150000.0,R2023-000328,warranty,true,[],mydec,https://illinois-edp.data.socrata.com/resource/it54-y4c6.json,2026-04-25 23:47:56.225397,3,220 FOREST EDGE CT BURR RIDGE IL 60527,
dupage,0925304003,2022-12-19,600000.0,R2022-109598,warranty,true,[],mydec,https://illinois-edp.data.socrata.com/resource/it54-y4c6.json,2026-04-25 23:47:56.22566,3,7706 S GRANT ST BURR RIDGE IL 60527,
dupage,1002405001,2022-12-20,800000.0,R2022-110767,warranty,true,[],mydec,https://illinois-edp.data.socrata.com/resource/it54-y4c6.json,2026-04-25 23:47:56.225732,3,10S560 OAK HILL CT BURR RIDGE IL 60527,
dupage,0936304011,2023-01-03,560000.0,R2023-003586,warranty,true,[],mydec,https://illinois-edp.data.socrata.com/resource/it54-y4c6.json,2026-04-25 23:47:56.226135,3,8485 CLYNDERVEN RD BURR RIDGE IL 60527,
dupage,0924201009,2023-01-03,1678725.0,R2023-003642,warranty,true,[],mydec,https://illinois-edp.data.socrata.com/resource/it54-y4c6.json,2026-04-25 23:47:56.226139,3,6501 S ELM ST BURR RIDGE IL 60527,
dupage,1002412005,2023-01-11,1155000.0,R2023-009477,warranty,true,[],mydec,https://illinois-edp.data.socrata.com/resource/it54-y4c6.json,2026-04-25 23:47:56.226467,3,4 TUMBLEBROOK CT BURR RIDGE IL 60527,
dupage,0924308008,2023-01-11,3500000.0,R2023-003435,warranty,true,[],mydec,https://illinois-edp.data.socrata.com/resource/it54-y4c6.json,2026-04-25 23:47:56.226479,3,7040 HIGH GROVE BLVD BURR RIDGE IL 60527,
dupage,1001203017,2023-01-26,690000.0,R2023-006290,warranty,true,[],mydec,https://illinois-edp.data.socrata.com/resource/it54-y4c6.json,2026-04-25 23:47:56.226973,3,2 HANOVER CT BURR RIDGE IL 60527,
dupage,0924204005,2023-01-31,1150000.0,R2023-008605,warranty,true,[],mydec,https://illinois-edp.data.socrata.com/resource/it54-y4c6.json,2026-04-25 23:47:56.227171,3,6972 FIELDSTONE DR BURR RIDGE IL 60527,
dupage,0925111067,2023-02-03,385000.0,R2023-008750,warranty,true,[],mydec,https://illinois-edp.data.socrata.com/resource/it54-y4c6.json,2026-04-25 23:47:56.227376,3,135 CHESTNUT HILLS CIR BURR RIDGE IL 60527,
dupage,0935205008,2023-02-23,5000000.0,R2023-013175,warranty,true,[],mydec,https://illinois-edp.data.socrata.com/resource/it54-y4c6.json,2026-04-25 23:47:56.228206,3,311 SHORE DR BURR RIDGE IL 60527,
dupage,0925302019,2023-02-27,1700000.0,R2023-012208,warranty,true,[],mydec,https://illinois-edp.data.socrata.com/resource/it54-y4c6.json,2026-04-25 23:48:01.641939,3,7750 S GRANT ST BURR RIDGE IL 60521,
dupage,1002409016,2023-03-01,1325000.0,R2023-016464,warranty,true,[],mydec,https://illinois-edp.data.socrata.com/resource/it54-y4c6.json,2026-04-25 23:48:01.64216,3,12 SYLVAN GLEN CT BURR RIDGE IL 60527,
dupage,0936408023,2023-03-02,700000.0,R2023-016809,warranty,true,[],mydec,https://illinois-edp.data.socrata.com/resource/it54-y4c6.json,2026-04-25 23:48:01.642235,3,8324 S COUNTY LINE RD BURR RIDGE IL 60527,
dupage,0936309008,2023-03-09,465000.0,R2023-015756,warranty,true,[],mydec,https://illinois-edp.data.socrata.com/resource/it54-y4c6.json,2026-04-25 23:48:01.642573,3,402 PARKVIEW PL BURR RIDGE IL 60527,
dupage,1001106007,2023-03-15,885000.0,R2023-016596,warranty,true,[],mydec,https://illinois-edp.data.socrata.com/resource/it54-y4c6.json,2026-04-25 23:48:01.642904,3,2 HUNTER CT BURR RIDGE IL 60527,
dupage,0936302011,2023-03-15,553000.0,R2023-020487,warranty,true,[],mydec,https://illinois-edp.data.socrata.com/resource/it54-y4c6.json,2026-04-25 23:48:01.642934,3,8448 CLYNDERVEN RD BURR RIDGE IL 60527,
dupage,0924200035,2023-03-16,715000.0,R2023-017130,warranty,true,[],mydec,https://illinois-edp.data.socrata.com/resource/it54-y4c6.json,2026-04-25 23:48:01.643006,3,15W232 PLAINFIELD RD BURR RIDGE IL 60527,
dupage,0936105025,2023-03-30,650000.0,R2023-019909,warranty,true,[],mydec,https://illinois-edp.data.socrata.com/resource/it54-y4c6.json,2026-04-25 23:48:01.64379,3,8250 LAKE RIDGE DR BURR RIDGE IL 60527,
dupage,1001401033,2023-03-31,1180000.0,R2023-019864,warranty,true,[],mydec,https://illinois-edp.data.socrata.com/resource/it54-y4c6.json,2026-04-25 23:48:01.643896,3,9290 FOREST EDGE LN BURR RIDGE IL 60527,
dupage,1002411005,2023-03-31,917000.0,R2023-022212,warranty,true,[],mydec,https://illinois-edp.data.socrata.com/resource/it54-y4c6.json,2026-04-25 23:48:01.643918,3,9 ARCADIA CT BURR RIDGE IL 60527,
dupage,0925111070,2023-04-14,420000.0,R2023-023464,warranty,true,[],mydec,https://illinois-edp.data.socrata.com/resource/it54-y4c6.json,2026-04-25 23:48:01.644743,3,108 CHESTNUT HILL CIR BURR RIDGE IL 60527,
dupage,0936405011,2023-04-18,729000.0,R2023-028876,warranty,true,[],mydec,https://illinois-edp.data.socrata.com/resource/it54-y4c6.json,2026-04-25 23:48:01.64495,3,8648 HEATHER DR BURR RIDGE IL 60527,
dupage,0925405024,2023-04-18,750000.0,R2023-024577,warranty,true,[],mydec,https://illinois-edp.data.socrata.com/resource/it54-y4c6.json,2026-04-25 23:48:01.644973,3,7820 S COUNTY LINE RD BURR RIDGE IL 60527,
dupage,1011200002,2023-04-18,365000.0,R2023-025607,warranty,true,[],mydec,https://illinois-edp.data.socrata.com/resource/it54-y4c6.json,2026-04-25 23:48:01.644977,3,16W370 95TH PL BURR RIDGE IL 60527,
dupage,0924200105,2023-04-24,690220.0,R2023-030301,warranty,true,[],mydec,https://illinois-edp.data.socrata.com/resource/it54-y4c6.json,2026-04-25 23:48:05.084043,3,6520 S ELM ST BURR RIDGE IL 60527,
dupage,1011200005,2023-04-27,490000.0,R2023-027939,warranty,true,[],mydec,https://illinois-edp.data.socrata.com/resource/it54-y4c6.json,2026-04-25 23:48:05.084389,3,16W348 95TH PL BURR RIDGE IL 60527,
dupage,0936406015,2023-04-27,715000.0,R2023-028724,warranty,true,[],mydec,https://illinois-edp.data.socrata.com/resource/it54-y4c6.json,2026-04-25 23:48:05.084402,3,250 LAKEWOOD CIR BURR RIDGE IL 60527,
dupage,0936106010,2023-04-28,776000.0,R2023-033438,warranty,true,[],mydec,https://illinois-edp.data.socrata.com/resource/it54-y4c6.json,2026-04-25 23:48:05.084542,3,8170 RIDGEPOINTE DR BURR RIDGE IL 60527,
dupage,0936109013,2023-04-30,745000.0,R2023-037089,warranty,true,[],mydec,https://illinois-edp.data.socrata.com/resource/it54-y4c6.json,2026-04-25 23:48:05.084663,3,13 LAKE RIDGE CLUB CT BURR RIDGE IL 60527,
dupage,1002409032,2023-05-04,375000.0,R2023-028558,warranty,true,[],mydec,https://illinois-edp.data.socrata.com/resource/it54-y4c6.json,2026-04-25 23:48:05.084939,3,9450 FALLING WATERS DR E BURR RIDGE IL 60527,
dupage,0936404002,2023-05-09,555000.0,R2023-038990,warranty,true,[],mydec,https://illinois-edp.data.socrata.com/resource/it54-y4c6.json,2026-04-25 23:48:05.085245,3,8313 PARK AVE BURR RIDGE IL 60527,
dupage,1001209006,2023-05-16,931000.0,R2023-035978,warranty,true,[],mydec,https://illinois-edp.data.socrata.com/resource/it54-y4c6.json,2026-04-25 23:48:05.085824,3,8945 GLENMORA LN BURR RIDGE IL 60521,
dupage,0924407003,2023-05-17,650000.0,R2023-030969,warranty,true,[],mydec,https://illinois-edp.data.socrata.com/resource/it54-y4c6.json,2026-04-25 23:48:05.085919,3,"7045 VETERANS BLVD # A-1 BURR RIDGE IL 60527",
dupage,0924306012,2023-05-17,325000.0,R2023-033763,warranty,true,[],mydec,https://illinois-edp.data.socrata.com/resource/it54-y4c6.json,2026-04-25 23:48:05.085951,3,6790 FIELDSTONE DR BURR RIDGE IL 60527,
dupage,0913301035,2023-05-18,1490000.0,R2023-036254,warranty,true,[],mydec,https://illinois-edp.data.socrata.com/resource/it54-y4c6.json,2026-04-25 23:48:05.086069,3,479 60TH PL BURR RIDGE IL 60521,
dupage,0924402003,2023-05-19,900000.0,R2023-031540,warranty,true,[],mydec,https://illinois-edp.data.socrata.com/resource/it54-y4c6.json,2026-04-25 23:48:05.086172,3,6983 FIELDSTONE DR BURR RIDGE IL 60527,
dupage,0913302031,2023-05-25,1300000.0,R2023-034236,warranty,true,[],mydec,https://illinois-edp.data.socrata.com/resource/it54-y4c6.json,2026-04-25 23:48:05.086675,3,11 RIDGE FARM RD BURR RIDGE IL 60527,
dupage,0936210018,2023-05-25,200000.0,R2023-034842,warranty,true,[],mydec,https://illinois-edp.data.socrata.com/resource/it54-y4c6.json,2026-04-25 23:48:05.086687,3,"7962 S GARFIELD AVE # 110 BURR RIDGE IL 60521",
dupage,1001304021,2023-06-01,1000000.0,R2023-037589,warranty,true,[],mydec,https://illinois-edp.data.socrata.com/resource/it54-y4c6.json,2026-04-25 23:48:05.087433,3,9425 S MADISON ST BURR RIDGE IL 60521,
dupage,1001401031,2023-06-22,140000.0,R2023-042471,warranty,true,[],mydec,https://illinois-edp.data.socrata.com/resource/it54-y4c6.json,2026-04-25 23:48:11.740354,3,9250 FOREST EDGE DR BURR RIDGE IL 60527,
dupage,0935205020,2023-06-29,8800000.0,R2023-042264,warranty,true,[],mydec,https://illinois-edp.data.socrata.com/resource/it54-y4c6.json,2026-04-25 23:48:11.741219,3,7926-8010 S MADISON ST BURR RIDGE IL 60527,
dupage,0935203001,2023-06-29,9650000.0,R2023-042262,warranty,true,[],mydec,https://illinois-edp.data.socrata.com/resource/it54-y4c6.json,2026-04-25 23:48:11.741226,3,231-51 FRONTAGE RD BURR RIDGE IL 60527,
dupage,0935204018,2023-06-29,5000000.0,R2023-042263,warranty,true,[],mydec,https://illinois-edp.data.socrata.com/resource/it54-y4c6.json,2026-04-25 23:48:11.741273,3,151-280 SHORE DR BURR RIDGE IL 60527,
dupage,1011207002,2023-07-14,205000.0,R2023-049918,warranty,true,[],mydec,https://illinois-edp.data.socrata.com/resource/it54-y4c6.json,2026-04-25 23:48:11.74259,3,9508 FALLING WATERS DR W BURR RIDGE IL 60527,
dupage,1001207037,2023-07-31,890000.0,R2023-052055,warranty,true,[],mydec,https://illinois-edp.data.socrata.com/resource/it54-y4c6.json,2026-04-25 23:48:14.515181,3,3 ENCLAVE CT BURR RIDGE IL 60527,
dupage,0925303016,2023-08-02,6735000.0,R2023-050706,warranty,true,[],mydec,https://illinois-edp.data.socrata.com/resource/it54-y4c6.json,2026-04-25 23:48:14.51544,3,405-09 HEATHROW CT BURR RIDGE IL 60482,
dupage,0913302024,2023-08-04,1090000.0,R2023-050116,warranty,true,[],mydec,https://illinois-edp.data.socrata.com/resource/it54-y4c6.json,2026-04-25 23:48:14.515564,3,6121 WOODCREEK DR BURR RIDGE IL 60521,
dupage,0913407010,2023-08-07,1260000.0,R2023-056648,warranty,true,[],mydec,https://illinois-edp.data.socrata.com/resource/it54-y4c6.json,2026-04-25 23:48:14.515703,3,10 WOODGATE DR BURR RIDGE IL 60527,
dupage,0925207004,2023-08-11,335000.0,R2023-054629,warranty,true,[],mydec,https://illinois-edp.data.socrata.com/resource/it54-y4c6.json,2026-04-25 23:48:14.516067,3,7349 S PARK AVE BURR RIDGE IL 60527,
dupage,1001308030,2023-08-30,515000.0,R2023-058651,warranty,true,[],mydec,https://illinois-edp.data.socrata.com/resource/it54-y4c6.json,2026-04-25 23:48:14.517442,3,55 OAK CREEK DR BURR RIDGE IL 60527,
dupage,1001109015,2023-08-30,899000.0,R2023-057707,warranty,true,[],mydec,https://illinois-edp.data.socrata.com/resource/it54-y4c6.json,2026-04-25 23:48:14.517456,3,8 MORGAN CT BURR RIDGE IL 60527,
dupage,1001207081,2023-08-31,215000.0,R2023-057956,warranty,true,[],mydec,https://illinois-edp.data.socrata.com/resource/it54-y4c6.json,2026-04-25 23:48:14.51758,3,15W050 91ST ST BURR RIDGE IL 60527,
dupage,1001100037,2023-09-06,270000.0,R2023-064286,warranty,true,[],mydec,https://illinois-edp.data.socrata.com/resource/it54-y4c6.json,2026-04-25 23:48:14.517905,3,8740 POLO RIDGE CT BURR RIDGE IL 60527,
dupage,0913408038,2023-09-11,1772500.0,R2023-059850,warranty,true,[],mydec,https://illinois-edp.data.socrata.com/resource/it54-y4c6.json,2026-04-25 23:48:20.942102,3,1202 BURR RIDGE CLUB BURR RIDGE IL 60527,
dupage,1001301015,2023-09-12,835000.0,R2023-059839,warranty,true,[],mydec,https://illinois-edp.data.socrata.com/resource/it54-y4c6.json,2026-04-25 23:48:20.942173,3,10S580 GLENN DR BURR RIDGE IL 60527,
dupage,0936304039,2023-09-13,785000.0,R2023-061745,warranty,true,[],mydec,https://illinois-edp.data.socrata.com/resource/it54-y4c6.json,2026-04-25 23:48:20.942289,3,8498 WALREDON AVE BURR RIDGE IL 60527,
dupage,0936104056,2023-09-19,841000.0,R2023-065303,warranty,true,[],mydec,https://illinois-edp.data.socrata.com/resource/it54-y4c6.json,2026-04-25 23:48:20.94265,3,467 81ST ST BURR RIDGE IL 60527,
dupage,0913308027,2023-09-21,1950000.0,R2023-063875,warranty,true,[],mydec,https://illinois-edp.data.socrata.com/resource/it54-y4c6.json,2026-04-25 23:48:20.942921,3,9 CLUBSIDE CT BURR RIDGE IL 60527,
dupage,0935400017,2023-10-04,615000.0,R2023-064996,warranty,true,[],mydec,https://illinois-edp.data.socrata.com/resource/it54-y4c6.json,2026-04-25 23:48:20.943894,3,8616 MEADOWBROOK DR BURR RIDGE IL 60527,
dupage,0936209009,2023-10-06,250000.0,R2023-065947,warranty,true,[],mydec,https://illinois-edp.data.socrata.com/resource/it54-y4c6.json,2026-04-25 23:48:20.944066,3,"8090 GARFIELD AVE # 3-1 BURR RIDGE IL 60527",
dupage,0936204015,2023-10-12,641600.0,R2023-066883,warranty,true,[],mydec,https://illinois-edp.data.socrata.com/resource/it54-y4c6.json,2026-04-25 23:48:20.944349,3,8130 S PARK AVE BURR RIDGE IL 60527,
dupage,0913408032,2023-10-23,1625000.0,R2023-072589,warranty,true,[],mydec,https://illinois-edp.data.socrata.com/resource/it54-y4c6.json,2026-04-25 23:48:20.944939,3,104 BURR RIDGE CLUB BURR RIDGE IL 60527,
dupage,1002402009,2023-10-25,325600.0,R2023-070211,warranty,true,[],mydec,https://illinois-edp.data.socrata.com/resource/it54-y4c6.json,2026-04-25 23:48:20.945092,3,16W331 93RD PL BURR RIDGE IL 60527,
dupage,1002403021,2023-10-26,310000.0,R2023-072098,warranty,true,[],mydec,https://illinois-edp.data.socrata.com/resource/it54-y4c6.json,2026-04-25 23:48:20.945198,3,16W330 94TH PL BURR RIDGE IL 60527,
dupage,0936100005,2023-10-27,355000.0,R2023-071578,warranty,true,[],mydec,https://illinois-edp.data.socrata.com/resource/it54-y4c6.json,2026-04-25 23:48:25.787836,3,15W737 79TH ST HINSDALE IL 60521,
dupage,0925111006,2023-10-27,454500.0,R2023-074893,warranty,true,[],mydec,https://illinois-edp.data.socrata.com/resource/it54-y4c6.json,2026-04-25 23:48:25.787866,3,7308 CHESTNUT HILLS BURR RIDGE IL 60527,
dupage,0936309008,2023-11-06,737000.0,R2023-078580,warranty,true,[],mydec,https://illinois-edp.data.socrata.com/resource/it54-y4c6.json,2026-04-25 23:48:25.788507,3,402 PARKVIEW PL BURR RIDGE IL 60527,
dupage,0936406017,2023-11-07,899000.0,R2023-075770,warranty,true,[],mydec,https://illinois-edp.data.socrata.com/resource/it54-y4c6.json,2026-04-25 23:48:25.788627,3,105 LAKEWOOD CIR BURR RIDGE IL 60521,
dupage,1002409005,2023-11-10,315000.0,R2023-075066,warranty,true,[],mydec,https://illinois-edp.data.socrata.com/resource/it54-y4c6.json,2026-04-25 23:48:25.788932,3,9224 FALLING WATERS DR E BURR RIDGE IL 60527,
dupage,0936312006,2023-11-10,1325000.0,R2023-072979,warranty,true,[],mydec,https://illinois-edp.data.socrata.com/resource/it54-y4c6.json,2026-04-25 23:48:25.788941,3,4 ROANOKE CT BURR RIDGE IL 60527,
dupage,0936209022,2023-11-10,209000.0,R2023-074721,warranty,true,[],mydec,https://illinois-edp.data.socrata.com/resource/it54-y4c6.json,2026-04-25 23:48:25.788947,3,"8082 S GARFIELD AVE # 6-2 BURR RIDGE IL 60527",
dupage,1001401053,2023-11-16,1375000.0,R2023-078051,warranty,true,[],mydec,https://illinois-edp.data.socrata.com/resource/it54-y4c6.json,2026-04-25 23:48:25.789268,3,9121 S GARFIELD AVE BURR RIDGE IL 60527,
dupage,0925301009,2023-12-01,7735585.0,R2023-076643,warranty,true,[],mydec,https://illinois-edp.data.socrata.com/resource/it54-y4c6.json,2026-04-25 23:48:25.790088,3,7531 BRUSH HILL RD BURR RIDGE IL 60527,
dupage,0925207018,2023-12-06,1200000.0,R2023-078992,warranty,true,[],mydec,https://illinois-edp.data.socrata.com/resource/it54-y4c6.json,2026-04-25 23:48:25.790343,3,15W256 N FRONTAGE RD BURR RIDGE IL 60527,
dupage,0936106008,2023-12-14,715000.0,R2024-000132,warranty,true,[],mydec,https://illinois-edp.data.socrata.com/resource/it54-y4c6.json,2026-04-25 23:48:25.790804,3,8130 RIDGEPOINTE DR BURR RIDGE IL 60527,
dupage,0936309028,2023-12-15,780000.0,R2024-002811,warranty,true,[],mydec,https://illinois-edp.data.socrata.com/resource/it54-y4c6.json,2026-04-25 23:48:25.790935,3,8560 DOLFOR COVE BURR RIDGE IL 60527,
dupage,1001207005,2024-01-19,1075000.0,R2024-006590,warranty,true,[],mydec,https://illinois-edp.data.socrata.com/resource/it54-y4c6.json,2026-04-25 23:48:29.097173,3,230 DEVON DR BURR RIDGE IL 60527,
dupage,1001301002,2024-01-23,387000.0,R2024-005405,warranty,true,[],mydec,https://illinois-edp.data.socrata.com/resource/it54-y4c6.json,2026-04-25 23:48:29.097271,3,10S513 MADISON ST BURR RIDGE IL 60527,
dupage,1001304020,2024-01-23,1020000.0,R2024-004959,warranty,true,[],mydec,https://illinois-edp.data.socrata.com/resource/it54-y4c6.json,2026-04-25 23:48:29.097289,3,801 PROVENCAL DR BURR RIDGE IL 60527,
dupage,0936106016,2024-02-02,745000.0,R2024-006396,warranty,true,[],mydec,https://illinois-edp.data.socrata.com/resource/it54-y4c6.json,2026-04-25 23:48:29.097711,3,8282 RIDGEPOINTE DR BURR RIDGE IL 60521,
dupage,1011207006,2024-02-09,2012500.0,R2024-010262,warranty,true,[],mydec,https://illinois-edp.data.socrata.com/resource/it54-y4c6.json,2026-04-25 23:48:29.097931,3,9600 PACIFIC CT BURR RIDGE IL 60527,
dupage,1001302065,2024-02-12,1010000.0,R2024-009396,warranty,true,[],mydec,https://illinois-edp.data.socrata.com/resource/it54-y4c6.json,2026-04-25 23:48:29.097995,3,148 CIRCLE RIDGE DR BURR RIDGE IL 60527,
dupage,0936202016,2024-02-16,320000.0,R2024-010215,warranty,true,[],mydec,https://illinois-edp.data.socrata.com/resource/it54-y4c6.json,2026-04-25 23:48:29.098243,3,7950 S COUNTY LINE RD BURR RIDGE IL 60527,
dupage,1001207011,2024-02-29,825000.0,R2024-013317,warranty,true,[],mydec,https://illinois-edp.data.socrata.com/resource/it54-y4c6.json,2026-04-25 23:48:29.09884,3,9001 ROYAL DR BURR RIDGE IL 60527,
dupage,0924311001,2024-03-01,9930000.0,R2024-011543,warranty,true,[],mydec,https://illinois-edp.data.socrata.com/resource/it54-y4c6.json,2026-04-25 23:48:29.098918,3,6801 HIGH GROVE BLVD BURR RIDGE IL 60527,
dupage,1001401041,2024-03-06,1700000.0,R2024-012599,warranty,true,[],mydec,https://illinois-edp.data.socrata.com/resource/it54-y4c6.json,2026-04-25 23:48:29.099144,3,9125 FOREST EDGE DR BURR RIDGE IL 60527,
dupage,1001406015,2024-03-12,605000.0,R2024-015497,warranty,true,[],mydec,https://illinois-edp.data.socrata.com/resource/it54-y4c6.json,2026-04-25 23:48:29.099432,3,21 RODEO DR BURR RIDGE IL 60527,
dupage,0936100001,2024-03-14,318000.0,R2024-016151,warranty,true,[],mydec,https://illinois-edp.data.socrata.com/resource/it54-y4c6.json,2026-04-25 23:48:29.099577,3,15W773 79TH ST BURR RIDGE IL 60527,
dupage,1002401015,2024-03-15,605000.0,R2024-014110,warranty,true,[],mydec,https://illinois-edp.data.socrata.com/resource/it54-y4c6.json,2026-04-25 23:48:29.099646,3,10S650 OAK HILL CT BURR RIDGE IL 60527,
dupage,0924401023,2024-03-28,1049000.0,R2024-017959,warranty,true,[],mydec,https://illinois-edp.data.socrata.com/resource/it54-y4c6.json,2026-04-25 23:48:31.682161,3,6869 FIELDSTONE DR BURR RIDGE IL 60527,
dupage,0925111047,2024-03-29,476000.0,R2024-021656,warranty,true,[],mydec,https://illinois-edp.data.socrata.com/resource/it54-y4c6.json,2026-04-25 23:48:31.682315,3,138 CHESTNUT HILL CIR BURR RIDGE IL 60527,
dupage,0936206011,2024-04-04,668000.0,R2024-020855,warranty,true,[],mydec,https://illinois-edp.data.socrata.com/resource/it54-y4c6.json,2026-04-25 23:48:31.682643,3,8129 KATHRYN CT BURR RIDGE IL 60527,
dupage,1001304009,2024-04-11,775000.0,R2024-026121,warranty,true,[],mydec,https://illinois-edp.data.socrata.com/resource/it54-y4c6.json,2026-04-25 23:48:31.683014,3,780 W 94TH ST BURR RIDGE IL 60527,
dupage,1001207057,2024-04-15,925000.0,R2024-024516,warranty,true,[],mydec,https://illinois-edp.data.socrata.com/resource/it54-y4c6.json,2026-04-25 23:48:31.683219,3,202 ASHTON DR BURR RIDGE IL 60527,
dupage,0936204002,2024-04-23,346550.0,R2025-030737,warranty,true,[],mydec,https://illinois-edp.data.socrata.com/resource/it54-y4c6.json,2026-04-25 23:48:31.683762,3,316 81ST ST BURR RIDGE IL 60527,
dupage,0924201029,2024-04-27,1025000.0,R2024-026739,warranty,true,[],mydec,https://illinois-edp.data.socrata.com/resource/it54-y4c6.json,2026-04-25 23:48:31.684223,3,53 S CABERNET CT BURR RIDGE IL 60527,
dupage,1001401060,2024-04-30,665000.0,R2024-023998,warranty,true,[],mydec,https://illinois-edp.data.socrata.com/resource/it54-y4c6.json,2026-04-25 23:48:31.684441,3,15W287 91ST ST BURR RIDGE IL 60527,
dupage,1001308021,2024-05-07,525000.0,R2024-026900,warranty,true,[],mydec,https://illinois-edp.data.socrata.com/resource/it54-y4c6.json,2026-04-25 23:48:31.684863,3,46 OAK CREEK DR BURR RIDGE IL 60527,
dupage,1001406009,2024-05-13,550000.0,R2024-032145,warranty,true,[],mydec,https://illinois-edp.data.socrata.com/resource/it54-y4c6.json,2026-04-25 23:48:36.114728,3,18 LAUREL OAK CT BURR RIDGE IL 60527,
dupage,0925404014,2024-05-15,905000.0,R2024-030120,warranty,true,[],mydec,https://illinois-edp.data.socrata.com/resource/it54-y4c6.json,2026-04-25 23:48:36.114927,3,7800 DREW AVE BURR RIDGE IL 60527,
dupage,1001308004,2024-05-25,750000.0,R2024-034453,warranty,true,[],mydec,https://illinois-edp.data.socrata.com/resource/it54-y4c6.json,2026-04-25 23:48:36.115832,3,6 BEL AIRE CT BURR RIDGE IL 60527,
dupage,0936406005,2024-05-29,830000.0,R2024-036143,warranty,true,[],mydec,https://illinois-edp.data.socrata.com/resource/it54-y4c6.json,2026-04-25 23:48:36.11595,3,8565 HEATHER DR BURR RIDGE IL 60527,
dupage,0936209007,2024-05-29,300000.0,R2024-034792,warranty,true,[],mydec,https://illinois-edp.data.socrata.com/resource/it54-y4c6.json,2026-04-25 23:48:36.115964,3,"15W345 81ST ST # 2-3 BURR RIDGE IL 60527",
dupage,1011206001,2024-06-11,1720000.0,R2024-034159,warranty,true,[],mydec,https://illinois-edp.data.socrata.com/resource/it54-y4c6.json,2026-04-25 23:48:36.117026,3,9520 FALLING WATER DR E BURR RIDGE IL 60527,
dupage,0924203010,2024-06-14,1325000.0,R2024-040232,warranty,true,[],mydec,https://illinois-edp.data.socrata.com/resource/it54-y4c6.json,2026-04-25 23:48:36.117334,3,6705 FIELDSTONE DR BURR RIDGE IL 60521,
dupage,0913301040,2024-06-14,1200000.0,R2024-033784,warranty,true,[],mydec,https://illinois-edp.data.socrata.com/resource/it54-y4c6.json,2026-04-25 23:48:36.117337,3,549 60TH PL BURR RIDGE IL 60521,
dupage,0924201028,2024-06-21,5075000.0,R2024-039367,warranty,true,[],mydec,https://illinois-edp.data.socrata.com/resource/it54-y4c6.json,2026-04-25 23:48:36.11795,3,65 S CABERNET CT BURR RIDGE IL 60527,
dupage,1001105007,2024-06-23,984000.0,R2024-038290,warranty,true,[],mydec,https://illinois-edp.data.socrata.com/resource/it54-y4c6.json,2026-04-25 23:48:36.11806,3,8749 AINTREE LN BURR RIDGE IL 60527,
dupage,1002409015,2024-06-26,290000.0,R2024-039629,warranty,true,[],mydec,https://illinois-edp.data.socrata.com/resource/it54-y4c6.json,2026-04-25 23:48:38.553388,3,10 SYLVAN CT BURR RIDGE IL 60527,
dupage,0936404047,2024-06-29,1550000.0,R2024-045740,warranty,true,[],mydec,https://illinois-edp.data.socrata.com/resource/it54-y4c6.json,2026-04-25 23:48:38.553839,3,9 HIDDEN LAKE DR BURR RIDGE IL 60527,
dupage,0913300054,2024-07-05,925000.0,R2024-045048,warranty,true,[],mydec,https://illinois-edp.data.socrata.com/resource/it54-y4c6.json,2026-04-25 23:48:38.554189,3,2 NORRIS DR BURR RIDGE IL 60527,
dupage,0936305011,2024-07-09,850000.0,R2024-039048,warranty,true,[],mydec,https://illinois-edp.data.socrata.com/resource/it54-y4c6.json,2026-04-25 23:48:38.554368,3,8336 DOLFOR CV BURR RIDGE IL 60527,
dupage,1001302024,2024-07-09,885000.0,R2024-042413,warranty,true,[],mydec,https://illinois-edp.data.socrata.com/resource/it54-y4c6.json,2026-04-25 23:48:38.554394,3,2 KERI LN BURR RIDGE IL 60527,
dupage,0936200037,2024-07-11,3500000.0,R2024-040460,warranty,true,[],mydec,https://illinois-edp.data.socrata.com/resource/it54-y4c6.json,2026-04-25 23:48:38.554577,3,367 OLD OAK CT BURR RIDGE IL 60527,
dupage,1001205001,2024-07-15,910000.0,R2024-044311,warranty,true,[],mydec,https://illinois-edp.data.socrata.com/resource/it54-y4c6.json,2026-04-25 23:48:38.554816,3,8920 ROYAL DR BURR RIDGE IL 60521,
dupage,0936404005,2024-07-17,720000.0,R2024-045537,warranty,true,[],mydec,https://illinois-edp.data.socrata.com/resource/it54-y4c6.json,2026-04-25 23:48:38.554998,3,8349 S PARK AVE BURR RIDGE IL 60527,
dupage,0913405004,2024-07-17,3250000.0,R2024-045333,warranty,true,[],mydec,https://illinois-edp.data.socrata.com/resource/it54-y4c6.json,2026-04-25 23:48:38.555025,3,15W154 60TH ST BURR RIDGE IL 60527,
dupage,0936305019,2024-07-26,765000.0,R2024-048314,warranty,true,[],mydec,https://illinois-edp.data.socrata.com/resource/it54-y4c6.json,2026-04-25 23:48:38.555797,3,8460 DOLFOR CV BURR RIDGE IL 60527,
dupage,1001301022,2024-08-09,948000.0,R2024-048470,warranty,true,[],mydec,https://illinois-edp.data.socrata.com/resource/it54-y4c6.json,2026-04-25 23:48:38.556719,3,9305 S MADISON ST BURR RIDGE IL 60527,
dupage,0924203015,2024-08-09,1500000.0,R2024-046023,warranty,true,[],mydec,https://illinois-edp.data.socrata.com/resource/it54-y4c6.json,2026-04-25 23:48:38.556753,3,6726 FIELDSTONE DR BURR RIDGE IL 60527,
dupage,0936209014,2024-08-15,329000.0,R2024-049385,warranty,true,[],mydec,https://illinois-edp.data.socrata.com/resource/it54-y4c6.json,2026-04-25 23:48:40.901213,3,"8094 GARFIELD AVE # 4-2 BURR RIDGE IL 60527",
dupage,0913300057,2024-08-19,805000.0,R2024-052963,warranty,true,[],mydec,https://illinois-edp.data.socrata.com/resource/it54-y4c6.json,2026-04-25 23:48:40.901448,3,8 NORRIS DR BURR RIDGE IL 60527,
dupage,1001401005,2024-08-20,339900.0,R2024-051967,warranty,true,[],mydec,https://illinois-edp.data.socrata.com/resource/it54-y4c6.json,2026-04-25 23:48:40.901559,3,15W271 91ST ST BURR RIDGE IL 60527,
dupage,0925201006,2024-08-24,1870000.0,R2024-052661,warranty,true,[],mydec,https://illinois-edp.data.socrata.com/resource/it54-y4c6.json,2026-04-25 23:48:40.901973,3,7210 GIDDINGS AVE BURR RIDGE IL 60527,
dupage,0936107006,2024-09-03,612000.0,R2024-059581,warranty,true,[],mydec,https://illinois-edp.data.socrata.com/resource/it54-y4c6.json,2026-04-25 23:48:40.902542,3,8201 RIDGEPOINTE DR BURR RIDGE IL 60527,
dupage,1001210004,2024-09-04,350000.0,R2024-054122,warranty,true,[],mydec,https://illinois-edp.data.socrata.com/resource/it54-y4c6.json,2026-04-25 23:48:40.902613,3,1 SHENANDOAH CT BURR RIDGE IL 60527,
dupage,1001301001,2024-09-05,950000.0,R2024-056568,warranty,true,[],mydec,https://illinois-edp.data.socrata.com/resource/it54-y4c6.json,2026-04-25 23:48:40.902687,3,10S501 MADISON ST BURR RIDGE IL 60527,
dupage,0936301023,2024-09-10,1575000.0,R2024-055574,warranty,true,[],mydec,https://illinois-edp.data.socrata.com/resource/it54-y4c6.json,2026-04-25 23:48:40.902958,3,7 SHILOH CT BURR RIDGE IL 60527,
dupage,0925104015,2024-09-13,300000.0,R2024-058563,warranty,true,[],mydec,https://illinois-edp.data.socrata.com/resource/it54-y4c6.json,2026-04-25 23:48:40.903196,3,15W715 74TH ST HINSDALE IL 60521,
dupage,0936404017,2024-09-17,651600.0,R2024-057879,warranty,true,[],mydec,https://illinois-edp.data.socrata.com/resource/it54-y4c6.json,2026-04-25 23:48:40.90333,3,217 LAKEWOOD CIR BURR RIDGE IL 60527,
dupage,0936109042,2024-09-27,940000.0,R2024-059766,warranty,true,[],mydec,https://illinois-edp.data.socrata.com/resource/it54-y4c6.json,2026-04-25 23:48:40.904023,3,42 DURHAM CT BURR RIDGE IL 60527,
dupage,0936209022,2024-10-03,285000.0,R2024-063335,warranty,true,[],mydec,https://illinois-edp.data.socrata.com/resource/it54-y4c6.json,2026-04-25 23:48:43.612035,3,"8082 S GARFIELD AVE # 6-2 BURR RIDGE IL 60527",
dupage,1001301007,2024-10-08,575000.0,R2024-063032,warranty,true,[],mydec,https://illinois-edp.data.socrata.com/resource/it54-y4c6.json,2026-04-25 23:48:43.612306,3,10S581 MADISON ST BURR RIDGE IL 60521,
dupage,0936202017,2024-10-11,320000.0,R2024-060821,warranty,true,[],mydec,https://illinois-edp.data.socrata.com/resource/it54-y4c6.json,2026-04-25 23:48:43.612503,3,7954 S COUNTY LINE RD BURR RIDGE IL 60527,
dupage,1001207035,2024-10-21,950000.0,R2024-069164,warranty,true,[],mydec,https://illinois-edp.data.socrata.com/resource/it54-y4c6.json,2026-04-25 23:48:43.613028,3,9011 ENCLAVE DR BURR RIDGE IL 60527,
dupage,0936310009,2024-10-23,845000.0,R2024-064427,warranty,true,[],mydec,https://illinois-edp.data.socrata.com/resource/it54-y4c6.json,2026-04-25 23:48:43.613174,3,8472 KIMBERLY CT BURR RIDGE IL 60527,
dupage,0936201018,2024-10-23,2500000.0,R2024-065460,warranty,true,[],mydec,https://illinois-edp.data.socrata.com/resource/it54-y4c6.json,2026-04-25 23:48:43.613178,3,8025 HAMILTON AVE BURR RIDGE IL 60527,
dupage,0913300032,2024-10-28,674500.0,R2024-066421,warranty,true,[],mydec,https://illinois-edp.data.socrata.com/resource/it54-y4c6.json,2026-04-25 23:48:43.613439,3,6006 S GRANT ST BURR RIDGE IL 60527,
dupage,0924407002,2024-10-29,735000.0,R2024-066999,warranty,true,[],mydec,https://illinois-edp.data.socrata.com/resource/it54-y4c6.json,2026-04-25 23:48:43.613519,3,"7045 VETERANS BLVD # B BURR RIDGE IL 60527",
dupage,0925405017,2024-11-15,460000.0,R2024-070715,warranty,true,[],mydec,https://illinois-edp.data.socrata.com/resource/it54-y4c6.json,2026-04-25 23:48:43.614527,3,7740 S COUNTY LINE RD BURR RIDGE IL 60527,
dupage,0924406006,2024-11-22,3400000.0,R2024-072548,warranty,true,[],mydec,https://illinois-edp.data.socrata.com/resource/it54-y4c6.json,2026-04-25 23:48:43.614963,3,7075 VETERANS BLVD BURR RIDGE IL 60527,
dupage,0924405019,2024-11-22,815000.0,R2024-075035,warranty,true,[],mydec,https://illinois-edp.data.socrata.com/resource/it54-y4c6.json,2026-04-25 23:48:43.614976,3,6878 N FIELDSTONE DR BURR RIDGE IL 60527,
dupage,1001106007,2024-11-25,953000.0,R2025-000678,warranty,true,[],mydec,https://illinois-edp.data.socrata.com/resource/it54-y4c6.json,2026-04-25 23:48:43.615051,3,2 HUNTER CT BURR RIDGE IL 60527,
dupage,0924203007,2024-11-26,1225000.0,R2025-000793,warranty,true,[],mydec,https://illinois-edp.data.socrata.com/resource/it54-y4c6.json,2026-04-25 23:48:43.615157,3,6719 FIELDSTONE DR BURR RIDGE IL 60527,
dupage,0925207015,2024-12-02,505000.0,R2024-074666,warranty,true,[],mydec,https://illinois-edp.data.socrata.com/resource/it54-y4c6.json,2026-04-25 23:48:46.036491,3,7320 HAMILTON AVE BURR RIDGE IL 60527,
dupage,0936107006,2024-12-03,695000.0,R2024-074165,warranty,true,[],mydec,https://illinois-edp.data.socrata.com/resource/it54-y4c6.json,2026-04-25 23:48:46.036586,3,8201 RIDGEPOINTE DR BURR RIDGE IL 60527,
dupage,0935402007,2024-12-06,695000.0,R2024-077848,warranty,true,[],mydec,https://illinois-edp.data.socrata.com/resource/it54-y4c6.json,2026-04-25 23:48:46.036826,3,8351 MEADOWBROOK DR BURR RIDGE IL 60527,
dupage,0936406023,2024-12-09,660500.0,R2024-076675,warranty,true,[],mydec,https://illinois-edp.data.socrata.com/resource/it54-y4c6.json,2026-04-25 23:48:46.036956,3,8564 WEDGEWOOD DR BURR RIDGE IL 60527,
dupage,1001308003,2024-12-13,745000.0,R2024-074951,warranty,true,[],mydec,https://illinois-edp.data.socrata.com/resource/it54-y4c6.json,2026-04-25 23:48:46.037288,3,5 BEL AIRE CT BURR RIDGE IL 60527,
dupage,0936109063,2024-12-17,925000.0,R2025-002675,warranty,true,[],mydec,https://illinois-edp.data.socrata.com/resource/it54-y4c6.json,2026-04-25 23:48:46.037469,3,63 BERKSHIRE CT BURR RIDGE IL 60527,
dupage,0935205008,2024-12-17,13506890.0,R2024-077662,warranty,true,[],mydec,https://illinois-edp.data.socrata.com/resource/it54-y4c6.json,2026-04-25 23:48:46.037483,3,311 SHORE DR BURR RIDGE IL 60527,
dupage,1002402011,2024-12-17,452000.0,R2024-076514,warranty,true,[],mydec,https://illinois-edp.data.socrata.com/resource/it54-y4c6.json,2026-04-25 23:48:46.0375,3,16W311 93RD PL BURR RIDGE IL 60527,
dupage,0935400026,2024-12-30,649900.0,R2025-004691,warranty,true,[],mydec,https://illinois-edp.data.socrata.com/resource/it54-y4c6.json,2026-04-25 23:48:46.038106,3,16W559 S FRONTAGE RD BURR RIDGE IL 60527,
dupage,0925303020,2025-01-07,4000000.0,R2025-008707,warranty,true,[],mydec,https://illinois-edp.data.socrata.com/resource/it54-y4c6.json,2026-04-25 23:48:46.038385,2,411-15 ROCKWELL CT BURR RIDGE IL 60527,
dupage,0925304002,2025-01-08,477500.0,R2025-001543,warranty,true,[],mydec,https://illinois-edp.data.socrata.com/resource/it54-y4c6.json,2026-04-25 23:48:46.038468,2,7704 S GRANT ST BURR RIDGE IL 60527,
dupage,0936109066,2025-01-08,825000.0,R2025-003565,warranty,true,[],mydec,https://illinois-edp.data.socrata.com/resource/it54-y4c6.json,2026-04-25 23:48:46.038484,2,66 BERKSHIRE CT BURR RIDGE IL 60527,
dupage,0936104032,2025-01-09,585000.0,R2025-003580,warranty,true,[],mydec,https://illinois-edp.data.socrata.com/resource/it54-y4c6.json,2026-04-25 23:48:46.038583,2,30 PINE TREE LN BURR RIDGE IL 60527,
dupage,1001308038,2025-01-17,700000.0,R2025-005758,warranty,true,[],mydec,https://illinois-edp.data.socrata.com/resource/it54-y4c6.json,2026-04-25 23:48:46.038961,3,63 MALIBU CT BURR RIDGE IL 60527,
dupage,0925303003,2025-01-24,7250000.0,R2025-005952,warranty,true,[],mydec,https://illinois-edp.data.socrata.com/resource/it54-y4c6.json,2026-04-25 23:48:46.039157,2,411-21 HEATHROW CT BURR RIDGE IL 60527,
dupage,0925207010,2025-02-03,1380000.0,R2025-012638,warranty,true,[],mydec,https://illinois-edp.data.socrata.com/resource/it54-y4c6.json,2026-04-25 23:48:46.039547,2,15W278 N FRONTAGE RD BURR RIDGE IL 60527,
dupage,0924207003,2025-02-13,1389000.0,R2025-010456,warranty,true,[],mydec,https://illinois-edp.data.socrata.com/resource/it54-y4c6.json,2026-04-25 23:48:46.03996,2,203 KENMARE DR BURR RIDGE IL 60527,
dupage,0935404007,2025-03-05,1890000.0,R2025-021806,warranty,true,[],mydec,https://illinois-edp.data.socrata.com/resource/it54-y4c6.json,2026-04-25 23:48:48.811227,2,8625 TIMBER RIDGE DR BURR RIDGE IL 60527,
dupage,1002409027,2025-03-06,1100000.0,R2025-016054,warranty,true,[],mydec,https://illinois-edp.data.socrata.com/resource/it54-y4c6.json,2026-04-25 23:48:48.811345,3,9427 FALLINGWATER DR BURR RIDGE IL 60527,
dupage,1001406005,2025-03-11,535000.0,R2025-017831,warranty,true,[],mydec,https://illinois-edp.data.socrata.com/resource/it54-y4c6.json,2026-04-25 23:48:48.811632,3,12 LAUREL OAK CT BURR RIDGE IL 60527,
dupage,0924401028,2025-03-12,1350000.0,R2025-015892,warranty,true,[],mydec,https://illinois-edp.data.socrata.com/resource/it54-y4c6.json,2026-04-25 23:48:48.811697,2,6885 FIELDSTONE DR BURR RIDGE IL 60527,
dupage,0925211001,2025-03-12,7399999.0,R2025-014514,warranty,true,[],mydec,https://illinois-edp.data.socrata.com/resource/it54-y4c6.json,2026-04-25 23:48:48.81171,2,300 S FRONTAGE RD BURR RIDGE IL 60527,
dupage,0924307007,2025-03-14,1612000.0,R2025-019238,warranty,true,[],mydec,https://illinois-edp.data.socrata.com/resource/it54-y4c6.json,2026-04-25 23:48:48.811926,2,6755 FIELDSTONE DR BURR RIDGE IL 60527,
dupage,1002401010,2025-03-17,430000.0,R2025-017338,warranty,true,[],mydec,https://illinois-edp.data.socrata.com/resource/it54-y4c6.json,2026-04-25 23:48:48.812102,3,16W312 93RD PL BURR RIDGE IL 60527,
dupage,1001207010,2025-03-18,985000.0,R2025-026214,warranty,true,[],mydec,https://illinois-edp.data.socrata.com/resource/it54-y4c6.json,2026-04-25 23:48:48.812171,3,8951 ROYAL DR BURR RIDGE IL 60527,
dupage,1001100036,2025-03-26,275000.0,R2025-020027,warranty,true,[],mydec,https://illinois-edp.data.socrata.com/resource/it54-y4c6.json,2026-04-25 23:48:48.812947,3,10S079 MADISON AVE BURR RIDGE IL 60527,
dupage,0936404048,2025-04-02,975000.0,R2025-033742,warranty,true,[],mydec,https://illinois-edp.data.socrata.com/resource/it54-y4c6.json,2026-04-25 23:48:54.650432,2,1 HIDDEN LAKE DR BURR RIDGE IL 60527,
dupage,0936402009,2025-04-08,625000.0,R2025-025578,warranty,true,[],mydec,https://illinois-edp.data.socrata.com/resource/it54-y4c6.json,2026-04-25 23:48:54.6509,2,349 TAMERTON PKWY BURR RIDGE IL 60527,
dupage,0936309023,2025-04-09,850000.0,R2025-035523,warranty,true,[],mydec,https://illinois-edp.data.socrata.com/resource/it54-y4c6.json,2026-04-25 23:48:54.651067,2,463 LEONARD LN BURR RIDGE IL 60527,
dupage,0936304013,2025-04-11,775000.0,R2025-027790,warranty,true,[],mydec,https://illinois-edp.data.socrata.com/resource/it54-y4c6.json,2026-04-25 23:48:54.651351,2,8348 WALREDON AVE BURR RIDGE IL 60527,
dupage,1001401023,2025-04-14,225000.0,R2025-030733,warranty,true,[],mydec,https://illinois-edp.data.socrata.com/resource/it54-y4c6.json,2026-04-25 23:48:54.651521,3,10S641 GARFIELD AVE BURR RIDGE IL 60527,
dupage,1001201027,2025-04-21,1150000.0,R2025-025943,warranty,true,[],mydec,https://illinois-edp.data.socrata.com/resource/it54-y4c6.json,2026-04-25 23:48:54.652322,3,15W051 87TH ST BURR RIDGE IL 60527,
dupage,0924308004,2025-04-21,16966667.0,R2025-025259,warranty,true,[],mydec,https://illinois-edp.data.socrata.com/resource/it54-y4c6.json,2026-04-25 23:48:54.652362,2,6901 S MADISON ST BURR RIDGE IL 60527,
dupage,0936210008,2025-04-23,317500.0,R2025-023595,warranty,true,[],mydec,https://illinois-edp.data.socrata.com/resource/it54-y4c6.json,2026-04-25 23:48:54.652681,2,"7970 GARFIELD AVE # 202 BURR RIDGE IL 60527",
dupage,1001102007,2025-05-02,980000.0,R2025-026840,warranty,true,[],mydec,https://illinois-edp.data.socrata.com/resource/it54-y4c6.json,2026-04-25 23:48:54.653788,3,10S230 GRANT ST BURR RIDGE IL 60527,
dupage,0936104037,2025-05-06,660000.0,R2025-027714,warranty,true,[],mydec,https://illinois-edp.data.socrata.com/resource/it54-y4c6.json,2026-04-25 23:48:57.770932,2,20 PINE TREE LN BURR RIDGE IL 60527,
dupage,1011206002,2025-05-09,1515000.0,R2025-034983,warranty,true,[],mydec,https://illinois-edp.data.socrata.com/resource/it54-y4c6.json,2026-04-25 23:48:57.771314,3,9500 FALLING WATERS DR E BURR RIDGE IL 60527,
dupage,0936210002,2025-05-14,326000.0,R2025-029205,warranty,true,[],mydec,https://illinois-edp.data.socrata.com/resource/it54-y4c6.json,2026-04-25 23:48:57.771897,2,"7970 GARFIELD AVE # 102 BURR RIDGE IL 60527",
dupage,1002305004,2025-05-21,285000.0,R2025-034119,warranty,true,[],mydec,https://illinois-edp.data.socrata.com/resource/it54-y4c6.json,2026-04-25 23:48:57.772779,3,9454 S JACKSON ST BURR RIDGE IL 60527,
dupage,0936204016,2025-05-21,625000.0,R2025-037777,warranty,true,[],mydec,https://illinois-edp.data.socrata.com/resource/it54-y4c6.json,2026-04-25 23:48:57.772796,2,8200 S PARK AVE BURR RIDGE IL 60527,
dupage,1001207024,2025-05-21,915000.0,R2025-031564,warranty,true,[],mydec,https://illinois-edp.data.socrata.com/resource/it54-y4c6.json,2026-04-25 23:48:57.772845,3,8970 ENCLAVE DR BURR RIDGE IL 60527,
dupage,0925210014,2025-05-27,1200000.0,R2025-035513,warranty,true,[],mydec,https://illinois-edp.data.socrata.com/resource/it54-y4c6.json,2026-04-25 23:48:57.773447,2,15W320 FRONTAGE RD BURR RIDGE IL 60527,
dupage,0936209042,2025-05-29,288000.0,R2025-032807,warranty,true,[],mydec,https://illinois-edp.data.socrata.com/resource/it54-y4c6.json,2026-04-25 23:48:57.773796,2,"8066 GARFIELD AVE # 2 BURR RIDGE IL 60527",
dupage,1001302015,2025-05-30,935000.0,R2025-033255,warranty,true,[],mydec,https://illinois-edp.data.socrata.com/resource/it54-y4c6.json,2026-04-25 23:48:57.77412,3,10S667 GLENN DR BURR RIDGE IL 60527,
dupage,0936201004,2025-06-04,1185000.0,R2025-033153,warranty,true,[],mydec,https://illinois-edp.data.socrata.com/resource/it54-y4c6.json,2026-04-25 23:49:00.440359,2,7950 DREW AVE BURR RIDGE IL 60527,
dupage,0936209021,2025-06-06,277061.0,R2025-035518,warranty,true,[],mydec,https://illinois-edp.data.socrata.com/resource/it54-y4c6.json,2026-04-25 23:49:00.440811,2,"8082 GARFIELD AVE # 6-1 BURR RIDGE IL 60527",
dupage,0924209010,2025-06-06,1100000.0,R2025-036719,warranty,true,[],mydec,https://illinois-edp.data.socrata.com/resource/it54-y4c6.json,2026-04-25 23:49:00.44083,2,1103 KENMARE DR BURR RIDGE IL 60527,
dupage,0936301025,2025-06-12,1555000.0,R2025-036669,warranty,true,[],mydec,https://illinois-edp.data.socrata.com/resource/it54-y4c6.json,2026-04-25 23:49:00.441743,2,8 SHILOH CT BURR RIDGE IL 60527,
dupage,0924405019,2025-06-20,1385000.0,R2025-050702,warranty,true,[],mydec,https://illinois-edp.data.socrata.com/resource/it54-y4c6.json,2026-04-25 23:52:46.717137,2,6878 N FIELDSTONE DR BURR RIDGE IL 60527,
dupage,0924405019,2025-06-20,1385000.0,DECL-20250602220129,warranty,true,[],mydec,https://illinois-edp.data.socrata.com/resource/it54-y4c6.json,2026-04-25 23:52:46.717224,2,6878 N FIELDSTONE DR BURR RIDGE IL 60527,
dupage,0924206029,2025-06-24,1000000.0,R2025-045490,warranty,true,[],mydec,https://illinois-edp.data.socrata.com/resource/it54-y4c6.json,2026-04-25 23:52:46.717585,2,701 KENMARE DR BURR RIDGE IL 60521,
dupage,0924206029,2025-06-24,1000000.0,DECL-20250602221769,warranty,true,[],mydec,https://illinois-edp.data.socrata.com/resource/it54-y4c6.json,2026-04-25 23:52:46.717758,2,701 KENMARE DR BURR RIDGE IL 60521,
dupage,1002400020,2025-06-27,2095238.0,R2025-042764,warranty,true,[],mydec,https://illinois-edp.data.socrata.com/resource/it54-y4c6.json,2026-04-25 23:52:51.358942,3,9115 KINGERY HWY BURR RIDGE IL 60527,
dupage,0936209051,2025-06-28,285000.0,R2025-044946,warranty,true,[],mydec,https://illinois-edp.data.socrata.com/resource/it54-y4c6.json,2026-04-25 23:52:51.359122,2,"7994 GARFIELD AVE # 13-3 BURR RIDGE IL 60527",
dupage,0924200116,2025-06-30,1300000.0,R2025-043080,warranty,true,[],mydec,https://illinois-edp.data.socrata.com/resource/it54-y4c6.json,2026-04-25 23:52:51.359179,2,362 COUNTRYSIDE CT BURR RIDGE IL 60527,
dupage,0924401014,2025-06-30,1315125.0,R2025-048275,warranty,true,[],mydec,https://illinois-edp.data.socrata.com/resource/it54-y4c6.json,2026-04-25 23:52:51.35923,2,6825 FIELDSTONE DR BURR RIDGE IL 60527,
dupage,1002410002,2025-07-01,1000000.0,R2025-046899,warranty,true,[],mydec,https://illinois-edp.data.socrata.com/resource/it54-y4c6.json,2026-04-25 23:52:51.359477,3,9127 FALLING WATERS DR BURR RIDGE IL 60527,
dupage,1002410002,2025-07-01,1000000.0,DECL-20250702231607,warranty,true,[],mydec,https://illinois-edp.data.socrata.com/resource/it54-y4c6.json,2026-04-25 23:52:51.359519,3,9127 FALLING WATERS DR BURR RIDGE IL 60527,
dupage,0925405025,2025-07-02,360000.0,R2025-046681,warranty,true,[],mydec,https://illinois-edp.data.socrata.com/resource/it54-y4c6.json,2026-04-25 23:52:51.359668,2,7725 S DREW AVE BURR RIDGE IL 60527,
dupage,0925405025,2025-07-02,360000.0,DECL-20250702230634,warranty,true,[],mydec,https://illinois-edp.data.socrata.com/resource/it54-y4c6.json,2026-04-25 23:52:51.359704,2,7725 S DREW AVE BURR RIDGE IL 60527,
dupage,0913306005,2025-07-09,1625000.0,DECL-20250702228940,warranty,true,[],mydec,https://illinois-edp.data.socrata.com/resource/it54-y4c6.json,2026-04-25 23:52:51.360365,2,6256 WILDWOOD LN BURR RIDGE IL 60527,
dupage,0935402032,2025-07-10,1305000.0,R2025-061317,warranty,true,[],mydec,https://illinois-edp.data.socrata.com/resource/it54-y4c6.json,2026-04-25 23:52:51.360521,2,909 PRAIRIE RIDGE CT BURR RIDGE IL 60527,
dupage,1002410002,2025-07-11,1000000.0,DECL-20250702231607,warranty,true,[],mydec,https://illinois-edp.data.socrata.com/resource/it54-y4c6.json,2026-04-25 23:52:51.360745,3,9127 FALLING WATERS DR BURR RIDGE IL 60527,
dupage,0936210017,2025-07-14,289000.0,DECL-20250702232876,warranty,true,[],mydec,https://illinois-edp.data.socrata.com/resource/it54-y4c6.json,2026-04-25 23:52:51.361061,2,"7962 GARFIELD AVE # 109 BURR RIDGE IL 60527",
dupage,0924405028,2025-07-15,1400000.0,R2025-050283,warranty,true,[],mydec,https://illinois-edp.data.socrata.com/resource/it54-y4c6.json,2026-04-25 23:52:51.361197,2,6916 FIELDSTONE DR BURR RIDGE IL 60527,
dupage,0936109020,2025-07-15,882000.0,R2025-054553,warranty,true,[],mydec,https://illinois-edp.data.socrata.com/resource/it54-y4c6.json,2026-04-25 23:52:51.361219,2,20 LAKE RIDGE CT BURR RIDGE IL 60527,
dupage,0924405028,2025-07-15,1400000.0,DECL-20250602221877,warranty,true,[],mydec,https://illinois-edp.data.socrata.com/resource/it54-y4c6.json,2026-04-25 23:52:51.36125,2,6916 FIELDSTONE DR BURR RIDGE IL 60527,
dupage,0925205012,2025-07-18,435000.0,R2025-048225,warranty,true,[],mydec,https://illinois-edp.data.socrata.com/resource/it54-y4c6.json,2026-04-25 23:52:58.053422,2,150 W 74TH ST BURR RIDGE IL 60527,
dupage,0913306005,2025-07-18,1625000.0,R2025-045542,warranty,true,[],mydec,https://illinois-edp.data.socrata.com/resource/it54-y4c6.json,2026-04-25 23:52:58.053439,2,6256 WILDWOOD LN BURR RIDGE IL 60527,
dupage,0913301029,2025-07-24,1450000.0,R2025-047265,warranty,true,[],mydec,https://illinois-edp.data.socrata.com/resource/it54-y4c6.json,2026-04-25 23:52:58.054268,2,5951 S GRANT ST BURR RIDGE IL 60527,
dupage,0913301029,2025-07-24,1450000.0,DECL-20250702243852,warranty,true,[],mydec,https://illinois-edp.data.socrata.com/resource/it54-y4c6.json,2026-04-25 23:52:58.054352,2,5951 S GRANT ST BURR RIDGE IL 60527,
dupage,1001302029,2025-07-25,1390000.0,R2025-059612,warranty,true,[],mydec,https://illinois-edp.data.socrata.com/resource/it54-y4c6.json,2026-04-25 23:52:58.054503,3,113 OAK RIDGE DR E BURR RIDGE IL 60527,
dupage,0913301029,2025-07-25,1450000.0,DECL-20250702243852,warranty,true,[],mydec,https://illinois-edp.data.socrata.com/resource/it54-y4c6.json,2026-04-25 23:52:58.054583,2,5951 S GRANT ST BURR RIDGE IL 60527,
dupage,1001302029,2025-07-25,1390000.0,DECL-20250902275750,warranty,true,[],mydec,https://illinois-edp.data.socrata.com/resource/it54-y4c6.json,2026-04-25 23:52:58.054591,3,113 OAK RIDGE DR E BURR RIDGE IL 60527,
dupage,1001106034,2025-07-28,1236500.0,R2025-046711,warranty,true,[],mydec,https://illinois-edp.data.socrata.com/resource/it54-y4c6.json,2026-04-25 23:52:58.054896,3,5 TODOR CT BURR RIDGE IL 60527,
dupage,1002408011,2025-08-04,1399900.0,DECL-20250802254309,warranty,true,[],mydec,https://illinois-edp.data.socrata.com/resource/it54-y4c6.json,2026-04-25 23:52:58.056404,3,9280 CASCADE CIR BURR RIDGE IL 60527,
dupage,1002408011,2025-08-04,1399900.0,R2025-055321,warranty,true,[],mydec,https://illinois-edp.data.socrata.com/resource/it54-y4c6.json,2026-04-25 23:52:58.056422,3,9280 CASCADE CIR BURR RIDGE IL 60527,
dupage,0936109020,2025-08-07,882000.0,DECL-20250702233106,warranty,true,[],mydec,https://illinois-edp.data.socrata.com/resource/it54-y4c6.json,2026-04-25 23:53:01.443107,2,20 LAKE RIDGE CT BURR RIDGE IL 60527,
dupage,1002408011,2025-08-12,1399900.0,DECL-20250802254309,warranty,true,[],mydec,https://illinois-edp.data.socrata.com/resource/it54-y4c6.json,2026-04-25 23:53:01.443723,3,9280 CASCADE CIR BURR RIDGE IL 60527,
dupage,0913408016,2025-08-15,2425000.0,R2025-052980,warranty,true,[],mydec,https://illinois-edp.data.socrata.com/resource/it54-y4c6.json,2026-04-25 23:53:01.444314,2,1002 BURR RIDGE CLB BURR RIDGE IL 60527,
dupage,0913408016,2025-08-15,2425000.0,DECL-20250802265044,warranty,true,[],mydec,https://illinois-edp.data.socrata.com/resource/it54-y4c6.json,2026-04-25 23:53:01.444467,2,1002 BURR RIDGE CLB BURR RIDGE IL 60527,
dupage,0925207016,2025-08-20,1250000.0,R2025-060314,warranty,true,[],mydec,https://illinois-edp.data.socrata.com/resource/it54-y4c6.json,2026-04-25 23:53:01.444977,2,7319 S PARK AVE BURR RIDGE IL 60527,
dupage,0925207016,2025-08-20,1250000.0,DECL-20250802267009,warranty,true,[],mydec,https://illinois-edp.data.socrata.com/resource/it54-y4c6.json,2026-04-25 23:53:01.445004,2,7319 S PARK AVE BURR RIDGE IL 60527,
dupage,0925211023,2025-08-22,443000.0,R2025-059940,warranty,true,[],mydec,https://illinois-edp.data.socrata.com/resource/it54-y4c6.json,2026-04-25 23:53:01.44533,2,121 W 75TH ST BURR RIDGE IL 60527,
dupage,0925111063,2025-08-22,580000.0,R2025-058302,warranty,true,[],mydec,https://illinois-edp.data.socrata.com/resource/it54-y4c6.json,2026-04-25 23:53:01.445371,2,7204 CHESTNUT HILLS DR BURR RIDGE IL 60527,
dupage,0925211023,2025-08-22,443000.0,DECL-20250902277839,warranty,true,[],mydec,https://illinois-edp.data.socrata.com/resource/it54-y4c6.json,2026-04-25 23:53:01.445395,2,121 W 75TH ST BURR RIDGE IL 60527,
dupage,0925111063,2025-08-22,580000.0,DECL-20250902285663,warranty,true,[],mydec,https://illinois-edp.data.socrata.com/resource/it54-y4c6.json,2026-04-25 23:53:01.445424,2,7204 CHESTNUT HILLS DR BURR RIDGE IL 60527,
dupage,0935402032,2025-08-25,1305000.0,DECL-20250702227052,warranty,true,[],mydec,https://illinois-edp.data.socrata.com/resource/it54-y4c6.json,2026-04-25 23:53:01.445659,2,909 PRAIRIE RIDGE CT BURR RIDGE IL 60527,
dupage,0925211023,2025-08-27,443000.0,DECL-20250902277839,warranty,true,[],mydec,https://illinois-edp.data.socrata.com/resource/it54-y4c6.json,2026-04-25 23:53:01.446034,2,121 W 75TH ST BURR RIDGE IL 60527,
dupage,1001302029,2025-09-02,1390000.0,DECL-20250902275750,warranty,true,[],mydec,https://illinois-edp.data.socrata.com/resource/it54-y4c6.json,2026-04-25 23:53:04.955418,3,113 OAK RIDGE DR E BURR RIDGE IL 60527,
dupage,0925111010,2025-09-05,570000.0,R2025-059236,warranty,true,[],mydec,https://illinois-edp.data.socrata.com/resource/it54-y4c6.json,2026-04-25 23:53:04.955866,2,7324 CHESTNUT HILLS DR BURR RIDGE IL 60527,
dupage,0925111010,2025-09-05,570000.0,DECL-20250902277702,warranty,true,[],mydec,https://illinois-edp.data.socrata.com/resource/it54-y4c6.json,2026-04-25 23:53:04.955929,2,7324 CHESTNUT HILLS DR BURR RIDGE IL 60527,
dupage,1011207009,2025-09-05,1200000.0,DECL-20250902279590,warranty,true,[],mydec,https://illinois-edp.data.socrata.com/resource/it54-y4c6.json,2026-04-25 23:53:04.95603,3,9660 PACIFIC CT BURR RIDGE IL 60527,
dupage,0924200032,2025-09-06,2025000.0,R2025-072529,warranty,true,[],mydec,https://illinois-edp.data.socrata.com/resource/it54-y4c6.json,2026-04-25 23:53:04.956059,2,15W280 PLAINFIELD RD BURR RIDGE IL 60527,
dupage,1001308026,2025-09-06,525000.0,R2025-056885,warranty,true,[],mydec,https://illinois-edp.data.socrata.com/resource/it54-y4c6.json,2026-04-25 23:53:04.956062,3,51 OAK CREEK DR BURR RIDGE IL 60527,
dupage,0924200032,2025-09-06,2025000.0,DECL-20250902298399,warranty,true,[],mydec,https://illinois-edp.data.socrata.com/resource/it54-y4c6.json,2026-04-25 23:53:04.956078,2,15W280 PLAINFIELD RD BURR RIDGE IL 60527,
dupage,0936106001,2025-09-17,1110000.0,R2025-061636,warranty,true,[],mydec,https://illinois-edp.data.socrata.com/resource/it54-y4c6.json,2026-04-25 23:53:04.957221,2,560 81ST ST BURR RIDGE IL 60527,
dupage,0924310004,2025-09-17,3000000.0,R2025-060743,warranty,true,[],mydec,https://illinois-edp.data.socrata.com/resource/it54-y4c6.json,2026-04-25 23:53:04.957236,2,6951 HIGH GROVE BLVD BURR RIDGE IL 60527,
dupage,0924310004,2025-09-17,3000000.0,DECL-20250902288609,warranty,true,[],mydec,https://illinois-edp.data.socrata.com/resource/it54-y4c6.json,2026-04-25 23:53:04.957272,2,6951 HIGH GROVE BLVD BURR RIDGE IL 60527,
dupage,0936106001,2025-09-17,1100000.0,DECL-20250902290230,warranty,true,[],mydec,https://illinois-edp.data.socrata.com/resource/it54-y4c6.json,2026-04-25 23:53:04.9573,2,560 81ST ST BURR RIDGE IL 60527,
dupage,1001107006,2025-09-21,705000.0,R2025-073099,warranty,true,[],mydec,https://illinois-edp.data.socrata.com/resource/it54-y4c6.json,2026-04-25 23:53:04.957839,3,530 DEVON DR BURR RIDGE IL 60527,
dupage,1001107006,2025-09-21,705000.0,DECL-20250902297849,warranty,true,[],mydec,https://illinois-edp.data.socrata.com/resource/it54-y4c6.json,2026-04-25 23:53:04.957848,3,530 DEVON DR BURR RIDGE IL 60527,
dupage,0913300093,2025-09-22,2300000.0,DECL-20250902297340,warranty,true,[],mydec,https://illinois-edp.data.socrata.com/resource/it54-y4c6.json,2026-04-25 23:53:04.957901,2,670 GRANT CT BURR RIDGE IL 60527,
dupage,0913300093,2025-09-22,2300000.0,R2025-062010,warranty,true,[],mydec,https://illinois-edp.data.socrata.com/resource/it54-y4c6.json,2026-04-25 23:53:04.95793,2,670 GRANT CT BURR RIDGE IL 60527,
dupage,0913300023,2025-09-23,2640000.0,R2026-002618,warranty,true,[],mydec,https://illinois-edp.data.socrata.com/resource/it54-y4c6.json,2026-04-25 23:53:04.958098,2,204 W 59TH ST BURR RIDGE IL 60527,
dupage,0913300023,2025-09-23,2640000.0,DECL-20250902296670,warranty,true,[],mydec,https://illinois-edp.data.socrata.com/resource/it54-y4c6.json,2026-04-25 23:53:04.958218,2,204 W 59TH ST BURR RIDGE IL 60527,
dupage,1001207080,2025-09-26,1300000.0,R2025-064218,warranty,true,[],mydec,https://illinois-edp.data.socrata.com/resource/it54-y4c6.json,2026-04-25 23:53:09.511558,3,15W070 91ST ST BURR RIDGE IL 60527,
dupage,0924405005,2025-09-29,1235000.0,R2025-063909,warranty,true,[],mydec,https://illinois-edp.data.socrata.com/resource/it54-y4c6.json,2026-04-25 23:53:09.511824,2,6812 FIELDSTONE DR BURR RIDGE IL 60527,
dupage,0924200032,2025-09-29,2025000.0,DECL-20250902298399,warranty,true,[],mydec,https://illinois-edp.data.socrata.com/resource/it54-y4c6.json,2026-04-25 23:53:09.511983,2,15W280 PLAINFIELD RD BURR RIDGE IL 60527,
dupage,1001207080,2025-10-08,1300000.0,DECL-20250902285855,warranty,true,[],mydec,https://illinois-edp.data.socrata.com/resource/it54-y4c6.json,2026-04-25 23:53:09.512988,3,15W070 91ST ST BURR RIDGE IL 60527,
dupage,1001401047,2025-10-28,810000.0,DECL-20251102233885,warranty,true,[],mydec,https://illinois-edp.data.socrata.com/resource/it54-y4c6.json,2026-04-25 23:53:12.789346,3,10S641 GARFIELD AVE BURR RIDGE IL 60527,
dupage,1001401047,2025-10-28,810000.0,R2025-074454,warranty,true,[],mydec,https://illinois-edp.data.socrata.com/resource/it54-y4c6.json,2026-04-25 23:53:12.789359,3,10S641 GARFIELD AVE BURR RIDGE IL 60527,
dupage,1001401047,2025-10-28,810000.0,DECL-20251002223858,warranty,true,[],mydec,https://illinois-edp.data.socrata.com/resource/it54-y4c6.json,2026-04-25 23:53:12.789442,3,10S641 GARFIELD AVE BURR RIDGE IL 60527,
dupage,0936107003,2025-11-04,769000.0,R2026-003521,warranty,true,[],mydec,https://illinois-edp.data.socrata.com/resource/it54-y4c6.json,2026-04-25 23:53:12.790138,2,8141 RIDGEPOINTE DR BURR RIDGE IL 60527,
dupage,0936107003,2025-11-04,769000.0,DECL-20251102228609,warranty,true,[],mydec,https://illinois-edp.data.socrata.com/resource/it54-y4c6.json,2026-04-25 23:53:12.790202,2,8141 RIDGEPOINTE DR BURR RIDGE IL 60527,
dupage,1001102010,2025-11-07,1908592.0,DECL-20251102232918,warranty,true,[],mydec,https://illinois-edp.data.socrata.com/resource/it54-y4c6.json,2026-04-25 23:53:12.790485,3,10S280 GRANT ST BURR RIDGE IL 60527,
dupage,1001102010,2025-11-07,1908592.0,R2025-074928,warranty,true,[],mydec,https://illinois-edp.data.socrata.com/resource/it54-y4c6.json,2026-04-25 23:53:12.790513,3,10S280 GRANT ST BURR RIDGE IL 60527,
dupage,0936107003,2025-11-07,769000.0,DECL-20251102228609,warranty,true,[],mydec,https://illinois-edp.data.socrata.com/resource/it54-y4c6.json,2026-04-25 23:53:12.790547,2,8141 RIDGEPOINTE DR BURR RIDGE IL 60527,
dupage,1001406006,2025-11-10,455000.0,R2025-074564,warranty,true,[],mydec,https://illinois-edp.data.socrata.com/resource/it54-y4c6.json,2026-04-25 23:53:12.790661,3,15 LAUREL OAK CT BURR RIDGE IL 60527,
dupage,0925303001,2025-11-14,100000.0,R2025-079628,warranty,true,[],mydec,https://illinois-edp.data.socrata.com/resource/it54-y4c6.json,2026-04-25 23:53:12.791198,2,GRANT ST BURR RIDGE IL 60521,
dupage,0925303001,2025-11-14,100000.0,DECL-20251102237303,warranty,true,[],mydec,https://illinois-edp.data.socrata.com/resource/it54-y4c6.json,2026-04-25 23:53:12.791339,2,GRANT ST BURR RIDGE IL 60521,
dupage,0936109075,2025-11-25,1154825.0,DECL-20251102242404,warranty,true,[],mydec,https://illinois-edp.data.socrata.com/resource/it54-y4c6.json,2026-04-25 23:53:15.608083,2,15W521 81ST ST BURR RIDGE IL 60527,
dupage,0936109075,2025-11-25,1154825.0,R2025-083183,warranty,true,[],mydec,https://illinois-edp.data.socrata.com/resource/it54-y4c6.json,2026-04-25 23:53:15.608105,2,15W521 81ST ST BURR RIDGE IL 60527,
dupage,1001109012,2025-12-01,755000.0,R2025-081480,warranty,true,[],mydec,https://illinois-edp.data.socrata.com/resource/it54-y4c6.json,2026-04-25 23:53:15.608431,3,430 WESTMINSTER DR BURR RIDGE IL 60527,
dupage,1001109012,2025-12-01,755000.0,DECL-20251202254480,warranty,true,[],mydec,https://illinois-edp.data.socrata.com/resource/it54-y4c6.json,2026-04-25 23:53:15.608521,3,430 WESTMINSTER DR BURR RIDGE IL 60527,
dupage,1001109012,2025-12-02,755000.0,DECL-20251102239151,warranty,true,[],mydec,https://illinois-edp.data.socrata.com/resource/it54-y4c6.json,2026-04-25 23:53:15.608636,3,430 WESTMINSTER DR BURR RIDGE IL 60527,
dupage,1002405004,2025-12-04,130000.0,R2026-002934,warranty,true,[],mydec,https://illinois-edp.data.socrata.com/resource/it54-y4c6.json,2026-04-25 23:53:15.608826,3,4 OAK HILL CT BURR RIDGE IL 60527,
dupage,1002405004,2025-12-04,130000.0,DECL-20251202250101,warranty,true,[],mydec,https://illinois-edp.data.socrata.com/resource/it54-y4c6.json,2026-04-25 23:53:15.608892,3,4 OAK HILL CT BURR RIDGE IL 60527,
dupage,0936210018,2025-12-05,275000.0,DECL-20260102271741,warranty,true,[],mydec,https://illinois-edp.data.socrata.com/resource/it54-y4c6.json,2026-04-25 23:53:15.608965,2,"7962 S GARFIELD AVE # 110 BURR RIDGE IL 60521",
dupage,0936210018,2025-12-05,275000.0,R2026-000874,warranty,true,[],mydec,https://illinois-edp.data.socrata.com/resource/it54-y4c6.json,2026-04-25 23:53:15.609036,2,"7962 S GARFIELD AVE # 110 BURR RIDGE IL 60521",
dupage,1001109012,2025-12-09,755000.0,DECL-20251102239151,warranty,true,[],mydec,https://illinois-edp.data.socrata.com/resource/it54-y4c6.json,2026-04-25 23:53:15.60924,3,430 WESTMINSTER DR BURR RIDGE IL 60527,
dupage,1002405004,2025-12-11,130000.0,DECL-20251202250101,warranty,true,[],mydec,https://illinois-edp.data.socrata.com/resource/it54-y4c6.json,2026-04-25 23:53:15.609484,3,4 OAK HILL CT BURR RIDGE IL 60527,
dupage,0913406011,2025-12-12,1478000.0,R2026-000701,warranty,true,[],mydec,https://illinois-edp.data.socrata.com/resource/it54-y4c6.json,2026-04-25 23:53:15.609589,2,13 WOODGATE DR BURR RIDGE IL 60527,
dupage,0936100004,2025-12-17,915000.0,R2026-000274,warranty,true,[],mydec,https://illinois-edp.data.socrata.com/resource/it54-y4c6.json,2026-04-25 23:53:15.610083,2,15W749 79TH ST BURR RIDGE IL 60527,
dupage,0936210012,2025-12-18,305000.0,R2026-000825,warranty,true,[],mydec,https://illinois-edp.data.socrata.com/resource/it54-y4c6.json,2026-04-25 23:53:15.61021,2,"7978 S GARFIELD AVE # 206 BURR RIDGE IL 60527",
dupage,0936210012,2025-12-18,305000.0,DECL-20251202264755,warranty,true,[],mydec,https://illinois-edp.data.socrata.com/resource/it54-y4c6.json,2026-04-25 23:53:15.610306,2,"7978 S GARFIELD AVE # 206 BURR RIDGE IL 60527",
dupage,0936210018,2025-12-19,275000.0,DECL-20251202257651,warranty,true,[],mydec,https://illinois-edp.data.socrata.com/resource/it54-y4c6.json,2026-04-25 23:53:15.610422,2,"7962 S GARFIELD AVE # 110 BURR RIDGE IL 60521",
dupage,0913406011,2025-12-19,1478000.0,DECL-20251202257140,warranty,true,[],mydec,https://illinois-edp.data.socrata.com/resource/it54-y4c6.json,2026-04-25 23:53:15.610501,2,13 WOODGATE DR BURR RIDGE IL 60527,
dupage,0913406011,2025-12-24,1478000.0,DECL-20251202257140,warranty,true,[],mydec,https://illinois-edp.data.socrata.com/resource/it54-y4c6.json,2026-04-25 23:53:18.138115,2,13 WOODGATE DR BURR RIDGE IL 60527,
dupage,0925400007,2025-12-29,3350000.0,R2026-000264,warranty,true,[],mydec,https://illinois-edp.data.socrata.com/resource/it54-y4c6.json,2026-04-25 23:53:18.138243,2,7606 HAMILTON AVE BURR RIDGE IL 60527,
dupage,0913405003,2025-12-30,3750000.0,R2026-002127,warranty,true,[],mydec,https://illinois-edp.data.socrata.com/resource/it54-y4c6.json,2026-04-25 23:53:18.138333,2,15W170 60TH ST BURR RIDGE IL 60527,
dupage,1011207010,2025-12-30,380000.0,R2025-084211,warranty,true,[],mydec,https://illinois-edp.data.socrata.com/resource/it54-y4c6.json,2026-04-25 23:53:18.138337,3,9680 PACIFIC CT BURR RIDGE IL 60527,
dupage,0935403032,2025-12-30,5900000.0,R2026-000929,warranty,true,[],mydec,https://illinois-edp.data.socrata.com/resource/it54-y4c6.json,2026-04-25 23:53:18.138347,2,8400 S MADISON ST BURR RIDGE IL 60527,
dupage,1011207010,2025-12-30,380000.0,DECL-20251202260122,warranty,true,[],mydec,https://illinois-edp.data.socrata.com/resource/it54-y4c6.json,2026-04-25 23:53:18.138408,3,9680 PACIFIC CT BURR RIDGE IL 60527,
dupage,0935403032,2025-12-30,5900000.0,DECL-20251202264987,warranty,true,[],mydec,https://illinois-edp.data.socrata.com/resource/it54-y4c6.json,2026-04-25 23:53:18.138418,2,8400 S MADISON ST BURR RIDGE IL 60527,
dupage,0913405003,2025-12-30,3750000.0,DECL-20260102270351,warranty,true,[],mydec,https://illinois-edp.data.socrata.com/resource/it54-y4c6.json,2026-04-25 23:53:18.138474,2,15W170 60TH ST BURR RIDGE IL 60527,
dupage,0913405003,2026-01-09,3750000.0,DECL-20260102270351,warranty,true,[],mydec,https://illinois-edp.data.socrata.com/resource/it54-y4c6.json,2026-04-25 23:53:18.138945,3,15W170 60TH ST BURR RIDGE IL 60527,
dupage,0936404048,2026-02-02,1075000.0,R2026-009811,warranty,true,[],mydec,https://illinois-edp.data.socrata.com/resource/it54-y4c6.json,2026-04-25 23:53:18.140043,3,1 HIDDEN LAKE DR BURR RIDGE IL 60527,
dupage,0936404048,2026-02-02,1075000.0,DECL-20260202289766,warranty,true,[],mydec,https://illinois-edp.data.socrata.com/resource/it54-y4c6.json,2026-04-25 23:53:18.140089,3,1 HIDDEN LAKE DR BURR RIDGE IL 60527,
dupage,1001302025,2026-02-10,875000.0,R2026-010940,warranty,true,[],mydec,https://illinois-edp.data.socrata.com/resource/it54-y4c6.json,2026-04-25 23:53:18.140418,3,4 KERI LN BURR RIDGE IL 60527,
dupage,1001302025,2026-02-10,875000.0,DECL-20260202295498,warranty,true,[],mydec,https://illinois-edp.data.socrata.com/resource/it54-y4c6.json,2026-04-25 23:53:18.140441,3,4 KERI LN BURR RIDGE IL 60527,
dupage,0935402048,2026-02-16,1880000.0,R2026-011796,warranty,true,[],mydec,https://illinois-edp.data.socrata.com/resource/it54-y4c6.json,2026-04-25 23:53:18.140729,3,817 LAKEVIEW LN BURR RIDGE IL 60527,
dupage,0936209015,2026-02-17,302000.0,R2026-014660,warranty,true,[],mydec,https://illinois-edp.data.socrata.com/resource/it54-y4c6.json,2026-04-25 23:53:18.140782,3,"8094 GARFIELD AVE # 4-3 BURR RIDGE IL 60527",
dupage,0936209015,2026-02-17,302000.0,DECL-20260202200113,warranty,true,[],mydec,https://illinois-edp.data.socrata.com/resource/it54-y4c6.json,2026-04-25 23:53:18.140792,3,"8094 GARFIELD AVE # 4-3 BURR RIDGE IL 60527",
dupage,1011101021,2026-02-17,800000.0,R2026-010673,warranty,true,[],mydec,https://illinois-edp.data.socrata.com/resource/it54-y4c6.json,2026-04-25 23:53:18.140806,3,11S054 JACKSON ST BURR RIDGE IL 60527,
dupage,0936209015,2026-02-18,315000.0,DECL-20260202200113,warranty,true,[],mydec,https://illinois-edp.data.socrata.com/resource/it54-y4c6.json,2026-04-25 23:53:20.822191,3,"8094 GARFIELD AVE # 4-3 BURR RIDGE IL 60527",
dupage,0935402048,2026-02-20,1900000.0,DECL-20260202297380,warranty,true,[],mydec,https://illinois-edp.data.socrata.com/resource/it54-y4c6.json,2026-04-25 23:53:20.822356,3,817 LAKEVIEW LN BURR RIDGE IL 60527,
dupage,0936408012,2026-02-23,1080000.0,R2026-013323,warranty,true,[],mydec,https://illinois-edp.data.socrata.com/resource/it54-y4c6.json,2026-04-25 23:53:20.82242,3,23 DEER PATH TRL BURR RIDGE IL 60527,
dupage,0925404018,2026-02-23,540000.0,R2026-011940,warranty,true,[],mydec,https://illinois-edp.data.socrata.com/resource/it54-y4c6.json,2026-04-25 23:53:20.822439,3,219 79TH ST BURR RIDGE IL 60527,
dupage,0936408012,2026-02-23,1080000.0,DECL-20260202207625,warranty,true,[],mydec,https://illinois-edp.data.socrata.com/resource/it54-y4c6.json,2026-04-25 23:53:20.822478,3,23 DEER PATH TRL BURR RIDGE IL 60527,
dupage,0936408012,2026-02-23,1080000.0,DECL-20260202207606,warranty,true,[],mydec,https://illinois-edp.data.socrata.com/resource/it54-y4c6.json,2026-04-25 23:53:20.822485,3,23 DEER PATH TRL BURR RIDGE IL 60527,
dupage,0925404018,2026-02-23,540000.0,DECL-20260202200396,warranty,true,[],mydec,https://illinois-edp.data.socrata.com/resource/it54-y4c6.json,2026-04-25 23:53:20.822511,3,219 79TH ST BURR RIDGE IL 60527,
dupage,1002401014,2026-02-25,480000.0,R2026-012904,warranty,true,[],mydec,https://illinois-edp.data.socrata.com/resource/it54-y4c6.json,2026-04-25 23:53:20.822626,3,16W250 93RD PL BURR RIDGE IL 60527,
dupage,1002401014,2026-02-25,445000.0,DECL-20260202203201,warranty,true,[],mydec,https://illinois-edp.data.socrata.com/resource/it54-y4c6.json,2026-04-25 23:53:20.82267,3,16W250 93RD PL BURR RIDGE IL 60527,
dupage,1002401014,2026-02-25,480000.0,DECL-20260202203232,warranty,true,[],mydec,https://illinois-edp.data.socrata.com/resource/it54-y4c6.json,2026-04-25 23:53:20.822681,3,16W250 93RD PL BURR RIDGE IL 60527,
dupage,0935204016,2026-02-25,3400000.0,DECL-20260102284935,warranty,true,[],mydec,https://illinois-edp.data.socrata.com/resource/it54-y4c6.json,2026-04-25 23:53:20.822693,3,221 SHORE CT BURR RIDGE IL 60527,
dupage,1001308021,2026-02-26,615000.0,DECL-20260202203555,warranty,true,[],mydec,https://illinois-edp.data.socrata.com/resource/it54-y4c6.json,2026-04-25 23:53:20.822773,3,46 OAK CREEK DR BURR RIDGE IL 60527,
dupage,1001308021,2026-02-26,615000.0,R2026-017184,warranty,true,[],mydec,https://illinois-edp.data.socrata.com/resource/it54-y4c6.json,2026-04-25 23:53:20.822811,3,46 OAK CREEK DR BURR RIDGE IL 60527,
dupage,0935204016,2026-02-26,3400000.0,DECL-20260102284935,warranty,true,[],mydec,https://illinois-edp.data.socrata.com/resource/it54-y4c6.json,2026-04-25 23:53:20.822841,3,221 SHORE CT BURR RIDGE IL 60527,
dupage,0935204016,2026-02-26,3400000.0,R2026-016261,warranty,true,[],mydec,https://illinois-edp.data.socrata.com/resource/it54-y4c6.json,2026-04-25 23:53:20.822855,3,221 SHORE CT BURR RIDGE IL 60527,
dupage,0925207003,2026-02-27,351463.0,DECL-20260202207342,warranty,true,[],mydec,https://illinois-edp.data.socrata.com/resource/it54-y4c6.json,2026-04-25 23:53:20.823063,3,7339 S PARK AVE BURR RIDGE IL 60521,
dupage,0935402051,2026-03-02,595000.0,R2026-015622,warranty,true,[],mydec,https://illinois-edp.data.socrata.com/resource/it54-y4c6.json,2026-04-25 23:53:20.823157,3,8401 MEADOWBROOK DR BURR RIDGE IL 60527,
dupage,0935402051,2026-03-02,595000.0,DECL-20260302208735,warranty,true,[],mydec,https://illinois-edp.data.socrata.com/resource/it54-y4c6.json,2026-04-25 23:53:20.823179,3,8401 MEADOWBROOK DR BURR RIDGE IL 60527,
dupage,1001207023,2026-03-11,1045000.0,R2026-020650,warranty,true,[],mydec,https://illinois-edp.data.socrata.com/resource/it54-y4c6.json,2026-04-25 23:53:20.82385,3,8980 ENCLAVE DR BURR RIDGE IL 60527,
dupage,1001207023,2026-03-11,1045000.0,DECL-20260302220414,warranty,true,[],mydec,https://illinois-edp.data.socrata.com/resource/it54-y4c6.json,2026-04-25 23:53:20.823914,3,8980 ENCLAVE DR BURR RIDGE IL 60527,
dupage,0935204016,2026-03-16,999999.0,DECL-20260102284935,warranty,true,[],mydec,https://illinois-edp.data.socrata.com/resource/it54-y4c6.json,2026-04-25 23:53:20.824146,3,221 SHORE CT BURR RIDGE IL 60527,
dupage,1001207023,2026-03-20,1045000.0,DECL-20260302220414,warranty,true,[],mydec,https://illinois-edp.data.socrata.com/resource/it54-y4c6.json,2026-04-25 23:53:20.824554,3,8980 ENCLAVE DR BURR RIDGE IL 60527,
dupage,0913308014,2026-03-23,2000000.0,R2026-024098,warranty,true,[],mydec,https://illinois-edp.data.socrata.com/resource/it54-y4c6.json,2026-04-25 23:53:20.824707,3,5 ANDREW CT BURR RIDGE IL 60527,
dupage,0913308014,2026-03-23,2000000.0,DECL-20260302224516,warranty,true,[],mydec,https://illinois-edp.data.socrata.com/resource/it54-y4c6.json,2026-04-25 23:53:20.824719,3,5 ANDREW CT BURR RIDGE IL 60527,
dupage,0913403010,2026-03-24,2499000.0,DECL-20260302224494,warranty,true,[],mydec,https://illinois-edp.data.socrata.com/resource/it54-y4c6.json,2026-04-25 23:53:20.824868,3,15W260 62ND ST BURR RIDGE IL 60527,
dupage,1001304021,2026-03-24,1250000.0,R2026-024263,warranty,true,[],mydec,https://illinois-edp.data.socrata.com/resource/it54-y4c6.json,2026-04-25 23:53:20.824933,3,9425 S MADISON ST BURR RIDGE IL 60521,
dupage,0936109069,2026-04-02,979000.0,R2026-022523,warranty,true,[],mydec,https://illinois-edp.data.socrata.com/resource/it54-y4c6.json,2026-04-25 23:53:20.825431,3,15W641 81ST ST BURR RIDGE IL 60527,
dupage,0936109069,2026-04-02,979000.0,DECL-20260402233848,warranty,true,[],mydec,https://illinois-edp.data.socrata.com/resource/it54-y4c6.json,2026-04-25 23:53:20.825449,3,15W641 81ST ST BURR RIDGE IL 60527,
dupage,0913308014,2026-04-03,2000000.0,DECL-20260302224516,warranty,true,[],mydec,https://illinois-edp.data.socrata.com/resource/it54-y4c6.json,2026-04-25 23:53:20.825479,3,5 ANDREW CT BURR RIDGE IL 60527,
dupage,0913308001,2026-04-08,1200000.0,DECL-20260402236939,warranty,true,[],mydec,https://illinois-edp.data.socrata.com/resource/it54-y4c6.json,2026-04-25 23:53:20.825606,3,1 CLUBSIDE CT BURR RIDGE IL 60527,
dupage,0913308001,2026-04-08,1200000.0,R2026-024513,warranty,true,[],mydec,https://illinois-edp.data.socrata.com/resource/it54-y4c6.json,2026-04-25 23:53:20.825624,3,1 CLUBSIDE CT BURR RIDGE IL 60527,
dupage,1001304021,2026-04-09,1250000.0,DECL-20260402238647,warranty,true,[],mydec,https://illinois-edp.data.socrata.com/resource/it54-y4c6.json,2026-04-25 23:53:20.82569,3,9425 S MADISON ST BURR RIDGE IL 60521,
dupage,1002409027,2026-04-14,2488000.0,DECL-20260402236817,warranty,true,[],mydec,https://illinois-edp.data.socrata.com/resource/it54-y4c6.json,2026-04-25 23:53:20.825831,3,9427 FALLINGWATER DR BURR RIDGE IL 60527,
dupage,1002409027,2026-04-15,2488000.0,DECL-20260402236817,warranty,true,[],mydec,https://illinois-edp.data.socrata.com/resource/it54-y4c6.json,2026-04-25 23:53:20.825859,3,9427 FALLINGWATER DR BURR RIDGE IL 60527,
dupage,0913302011,2026-04-17,1900000.0,DECL-20260402245226,warranty,true,[],mydec,https://illinois-edp.data.socrata.com/resource/it54-y4c6.json,2026-04-25 23:53:20.825952,3,440 60TH PL BURR RIDGE IL 60521,
dupage,0936311019,2026-05-01,750000.0,DECL-20260402233870,warranty,true,[],mydec,https://illinois-edp.data.socrata.com/resource/it54-y4c6.json,2026-04-25 23:53:22.939837,3,452 LEONARD LN BURR RIDGE IL 60521,
cook,18181010080000,2025-09-22,965000.0,2530714066,warranty,true,[],ccao,https://datacatalog.cookcountyil.gov/resource/wvhk-k5uv.json,2026-04-25 23:53:47.511157,3,,Town of Lyons
cook,18181010080000,2016-02-18,582000.0,1607046206,warranty,true,[],ccao,https://datacatalog.cookcountyil.gov/resource/wvhk-k5uv.json,2026-04-25 23:53:47.511197,3,,Town of Lyons
cook,18181030100000,2021-06-24,923228.0,2120457020,warranty,true,[],ccao,https://datacatalog.cookcountyil.gov/resource/wvhk-k5uv.json,2026-04-25 23:53:47.511226,3,,Town of Lyons
cook,18181040210000,2026-01-30,2000000.0,2604102174,warranty,true,[],ccao,https://datacatalog.cookcountyil.gov/resource/wvhk-k5uv.json,2026-04-25 23:53:47.511269,2,,Town of Lyons
cook,18181040380000,2016-08-01,635000.0,1622946006,warranty,true,[],ccao,https://datacatalog.cookcountyil.gov/resource/wvhk-k5uv.json,2026-04-25 23:53:47.511278,3,,Town of Lyons
cook,18181040380000,2013-05-15,596200.0,1316441006,warranty,true,[],ccao,https://datacatalog.cookcountyil.gov/resource/wvhk-k5uv.json,2026-04-25 23:53:47.511287,3,,Town of Lyons
cook,18181040410000,2026-01-30,2000000.0,2604102174,warranty,true,[],ccao,https://datacatalog.cookcountyil.gov/resource/wvhk-k5uv.json,2026-04-25 23:53:47.511306,2,,Town of Lyons
cook,18181050040000,2022-02-18,440000.0,2206120034,warranty,true,[],ccao,https://datacatalog.cookcountyil.gov/resource/wvhk-k5uv.json,2026-04-25 23:53:47.511315,3,,Town of Lyons
cook,18181070230000,2014-06-20,470000.0,1421626014,warranty,true,[],ccao,https://datacatalog.cookcountyil.gov/resource/wvhk-k5uv.json,2026-04-25 23:53:47.511324,3,,Town of Lyons
cook,18183020180000,2022-03-28,1274000.0,2209834017,warranty,true,[],ccao,https://datacatalog.cookcountyil.gov/resource/wvhk-k5uv.json,2026-04-25 23:53:47.511333,3,,Town of Lyons
cook,18183020330000,2014-07-01,930000.0,1421755066,warranty,true,[],ccao,https://datacatalog.cookcountyil.gov/resource/wvhk-k5uv.json,2026-04-25 23:53:47.511351,2,,Town of Lyons
cook,18183040210000,2014-03-28,900000.0,1412742031,warranty,true,[],ccao,https://datacatalog.cookcountyil.gov/resource/wvhk-k5uv.json,2026-04-25 23:53:47.51136,3,,Town of Lyons
cook,18191030450000,2017-11-09,575000.0,1731846115,warranty,true,[],ccao,https://datacatalog.cookcountyil.gov/resource/wvhk-k5uv.json,2026-04-25 23:53:47.511389,3,,Town of Lyons
cook,18191030450000,2017-12-19,672500.0,1736247083,warranty,true,[],ccao,https://datacatalog.cookcountyil.gov/resource/wvhk-k5uv.json,2026-04-25 23:53:47.511398,3,,Town of Lyons
cook,18191030540000,2016-10-03,2575000.0,1627822042,warranty,true,[],ccao,https://datacatalog.cookcountyil.gov/resource/wvhk-k5uv.json,2026-04-25 23:53:47.511418,3,,Town of Lyons
cook,18191030800000,2018-12-21,625000.0,1901006190,warranty,true,[],ccao,https://datacatalog.cookcountyil.gov/resource/wvhk-k5uv.json,2026-04-25 23:53:47.511436,3,,Town of Lyons
cook,18193020100000,2013-10-08,550000.0,1330415014,warranty,true,[],ccao,https://datacatalog.cookcountyil.gov/resource/wvhk-k5uv.json,2026-04-25 23:53:47.511461,3,,Town of Lyons
cook,18193040100000,2021-09-24,635000.0,2127708183,warranty,true,[],ccao,https://datacatalog.cookcountyil.gov/resource/wvhk-k5uv.json,2026-04-25 23:53:47.511491,3,,Town of Lyons
cook,18193040220000,2017-05-08,540000.0,1714239083,warranty,true,[],ccao,https://datacatalog.cookcountyil.gov/resource/wvhk-k5uv.json,2026-04-25 23:53:47.51153,3,,Town of Lyons
cook,18193080060000,2015-09-01,540000.0,1526017034,warranty,true,[],ccao,https://datacatalog.cookcountyil.gov/resource/wvhk-k5uv.json,2026-04-25 23:53:47.511539,3,,Town of Lyons
cook,18193080100000,2014-05-29,345000.0,1415755028,warranty,true,[],ccao,https://datacatalog.cookcountyil.gov/resource/wvhk-k5uv.json,2026-04-25 23:53:47.511547,3,,Town of Lyons
cook,18193080210000,2024-06-06,650000.0,2417014531,warranty,true,[],ccao,https://datacatalog.cookcountyil.gov/resource/wvhk-k5uv.json,2026-04-25 23:53:47.511556,3,,Town of Lyons
cook,18193080340000,2024-05-17,650000.0,2415820290,warranty,true,[],ccao,https://datacatalog.cookcountyil.gov/resource/wvhk-k5uv.json,2026-04-25 23:53:47.511574,3,,Town of Lyons
cook,18293000040000,2014-06-09,387000.0,1500801000,warranty,true,[],ccao,https://datacatalog.cookcountyil.gov/resource/wvhk-k5uv.json,2026-04-25 23:53:47.511594,3,,Town of Lyons
cook,18301010110000,2020-07-20,860274.0,2025307211,warranty,true,[],ccao,https://datacatalog.cookcountyil.gov/resource/wvhk-k5uv.json,2026-04-25 23:53:47.511604,3,,Town of Lyons
cook,18302000240000,2019-06-28,284200.0,1918608144,warranty,true,[],ccao,https://datacatalog.cookcountyil.gov/resource/wvhk-k5uv.json,2026-04-25 23:53:47.511613,3,,Town of Lyons
cook,18302040090000,2016-07-11,360000.0,1619622128,warranty,true,[],ccao,https://datacatalog.cookcountyil.gov/resource/wvhk-k5uv.json,2026-04-25 23:53:47.511631,3,,Town of Lyons
cook,18302070150000,2014-10-01,316500.0,1432119100,warranty,true,[],ccao,https://datacatalog.cookcountyil.gov/resource/wvhk-k5uv.json,2026-04-25 23:53:47.511684,2,,Town of Lyons
cook,18302080100000,2023-01-30,320000.0,2306657018,warranty,true,[],ccao,https://datacatalog.cookcountyil.gov/resource/wvhk-k5uv.json,2026-04-25 23:53:47.511703,3,,Town of Lyons
cook,18302080250000,2020-09-01,300000.0,2032240003,warranty,true,[],ccao,https://datacatalog.cookcountyil.gov/resource/wvhk-k5uv.json,2026-04-25 23:53:47.511732,3,,Town of Lyons
cook,18303060020000,2022-01-17,1425000.0,2202513335,warranty,true,[],ccao,https://datacatalog.cookcountyil.gov/resource/wvhk-k5uv.json,2026-04-25 23:53:47.511751,3,,Town of Lyons
cook,18303060110000,2019-10-25,1270000.0,1930446046,warranty,true,[],ccao,https://datacatalog.cookcountyil.gov/resource/wvhk-k5uv.json,2026-04-25 23:53:47.511764,3,,Town of Lyons
cook,18303060120000,2016-08-19,1380000.0,1626501040,warranty,true,[],ccao,https://datacatalog.cookcountyil.gov/resource/wvhk-k5uv.json,2026-04-25 23:53:47.511797,3,,Town of Lyons
cook,18303060420000,2022-08-26,2066725.0,2224204315,warranty,true,[],ccao,https://datacatalog.cookcountyil.gov/resource/wvhk-k5uv.json,2026-04-25 23:53:47.511847,3,,Town of Lyons
cook,18303060420000,2017-12-07,2000000.0,1735249337,warranty,true,[],ccao,https://datacatalog.cookcountyil.gov/resource/wvhk-k5uv.json,2026-04-25 23:53:47.511876,3,,Town of Lyons
cook,18303060480000,2017-09-13,1100000.0,1726115039,warranty,true,[],ccao,https://datacatalog.cookcountyil.gov/resource/wvhk-k5uv.json,2026-04-25 23:53:47.511886,3,,Town of Lyons
cook,18303060520000,2020-11-10,1273750.0,2110921034,warranty,true,[],ccao,https://datacatalog.cookcountyil.gov/resource/wvhk-k5uv.json,2026-04-25 23:53:47.511896,3,,Town of Lyons
cook,18303060520000,2018-03-21,1075000.0,1808601233,warranty,true,[],ccao,https://datacatalog.cookcountyil.gov/resource/wvhk-k5uv.json,2026-04-25 23:53:47.511905,3,,Town of Lyons
cook,18303060610000,2015-02-11,1250000.0,1506356004,warranty,true,[],ccao,https://datacatalog.cookcountyil.gov/resource/wvhk-k5uv.json,2026-04-25 23:53:47.511915,3,,Town of Lyons
cook,18304010300000,2013-06-14,350000.0,1317816054,warranty,true,[],ccao,https://datacatalog.cookcountyil.gov/resource/wvhk-k5uv.json,2026-04-25 23:53:47.511924,3,,Town of Lyons
cook,18304010300000,2015-12-11,490000.0,1600412020,warranty,true,[],ccao,https://datacatalog.cookcountyil.gov/resource/wvhk-k5uv.json,2026-04-25 23:53:47.511933,3,,Town of Lyons
cook,18304020010000,2017-06-14,680000.0,1716655086,warranty,true,[],ccao,https://datacatalog.cookcountyil.gov/resource/wvhk-k5uv.json,2026-04-25 23:53:47.511942,3,,Town of Lyons
cook,18304020010000,2020-03-17,575000.0,2015021189,warranty,true,[],ccao,https://datacatalog.cookcountyil.gov/resource/wvhk-k5uv.json,2026-04-25 23:53:47.511952,3,,Town of Lyons
cook,18304020170000,2014-09-16,3100000.0,1428210009,warranty,true,[],ccao,https://datacatalog.cookcountyil.gov/resource/wvhk-k5uv.json,2026-04-25 23:53:47.511973,3,,Town of Lyons
cook,18304050010000,2019-12-10,395000.0,1935208361,warranty,true,[],ccao,https://datacatalog.cookcountyil.gov/resource/wvhk-k5uv.json,2026-04-25 23:53:47.511982,3,,Town of Lyons
cook,18304050060000,2014-04-10,520000.0,1411326101,warranty,true,[],ccao,https://datacatalog.cookcountyil.gov/resource/wvhk-k5uv.json,2026-04-25 23:53:47.511992,3,,Town of Lyons
cook,18304060070000,2022-10-17,1325000.0,2229445092,warranty,true,[],ccao,https://datacatalog.cookcountyil.gov/resource/wvhk-k5uv.json,2026-04-25 23:53:47.512001,3,,Town of Lyons
cook,18304060130000,2020-09-25,345000.0,2031710039,warranty,true,[],ccao,https://datacatalog.cookcountyil.gov/resource/wvhk-k5uv.json,2026-04-25 23:53:47.512034,3,,Town of Lyons
cook,18304070230000,2014-09-03,745000.0,1426917006,warranty,true,[],ccao,https://datacatalog.cookcountyil.gov/resource/wvhk-k5uv.json,2026-04-25 23:53:47.512043,3,,Town of Lyons
cook,18304090090000,2020-07-20,665000.0,2029620203,warranty,true,[],ccao,https://datacatalog.cookcountyil.gov/resource/wvhk-k5uv.json,2026-04-25 23:53:47.512053,3,,Town of Lyons
cook,18304090120000,2014-03-31,585000.0,1409246099,warranty,true,[],ccao,https://datacatalog.cookcountyil.gov/resource/wvhk-k5uv.json,2026-04-25 23:53:47.512063,3,,Town of Lyons
cook,18311040030000,2022-09-21,799000.0,2227240033,warranty,true,[],ccao,https://datacatalog.cookcountyil.gov/resource/wvhk-k5uv.json,2026-04-25 23:53:47.512082,3,,Town of Lyons
cook,18311040030000,2015-08-10,619000.0,1526042079,warranty,true,[],ccao,https://datacatalog.cookcountyil.gov/resource/wvhk-k5uv.json,2026-04-25 23:53:47.512091,3,,Town of Lyons
cook,18311080010000,2023-04-05,975000.0,2311029016,warranty,true,[],ccao,https://datacatalog.cookcountyil.gov/resource/wvhk-k5uv.json,2026-04-25 23:53:47.512129,3,,Town of Lyons
cook,18312100040000,2023-07-24,1425000.0,2320713249,warranty,true,[],ccao,https://datacatalog.cookcountyil.gov/resource/wvhk-k5uv.json,2026-04-25 23:53:47.512138,3,,Town of Lyons
cook,18312110070000,2015-07-31,900000.0,1521916035,warranty,true,[],ccao,https://datacatalog.cookcountyil.gov/resource/wvhk-k5uv.json,2026-04-25 23:53:47.512189,3,,Town of Lyons
cook,18312110200000,2015-09-29,940000.0,1529629006,warranty,true,[],ccao,https://datacatalog.cookcountyil.gov/resource/wvhk-k5uv.json,2026-04-25 23:53:47.512218,3,,Town of Lyons
cook,18312110530000,2013-11-01,422000.0,1331808232,warranty,true,[],ccao,https://datacatalog.cookcountyil.gov/resource/wvhk-k5uv.json,2026-04-25 23:53:47.512269,2,,Town of Lyons
cook,18312110530000,2014-08-15,1162500.0,1425933023,warranty,true,[],ccao,https://datacatalog.cookcountyil.gov/resource/wvhk-k5uv.json,2026-04-25 23:53:47.51229,3,,Town of Lyons
cook,18313000050000,2024-06-27,2275000.0,2419302339,warranty,true,[],ccao,https://datacatalog.cookcountyil.gov/resource/wvhk-k5uv.json,2026-04-25 23:53:47.512299,3,,Town of Lyons
cook,18313050020000,2021-05-29,1487500.0,2117206104,warranty,true,[],ccao,https://datacatalog.cookcountyil.gov/resource/wvhk-k5uv.json,2026-04-25 23:53:47.512364,3,,Town of Lyons
cook,18313050120000,2014-04-11,880000.0,1411126082,warranty,true,[],ccao,https://datacatalog.cookcountyil.gov/resource/wvhk-k5uv.json,2026-04-25 23:53:47.512373,3,,Town of Lyons
cook,18313060060000,2013-04-17,1300000.0,1312112166,warranty,true,[],ccao,https://datacatalog.cookcountyil.gov/resource/wvhk-k5uv.json,2026-04-25 23:53:47.512382,3,,Town of Lyons
cook,18313060100000,2016-05-10,1127000.0,1614557011,warranty,true,[],ccao,https://datacatalog.cookcountyil.gov/resource/wvhk-k5uv.json,2026-04-25 23:53:47.512391,3,,Town of Lyons
cook,18313070030000,2013-09-19,1600000.0,1328942142,warranty,true,[],ccao,https://datacatalog.cookcountyil.gov/resource/wvhk-k5uv.json,2026-04-25 23:53:47.51243,3,,Town of Lyons
cook,18313070050000,2016-06-01,1435500.0,1617355224,warranty,true,[],ccao,https://datacatalog.cookcountyil.gov/resource/wvhk-k5uv.json,2026-04-25 23:53:47.512439,2,,Town of Lyons
cook,18313070290000,2022-12-06,1400000.0,2234908068,warranty,true,[],ccao,https://datacatalog.cookcountyil.gov/resource/wvhk-k5uv.json,2026-04-25 23:53:47.512459,3,,Town of Lyons
cook,18313070290000,2021-11-06,1380000.0,2203447077,warranty,true,[],ccao,https://datacatalog.cookcountyil.gov/resource/wvhk-k5uv.json,2026-04-25 23:53:47.512469,3,,Town of Lyons
cook,18314090080000,2022-09-01,245000.0,2227841043,warranty,true,[],ccao,https://datacatalog.cookcountyil.gov/resource/wvhk-k5uv.json,2026-04-25 23:53:47.512487,3,,Town of Lyons
cook,23061010280000,2021-05-24,1200000.0,2122412051,warranty,true,[],ccao,https://datacatalog.cookcountyil.gov/resource/wvhk-k5uv.json,2026-04-25 23:53:47.512495,3,,Town of Lyons
cook,23061010280000,2013-12-01,1615000.0,1400735027,warranty,true,[],ccao,https://datacatalog.cookcountyil.gov/resource/wvhk-k5uv.json,2026-04-25 23:53:47.512504,2,,Town of Lyons
cook,23061080010000,2022-06-22,1599000.0,2217834151,warranty,true,[],ccao,https://datacatalog.cookcountyil.gov/resource/wvhk-k5uv.json,2026-04-25 23:53:47.512513,3,,Town of Lyons
cook,18181000170000,2023-11-07,905000.0,2334041096,warranty,true,[],ccao,https://datacatalog.cookcountyil.gov/resource/wvhk-k5uv.json,2026-04-25 23:53:48.359338,3,,Town of Lyons
cook,18181030040000,2018-09-08,530000.0,1826808019,warranty,true,[],ccao,https://datacatalog.cookcountyil.gov/resource/wvhk-k5uv.json,2026-04-25 23:53:48.359409,3,,Town of Lyons
cook,18181040250000,2018-07-11,685000.0,1820018030,warranty,true,[],ccao,https://datacatalog.cookcountyil.gov/resource/wvhk-k5uv.json,2026-04-25 23:53:48.359418,3,,Town of Lyons
cook,18181040250000,2017-04-21,670000.0,1714347007,warranty,true,[],ccao,https://datacatalog.cookcountyil.gov/resource/wvhk-k5uv.json,2026-04-25 23:53:48.359426,3,,Town of Lyons
cook,18181040350000,2020-07-01,625000.0,2025307215,warranty,true,[],ccao,https://datacatalog.cookcountyil.gov/resource/wvhk-k5uv.json,2026-04-25 23:53:48.359434,3,,Town of Lyons
cook,18183020250000,2023-02-28,1000000.0,2307233258,warranty,true,[],ccao,https://datacatalog.cookcountyil.gov/resource/wvhk-k5uv.json,2026-04-25 23:53:48.359459,3,,Town of Lyons
cook,18183030060000,2016-02-25,475000.0,1606333024,warranty,true,[],ccao,https://datacatalog.cookcountyil.gov/resource/wvhk-k5uv.json,2026-04-25 23:53:48.359476,3,,Town of Lyons
cook,18183060010000,2021-08-12,760000.0,2122919007,warranty,true,[],ccao,https://datacatalog.cookcountyil.gov/resource/wvhk-k5uv.json,2026-04-25 23:53:48.359492,3,,Town of Lyons
cook,18183070010000,2023-01-26,1288000.0,2303306231,warranty,true,[],ccao,https://datacatalog.cookcountyil.gov/resource/wvhk-k5uv.json,2026-04-25 23:53:48.359508,3,,Town of Lyons
cook,18191000210000,2018-05-01,645000.0,1813549070,warranty,true,[],ccao,https://datacatalog.cookcountyil.gov/resource/wvhk-k5uv.json,2026-04-25 23:53:48.359525,3,,Town of Lyons
cook,18191020210000,2021-02-17,749000.0,2106819013,warranty,true,[],ccao,https://datacatalog.cookcountyil.gov/resource/wvhk-k5uv.json,2026-04-25 23:53:48.359532,3,,Town of Lyons
cook,18191030710000,2015-06-09,2050000.0,1519722017,warranty,true,[],ccao,https://datacatalog.cookcountyil.gov/resource/wvhk-k5uv.json,2026-04-25 23:53:48.359577,3,,Town of Lyons
cook,18191030900000,2021-01-26,2125000.0,2114441263,warranty,true,[],ccao,https://datacatalog.cookcountyil.gov/resource/wvhk-k5uv.json,2026-04-25 23:53:48.359592,3,,Town of Lyons
cook,18193010050000,2017-07-01,2900000.0,1720508177,warranty,true,[],ccao,https://datacatalog.cookcountyil.gov/resource/wvhk-k5uv.json,2026-04-25 23:53:48.359625,2,,Town of Lyons
cook,18193040010000,2020-06-29,545000.0,2025939029,warranty,true,[],ccao,https://datacatalog.cookcountyil.gov/resource/wvhk-k5uv.json,2026-04-25 23:53:48.359634,3,,Town of Lyons
cook,18193050060000,2017-09-28,590000.0,1728417091,warranty,true,[],ccao,https://datacatalog.cookcountyil.gov/resource/wvhk-k5uv.json,2026-04-25 23:53:48.359651,3,,Town of Lyons
cook,18193060170000,2018-06-15,430000.0,1817029167,warranty,true,[],ccao,https://datacatalog.cookcountyil.gov/resource/wvhk-k5uv.json,2026-04-25 23:53:48.359658,3,,Town of Lyons
cook,18193060270000,2021-08-02,475000.0,2123517367,warranty,true,[],ccao,https://datacatalog.cookcountyil.gov/resource/wvhk-k5uv.json,2026-04-25 23:53:48.359666,3,,Town of Lyons
cook,18193060270000,2022-09-13,900000.0,2227145039,warranty,true,[],ccao,https://datacatalog.cookcountyil.gov/resource/wvhk-k5uv.json,2026-04-25 23:53:48.359674,3,,Town of Lyons
cook,18193080040000,2019-09-24,545000.0,1928322084,warranty,true,[],ccao,https://datacatalog.cookcountyil.gov/resource/wvhk-k5uv.json,2026-04-25 23:53:48.359681,3,,Town of Lyons
cook,18193080260000,2018-03-09,425000.0,1807446215,warranty,true,[],ccao,https://datacatalog.cookcountyil.gov/resource/wvhk-k5uv.json,2026-04-25 23:53:48.359689,3,,Town of Lyons
cook,18193080350000,2015-05-27,476000.0,1518326040,warranty,true,[],ccao,https://datacatalog.cookcountyil.gov/resource/wvhk-k5uv.json,2026-04-25 23:53:48.359706,3,,Town of Lyons
cook,18301010020000,2022-06-16,875000.0,2217328001,warranty,true,[],ccao,https://datacatalog.cookcountyil.gov/resource/wvhk-k5uv.json,2026-04-25 23:53:48.359713,3,,Town of Lyons
cook,18301010030000,2021-04-23,799900.0,2112320002,warranty,true,[],ccao,https://datacatalog.cookcountyil.gov/resource/wvhk-k5uv.json,2026-04-25 23:53:48.359721,3,,Town of Lyons
cook,18301010070000,2022-01-06,757875.0,2202113310,warranty,true,[],ccao,https://datacatalog.cookcountyil.gov/resource/wvhk-k5uv.json,2026-04-25 23:53:48.359729,3,,Town of Lyons
cook,18301010120000,2019-09-01,877415.0,1928046208,warranty,true,[],ccao,https://datacatalog.cookcountyil.gov/resource/wvhk-k5uv.json,2026-04-25 23:53:48.359737,2,,Town of Lyons
cook,18302010250000,2022-08-24,350000.0,2223720534,warranty,true,[],ccao,https://datacatalog.cookcountyil.gov/resource/wvhk-k5uv.json,2026-04-25 23:53:48.359753,3,,Town of Lyons
cook,18302030090000,2023-06-30,405000.0,2320515028,warranty,true,[],ccao,https://datacatalog.cookcountyil.gov/resource/wvhk-k5uv.json,2026-04-25 23:53:48.359786,3,,Town of Lyons
cook,18302030190000,2021-02-22,350000.0,2107817233,warranty,true,[],ccao,https://datacatalog.cookcountyil.gov/resource/wvhk-k5uv.json,2026-04-25 23:53:48.359794,3,,Town of Lyons
cook,18302050010000,2016-06-09,405000.0,1618117072,warranty,true,[],ccao,https://datacatalog.cookcountyil.gov/resource/wvhk-k5uv.json,2026-04-25 23:53:48.359812,3,,Town of Lyons
cook,18302070070000,2020-05-07,245000.0,2018147009,warranty,true,[],ccao,https://datacatalog.cookcountyil.gov/resource/wvhk-k5uv.json,2026-04-25 23:53:48.35982,3,,Town of Lyons
cook,18302080310000,2016-01-13,725000.0,1601449095,warranty,true,[],ccao,https://datacatalog.cookcountyil.gov/resource/wvhk-k5uv.json,2026-04-25 23:53:48.359861,3,,Town of Lyons
cook,18303060160000,2013-08-29,475000.0,1327541115,warranty,true,[],ccao,https://datacatalog.cookcountyil.gov/resource/wvhk-k5uv.json,2026-04-25 23:53:48.359877,3,,Town of Lyons
cook,18303060590000,2022-01-07,1140000.0,2202546152,warranty,true,[],ccao,https://datacatalog.cookcountyil.gov/resource/wvhk-k5uv.json,2026-04-25 23:53:48.359903,3,,Town of Lyons
cook,18304010180000,2017-02-17,295000.0,1707918034,warranty,true,[],ccao,https://datacatalog.cookcountyil.gov/resource/wvhk-k5uv.json,2026-04-25 23:53:48.35991,3,,Town of Lyons
cook,18304030060000,2024-03-28,1650000.0,2409924119,warranty,true,[],ccao,https://datacatalog.cookcountyil.gov/resource/wvhk-k5uv.json,2026-04-25 23:53:48.359927,3,,Town of Lyons
cook,18304070040000,2022-04-07,745000.0,2211728049,warranty,true,[],ccao,https://datacatalog.cookcountyil.gov/resource/wvhk-k5uv.json,2026-04-25 23:53:48.359934,3,,Town of Lyons
cook,18304070170000,2023-07-23,585000.0,2321206105,warranty,true,[],ccao,https://datacatalog.cookcountyil.gov/resource/wvhk-k5uv.json,2026-04-25 23:53:48.359942,3,,Town of Lyons
cook,18304090140000,2016-06-03,775000.0,1618904049,warranty,true,[],ccao,https://datacatalog.cookcountyil.gov/resource/wvhk-k5uv.json,2026-04-25 23:53:48.359967,3,,Town of Lyons
cook,18304100090000,2022-03-08,895000.0,2207721105,warranty,true,[],ccao,https://datacatalog.cookcountyil.gov/resource/wvhk-k5uv.json,2026-04-25 23:53:48.36,3,,Town of Lyons
cook,18312010120000,2018-10-26,475000.0,1830319307,warranty,true,[],ccao,https://datacatalog.cookcountyil.gov/resource/wvhk-k5uv.json,2026-04-25 23:53:48.360077,3,,Town of Lyons
cook,18312100100000,2017-07-31,1090000.0,1722239087,warranty,true,[],ccao,https://datacatalog.cookcountyil.gov/resource/wvhk-k5uv.json,2026-04-25 23:53:48.360085,3,,Town of Lyons
cook,18312110110000,2017-04-24,952000.0,1713115156,warranty,true,[],ccao,https://datacatalog.cookcountyil.gov/resource/wvhk-k5uv.json,2026-04-25 23:53:48.360092,3,,Town of Lyons
cook,18312110110000,2025-02-21,1169000.0,2506924088,warranty,true,[],ccao,https://datacatalog.cookcountyil.gov/resource/wvhk-k5uv.json,2026-04-25 23:53:48.3601,3,,Town of Lyons
cook,18312110540000,2019-01-11,950000.0,1903218085,warranty,true,[],ccao,https://datacatalog.cookcountyil.gov/resource/wvhk-k5uv.json,2026-04-25 23:53:48.360158,3,,Town of Lyons
cook,18312110540000,2022-03-25,1100000.0,2209421184,warranty,true,[],ccao,https://datacatalog.cookcountyil.gov/resource/wvhk-k5uv.json,2026-04-25 23:53:48.360174,3,,Town of Lyons
cook,18313040100000,2013-11-22,1150000.0,1403029042,warranty,true,[],ccao,https://datacatalog.cookcountyil.gov/resource/wvhk-k5uv.json,2026-04-25 23:53:48.36019,3,,Town of Lyons
cook,18313050140000,2017-02-22,940000.0,1706857076,warranty,true,[],ccao,https://datacatalog.cookcountyil.gov/resource/wvhk-k5uv.json,2026-04-25 23:53:48.360198,3,,Town of Lyons
cook,18313060040000,2014-05-12,460000.0,1414150031,warranty,true,[],ccao,https://datacatalog.cookcountyil.gov/resource/wvhk-k5uv.json,2026-04-25 23:53:48.360206,3,,Town of Lyons
cook,18313070110000,2023-06-28,653000.0,2319128094,warranty,true,[],ccao,https://datacatalog.cookcountyil.gov/resource/wvhk-k5uv.json,2026-04-25 23:53:48.360213,3,,Town of Lyons
cook,18313070150000,2015-01-29,1720000.0,1504046162,warranty,true,[],ccao,https://datacatalog.cookcountyil.gov/resource/wvhk-k5uv.json,2026-04-25 23:53:48.360221,3,,Town of Lyons
cook,18314020170000,2014-01-01,2500000.0,1401754053,warranty,true,[],ccao,https://datacatalog.cookcountyil.gov/resource/wvhk-k5uv.json,2026-04-25 23:53:48.360237,2,,Town of Lyons
cook,18181010040000,2020-12-07,705000.0,2036540153,warranty,true,[],ccao,https://datacatalog.cookcountyil.gov/resource/wvhk-k5uv.json,2026-04-25 23:53:48.722289,3,,Town of Lyons
cook,18181010040000,2014-10-31,480000.0,1431057119,warranty,true,[],ccao,https://datacatalog.cookcountyil.gov/resource/wvhk-k5uv.json,2026-04-25 23:53:48.722315,3,,Town of Lyons
cook,18181010160000,2020-10-01,523000.0,2031219047,warranty,true,[],ccao,https://datacatalog.cookcountyil.gov/resource/wvhk-k5uv.json,2026-04-25 23:53:48.722324,3,,Town of Lyons
cook,18181030160000,2013-04-01,487700.0,1310826112,warranty,true,[],ccao,https://datacatalog.cookcountyil.gov/resource/wvhk-k5uv.json,2026-04-25 23:53:48.722334,3,,Town of Lyons
cook,18181040040000,2021-06-02,785000.0,2117442100,warranty,true,[],ccao,https://datacatalog.cookcountyil.gov/resource/wvhk-k5uv.json,2026-04-25 23:53:48.722343,3,,Town of Lyons
cook,18181040400000,2021-08-06,718000.0,2123534155,warranty,true,[],ccao,https://datacatalog.cookcountyil.gov/resource/wvhk-k5uv.json,2026-04-25 23:53:48.722363,2,,Town of Lyons
cook,18183020010000,2014-08-01,875000.0,1423749059,warranty,true,[],ccao,https://datacatalog.cookcountyil.gov/resource/wvhk-k5uv.json,2026-04-25 23:53:48.722373,2,,Town of Lyons
cook,18183020010000,2016-01-09,919000.0,1606319122,warranty,true,[],ccao,https://datacatalog.cookcountyil.gov/resource/wvhk-k5uv.json,2026-04-25 23:53:48.722381,3,,Town of Lyons
cook,18183040160000,2016-07-28,650000.0,1624404067,warranty,true,[],ccao,https://datacatalog.cookcountyil.gov/resource/wvhk-k5uv.json,2026-04-25 23:53:48.722452,3,,Town of Lyons
cook,18191020100000,2020-06-29,760000.0,2028720093,warranty,true,[],ccao,https://datacatalog.cookcountyil.gov/resource/wvhk-k5uv.json,2026-04-25 23:53:48.722461,3,,Town of Lyons
cook,18191020120000,2019-10-19,59650.0,2002717007,warranty,true,[],ccao,https://datacatalog.cookcountyil.gov/resource/wvhk-k5uv.json,2026-04-25 23:53:48.722469,3,,Town of Lyons
cook,18191020260000,2017-05-02,960000.0,1712349318,warranty,true,[],ccao,https://datacatalog.cookcountyil.gov/resource/wvhk-k5uv.json,2026-04-25 23:53:48.722478,3,,Town of Lyons
cook,18191030720000,2018-04-30,625000.0,1814113022,warranty,true,[],ccao,https://datacatalog.cookcountyil.gov/resource/wvhk-k5uv.json,2026-04-25 23:53:48.722487,3,,Town of Lyons
cook,18191030740000,2017-10-19,650000.0,1730422049,warranty,true,[],ccao,https://datacatalog.cookcountyil.gov/resource/wvhk-k5uv.json,2026-04-25 23:53:48.722504,3,,Town of Lyons
cook,18193030130000,2020-07-02,490000.0,2024806385,warranty,true,[],ccao,https://datacatalog.cookcountyil.gov/resource/wvhk-k5uv.json,2026-04-25 23:53:48.722581,3,,Town of Lyons
cook,18193040160000,2021-12-06,685000.0,2204012072,warranty,true,[],ccao,https://datacatalog.cookcountyil.gov/resource/wvhk-k5uv.json,2026-04-25 23:53:48.72259,3,,Town of Lyons
cook,18193060260000,2024-02-22,710000.0,2407424181,warranty,true,[],ccao,https://datacatalog.cookcountyil.gov/resource/wvhk-k5uv.json,2026-04-25 23:53:48.722599,3,,Town of Lyons
cook,18193080300000,2019-03-05,514000.0,1906606133,warranty,true,[],ccao,https://datacatalog.cookcountyil.gov/resource/wvhk-k5uv.json,2026-04-25 23:53:48.722627,3,,Town of Lyons
cook,18301010050000,2024-09-28,975000.0,2501323092,warranty,true,[],ccao,https://datacatalog.cookcountyil.gov/resource/wvhk-k5uv.json,2026-04-25 23:53:48.722645,3,,Town of Lyons
cook,18301010050000,2021-08-20,699900.0,2123917162,warranty,true,[],ccao,https://datacatalog.cookcountyil.gov/resource/wvhk-k5uv.json,2026-04-25 23:53:48.722654,3,,Town of Lyons
cook,18301010050000,2025-04-02,980000.0,2511402176,warranty,true,[],ccao,https://datacatalog.cookcountyil.gov/resource/wvhk-k5uv.json,2026-04-25 23:53:48.722662,3,,Town of Lyons
cook,18301010130000,2019-11-05,787579.0,1931155610,warranty,true,[],ccao,https://datacatalog.cookcountyil.gov/resource/wvhk-k5uv.json,2026-04-25 23:53:48.722671,3,,Town of Lyons
cook,18301010140000,2019-05-31,764900.0,1915755338,warranty,true,[],ccao,https://datacatalog.cookcountyil.gov/resource/wvhk-k5uv.json,2026-04-25 23:53:48.72268,3,,Town of Lyons
cook,18301010230000,2019-12-13,929900.0,1935755056,warranty,true,[],ccao,https://datacatalog.cookcountyil.gov/resource/wvhk-k5uv.json,2026-04-25 23:53:48.722689,3,,Town of Lyons
cook,18302000060000,2022-03-17,365000.0,2208804149,warranty,true,[],ccao,https://datacatalog.cookcountyil.gov/resource/wvhk-k5uv.json,2026-04-25 23:53:48.722697,3,,Town of Lyons
cook,18302020030000,2020-04-10,857000.0,2016449112,warranty,true,[],ccao,https://datacatalog.cookcountyil.gov/resource/wvhk-k5uv.json,2026-04-25 23:53:48.722725,3,,Town of Lyons
cook,18302020030000,2016-04-01,830000.0,1610249005,warranty,true,[],ccao,https://datacatalog.cookcountyil.gov/resource/wvhk-k5uv.json,2026-04-25 23:53:48.722734,2,,Town of Lyons
cook,18302070110000,2016-05-31,267000.0,1615949214,warranty,true,[],ccao,https://datacatalog.cookcountyil.gov/resource/wvhk-k5uv.json,2026-04-25 23:53:48.722773,3,,Town of Lyons
cook,18302070110000,2025-03-20,315000.0,2509220132,warranty,true,[],ccao,https://datacatalog.cookcountyil.gov/resource/wvhk-k5uv.json,2026-04-25 23:53:48.722782,3,,Town of Lyons
cook,18302070110000,2014-08-29,250000.0,1425318061,warranty,true,[],ccao,https://datacatalog.cookcountyil.gov/resource/wvhk-k5uv.json,2026-04-25 23:53:48.722791,3,,Town of Lyons
cook,18303030190000,2021-09-30,1716988.0,2128004140,warranty,true,[],ccao,https://datacatalog.cookcountyil.gov/resource/wvhk-k5uv.json,2026-04-25 23:53:48.722827,3,,Town of Lyons
cook,18304030170000,2015-02-13,864500.0,1505156052,warranty,true,[],ccao,https://datacatalog.cookcountyil.gov/resource/wvhk-k5uv.json,2026-04-25 23:53:48.722913,3,,Town of Lyons
cook,18304030270000,2015-08-03,877000.0,1521829020,warranty,true,[],ccao,https://datacatalog.cookcountyil.gov/resource/wvhk-k5uv.json,2026-04-25 23:53:48.722923,3,,Town of Lyons
cook,18304060010000,2018-06-29,475000.0,1818733130,warranty,true,[],ccao,https://datacatalog.cookcountyil.gov/resource/wvhk-k5uv.json,2026-04-25 23:53:48.722962,3,,Town of Lyons
cook,18304070210000,2023-11-08,865000.0,2331906173,warranty,true,[],ccao,https://datacatalog.cookcountyil.gov/resource/wvhk-k5uv.json,2026-04-25 23:53:48.722971,3,,Town of Lyons
cook,18304070360000,2014-04-01,792000.0,1410457060,warranty,true,[],ccao,https://datacatalog.cookcountyil.gov/resource/wvhk-k5uv.json,2026-04-25 23:53:48.722979,2,,Town of Lyons
cook,18304080010000,2019-08-16,519000.0,1923555111,warranty,true,[],ccao,https://datacatalog.cookcountyil.gov/resource/wvhk-k5uv.json,2026-04-25 23:53:48.722988,3,,Town of Lyons
cook,18304090130000,2014-12-01,605000.0,1435719035,warranty,true,[],ccao,https://datacatalog.cookcountyil.gov/resource/wvhk-k5uv.json,2026-04-25 23:53:48.722997,2,,Town of Lyons
cook,18311030210000,2024-04-24,302000.0,2412214356,warranty,true,[],ccao,https://datacatalog.cookcountyil.gov/resource/wvhk-k5uv.json,2026-04-25 23:53:48.723009,3,,Town of Lyons
cook,18311040010000,2013-12-01,580000.0,1401715018,warranty,true,[],ccao,https://datacatalog.cookcountyil.gov/resource/wvhk-k5uv.json,2026-04-25 23:53:48.723028,2,,Town of Lyons
cook,18311050200000,2020-08-29,760000.0,2033341071,warranty,true,[],ccao,https://datacatalog.cookcountyil.gov/resource/wvhk-k5uv.json,2026-04-25 23:53:48.723046,3,,Town of Lyons
cook,18311050200000,2017-12-18,724000.0,1800206050,warranty,true,[],ccao,https://datacatalog.cookcountyil.gov/resource/wvhk-k5uv.json,2026-04-25 23:53:48.723055,3,,Town of Lyons
cook,18311060080000,2016-09-23,590000.0,1628046102,warranty,true,[],ccao,https://datacatalog.cookcountyil.gov/resource/wvhk-k5uv.json,2026-04-25 23:53:48.723075,3,,Town of Lyons
cook,18311070110000,2016-11-07,640000.0,1632722127,warranty,true,[],ccao,https://datacatalog.cookcountyil.gov/resource/wvhk-k5uv.json,2026-04-25 23:53:48.723084,3,,Town of Lyons
cook,18311090060000,2018-09-12,1375000.0,1828913023,warranty,true,[],ccao,https://datacatalog.cookcountyil.gov/resource/wvhk-k5uv.json,2026-04-25 23:53:48.723104,3,,Town of Lyons
cook,18311090060000,2013-09-12,405000.0,1326655028,warranty,true,[],ccao,https://datacatalog.cookcountyil.gov/resource/wvhk-k5uv.json,2026-04-25 23:53:48.723113,3,,Town of Lyons
cook,18311090100000,2014-10-01,395000.0,1429649020,warranty,true,[],ccao,https://datacatalog.cookcountyil.gov/resource/wvhk-k5uv.json,2026-04-25 23:53:48.723122,2,,Town of Lyons
cook,18312010320000,2013-05-01,770000.0,1316412002,warranty,true,[],ccao,https://datacatalog.cookcountyil.gov/resource/wvhk-k5uv.json,2026-04-25 23:53:48.723131,2,,Town of Lyons
cook,18312100060000,2017-12-12,1260000.0,1736201138,warranty,true,[],ccao,https://datacatalog.cookcountyil.gov/resource/wvhk-k5uv.json,2026-04-25 23:53:48.72314,3,,Town of Lyons
cook,18312100060000,2021-01-25,1260000.0,2106206186,warranty,true,[],ccao,https://datacatalog.cookcountyil.gov/resource/wvhk-k5uv.json,2026-04-25 23:53:48.723149,3,,Town of Lyons
cook,18312110010000,2020-09-29,1057000.0,2029557022,warranty,true,[],ccao,https://datacatalog.cookcountyil.gov/resource/wvhk-k5uv.json,2026-04-25 23:53:48.72316,3,,Town of Lyons
cook,18313040120000,2022-05-13,1202500.0,2213818180,warranty,true,[],ccao,https://datacatalog.cookcountyil.gov/resource/wvhk-k5uv.json,2026-04-25 23:53:48.723319,3,,Town of Lyons
cook,18313050160000,2024-06-18,1400000.0,2419330115,warranty,true,[],ccao,https://datacatalog.cookcountyil.gov/resource/wvhk-k5uv.json,2026-04-25 23:53:48.723336,3,,Town of Lyons
cook,18313060140000,2020-12-16,1325000.0,2106204194,warranty,true,[],ccao,https://datacatalog.cookcountyil.gov/resource/wvhk-k5uv.json,2026-04-25 23:53:48.723345,3,,Town of Lyons
cook,18313060240000,2020-08-07,1475000.0,2031428028,warranty,true,[],ccao,https://datacatalog.cookcountyil.gov/resource/wvhk-k5uv.json,2026-04-25 23:53:48.723353,3,,Town of Lyons
cook,18313070260000,2018-04-16,1100000.0,1812442020,warranty,true,[],ccao,https://datacatalog.cookcountyil.gov/resource/wvhk-k5uv.json,2026-04-25 23:53:48.723362,3,,Town of Lyons
cook,18313070280000,2023-05-30,1745000.0,2316006539,warranty,true,[],ccao,https://datacatalog.cookcountyil.gov/resource/wvhk-k5uv.json,2026-04-25 23:53:48.72339,3,,Town of Lyons
cook,23061010290000,2021-05-24,1200000.0,2122412051,warranty,true,[],ccao,https://datacatalog.cookcountyil.gov/resource/wvhk-k5uv.json,2026-04-25 23:53:48.723418,2,,Town of Lyons
cook,23061010290000,2013-12-01,1615000.0,1400735027,warranty,true,[],ccao,https://datacatalog.cookcountyil.gov/resource/wvhk-k5uv.json,2026-04-25 23:53:48.723428,2,,Town of Lyons
cook,18181030150000,2017-06-09,805000.0,1716649181,warranty,true,[],ccao,https://datacatalog.cookcountyil.gov/resource/wvhk-k5uv.json,2026-04-25 23:53:49.107897,3,,Town of Lyons
cook,18181030170000,2019-04-09,740000.0,1910218034,warranty,true,[],ccao,https://datacatalog.cookcountyil.gov/resource/wvhk-k5uv.json,2026-04-25 23:53:49.107917,3,,Town of Lyons
cook,18181040170000,2026-01-30,2000000.0,2604102174,warranty,true,[],ccao,https://datacatalog.cookcountyil.gov/resource/wvhk-k5uv.json,2026-04-25 23:53:49.107935,3,,Town of Lyons
cook,18181050010000,2020-10-02,794500.0,2032339002,warranty,true,[],ccao,https://datacatalog.cookcountyil.gov/resource/wvhk-k5uv.json,2026-04-25 23:53:49.107991,3,,Town of Lyons
cook,18183020300000,2020-07-17,890000.0,2025439062,warranty,true,[],ccao,https://datacatalog.cookcountyil.gov/resource/wvhk-k5uv.json,2026-04-25 23:53:49.108027,3,,Town of Lyons
cook,18183020300000,2014-09-07,1025000.0,1427610061,warranty,true,[],ccao,https://datacatalog.cookcountyil.gov/resource/wvhk-k5uv.json,2026-04-25 23:53:49.108045,3,,Town of Lyons
cook,18183040140000,2020-01-15,26500.0,2032306092,warranty,true,[],ccao,https://datacatalog.cookcountyil.gov/resource/wvhk-k5uv.json,2026-04-25 23:53:49.10808,3,,Town of Lyons
cook,18183040150000,2023-05-12,880000.0,2313908122,warranty,true,[],ccao,https://datacatalog.cookcountyil.gov/resource/wvhk-k5uv.json,2026-04-25 23:53:49.108097,3,,Town of Lyons
cook,18191020090000,2017-06-19,935000.0,1720010027,warranty,true,[],ccao,https://datacatalog.cookcountyil.gov/resource/wvhk-k5uv.json,2026-04-25 23:53:49.108133,3,,Town of Lyons
cook,18191030210000,2020-01-31,950000.0,2004408066,warranty,true,[],ccao,https://datacatalog.cookcountyil.gov/resource/wvhk-k5uv.json,2026-04-25 23:53:49.108228,3,,Town of Lyons
cook,18191040040000,2017-03-02,1200000.0,1707529108,warranty,true,[],ccao,https://datacatalog.cookcountyil.gov/resource/wvhk-k5uv.json,2026-04-25 23:53:49.108263,3,,Town of Lyons
cook,18193040140000,2019-12-27,565000.0,2000810045,warranty,true,[],ccao,https://datacatalog.cookcountyil.gov/resource/wvhk-k5uv.json,2026-04-25 23:53:49.108299,3,,Town of Lyons
cook,18193060060000,2022-04-29,765000.0,2212421268,warranty,true,[],ccao,https://datacatalog.cookcountyil.gov/resource/wvhk-k5uv.json,2026-04-25 23:53:49.108372,3,,Town of Lyons
cook,18193060060000,2014-06-20,624000.0,1419012064,warranty,true,[],ccao,https://datacatalog.cookcountyil.gov/resource/wvhk-k5uv.json,2026-04-25 23:53:49.10839,3,,Town of Lyons
cook,18193080230000,2019-10-02,405000.0,1929508075,warranty,true,[],ccao,https://datacatalog.cookcountyil.gov/resource/wvhk-k5uv.json,2026-04-25 23:53:49.108425,3,,Town of Lyons
cook,18301010080000,2020-07-15,714900.0,2024107571,warranty,true,[],ccao,https://datacatalog.cookcountyil.gov/resource/wvhk-k5uv.json,2026-04-25 23:53:49.108497,3,,Town of Lyons
cook,18301010090000,2019-11-01,779900.0,1931045025,warranty,true,[],ccao,https://datacatalog.cookcountyil.gov/resource/wvhk-k5uv.json,2026-04-25 23:53:49.108515,3,,Town of Lyons
cook,18301010240000,2022-05-05,867000.0,2212607158,warranty,true,[],ccao,https://datacatalog.cookcountyil.gov/resource/wvhk-k5uv.json,2026-04-25 23:53:49.108527,3,,Town of Lyons
cook,18301010330000,2022-01-06,799900.0,2201104127,warranty,true,[],ccao,https://datacatalog.cookcountyil.gov/resource/wvhk-k5uv.json,2026-04-25 23:53:49.108537,3,,Town of Lyons
cook,18301010420000,2022-04-11,1066900.0,2211533484,warranty,true,[],ccao,https://datacatalog.cookcountyil.gov/resource/wvhk-k5uv.json,2026-04-25 23:53:49.108547,3,,Town of Lyons
cook,18302000200000,2022-02-01,485000.0,2203539003,warranty,true,[],ccao,https://datacatalog.cookcountyil.gov/resource/wvhk-k5uv.json,2026-04-25 23:53:49.108558,3,,Town of Lyons
cook,18302010100000,2023-02-08,280000.0,2304506228,warranty,true,[],ccao,https://datacatalog.cookcountyil.gov/resource/wvhk-k5uv.json,2026-04-25 23:53:49.108581,3,,Town of Lyons
cook,18302010100000,2023-06-18,434000.0,2318612062,warranty,true,[],ccao,https://datacatalog.cookcountyil.gov/resource/wvhk-k5uv.json,2026-04-25 23:53:49.108592,3,,Town of Lyons
cook,18302060030000,2014-10-01,279000.0,1430949056,warranty,true,[],ccao,https://datacatalog.cookcountyil.gov/resource/wvhk-k5uv.json,2026-04-25 23:53:49.108635,2,,Town of Lyons
cook,18302060030000,2018-07-23,300000.0,1821149228,warranty,true,[],ccao,https://datacatalog.cookcountyil.gov/resource/wvhk-k5uv.json,2026-04-25 23:53:49.108642,3,,Town of Lyons
cook,18302060110000,2016-11-18,305000.0,1634104110,warranty,true,[],ccao,https://datacatalog.cookcountyil.gov/resource/wvhk-k5uv.json,2026-04-25 23:53:49.10865,3,,Town of Lyons
cook,18302060110000,2020-12-07,339900.0,2110633109,warranty,true,[],ccao,https://datacatalog.cookcountyil.gov/resource/wvhk-k5uv.json,2026-04-25 23:53:49.108666,3,,Town of Lyons
cook,18302080180000,2013-05-14,490000.0,1314034017,warranty,true,[],ccao,https://datacatalog.cookcountyil.gov/resource/wvhk-k5uv.json,2026-04-25 23:53:49.108674,3,,Town of Lyons
cook,18303060040000,2018-06-20,1075000.0,1818055060,warranty,true,[],ccao,https://datacatalog.cookcountyil.gov/resource/wvhk-k5uv.json,2026-04-25 23:53:49.108697,3,,Town of Lyons
cook,18303060130000,2023-11-08,1560000.0,2333345100,warranty,true,[],ccao,https://datacatalog.cookcountyil.gov/resource/wvhk-k5uv.json,2026-04-25 23:53:49.108713,3,,Town of Lyons
cook,18303060290000,2019-11-14,655000.0,1932462051,warranty,true,[],ccao,https://datacatalog.cookcountyil.gov/resource/wvhk-k5uv.json,2026-04-25 23:53:49.108728,3,,Town of Lyons
cook,18303060350000,2020-10-14,1860000.0,2100649113,warranty,true,[],ccao,https://datacatalog.cookcountyil.gov/resource/wvhk-k5uv.json,2026-04-25 23:53:49.108746,2,,Town of Lyons
cook,18303060600000,2020-10-14,1860000.0,2100649113,warranty,true,[],ccao,https://datacatalog.cookcountyil.gov/resource/wvhk-k5uv.json,2026-04-25 23:53:49.108755,3,,Town of Lyons
cook,18304010120000,2016-01-15,475000.0,1601908105,warranty,true,[],ccao,https://datacatalog.cookcountyil.gov/resource/wvhk-k5uv.json,2026-04-25 23:53:49.108763,3,,Town of Lyons
cook,18304020220000,2016-07-28,726500.0,1621839039,warranty,true,[],ccao,https://datacatalog.cookcountyil.gov/resource/wvhk-k5uv.json,2026-04-25 23:53:49.10877,3,,Town of Lyons
cook,18304020340000,2024-09-11,1699000.0,2426210004,warranty,true,[],ccao,https://datacatalog.cookcountyil.gov/resource/wvhk-k5uv.json,2026-04-25 23:53:49.108778,3,,Town of Lyons
cook,18304020340000,2018-03-01,379000.0,1809646192,warranty,true,[],ccao,https://datacatalog.cookcountyil.gov/resource/wvhk-k5uv.json,2026-04-25 23:53:49.108786,2,,Town of Lyons
cook,18304080120000,2017-06-16,595000.0,1717217036,warranty,true,[],ccao,https://datacatalog.cookcountyil.gov/resource/wvhk-k5uv.json,2026-04-25 23:53:49.108794,3,,Town of Lyons
cook,18304080230000,2017-01-30,787500.0,1703447064,warranty,true,[],ccao,https://datacatalog.cookcountyil.gov/resource/wvhk-k5uv.json,2026-04-25 23:53:49.108802,3,,Town of Lyons
cook,18304080250000,2016-06-01,1000000.0,1619029039,warranty,true,[],ccao,https://datacatalog.cookcountyil.gov/resource/wvhk-k5uv.json,2026-04-25 23:53:49.108818,2,,Town of Lyons
cook,18304090040000,2014-09-16,570000.0,1426234012,warranty,true,[],ccao,https://datacatalog.cookcountyil.gov/resource/wvhk-k5uv.json,2026-04-25 23:53:49.108834,3,,Town of Lyons
cook,18304090040000,2019-05-01,630000.0,1912101156,warranty,true,[],ccao,https://datacatalog.cookcountyil.gov/resource/wvhk-k5uv.json,2026-04-25 23:53:49.108842,3,,Town of Lyons
cook,18304100020000,2024-09-10,986000.0,2426122010,warranty,true,[],ccao,https://datacatalog.cookcountyil.gov/resource/wvhk-k5uv.json,2026-04-25 23:53:49.10885,3,,Town of Lyons
cook,18304100020000,2020-11-16,765000.0,2035617339,warranty,true,[],ccao,https://datacatalog.cookcountyil.gov/resource/wvhk-k5uv.json,2026-04-25 23:53:49.108857,3,,Town of Lyons
cook,18311000160000,2013-05-15,900000.0,1315535046,warranty,true,[],ccao,https://datacatalog.cookcountyil.gov/resource/wvhk-k5uv.json,2026-04-25 23:53:49.108874,3,,Town of Lyons
cook,18311020190000,2019-05-14,1188000.0,1913541015,warranty,true,[],ccao,https://datacatalog.cookcountyil.gov/resource/wvhk-k5uv.json,2026-04-25 23:53:49.108882,3,,Town of Lyons
cook,18311030190000,2025-07-14,1350000.0,2535021006,warranty,true,[],ccao,https://datacatalog.cookcountyil.gov/resource/wvhk-k5uv.json,2026-04-25 23:53:49.10889,3,,Town of Lyons
cook,18311050050000,2025-04-30,865000.0,2514131040,warranty,true,[],ccao,https://datacatalog.cookcountyil.gov/resource/wvhk-k5uv.json,2026-04-25 23:53:49.108907,3,,Town of Lyons
cook,18311050070000,2025-04-24,1100000.0,2512730151,warranty,true,[],ccao,https://datacatalog.cookcountyil.gov/resource/wvhk-k5uv.json,2026-04-25 23:53:49.108932,3,,Town of Lyons
cook,18312000130000,2022-03-07,920000.0,2208118139,warranty,true,[],ccao,https://datacatalog.cookcountyil.gov/resource/wvhk-k5uv.json,2026-04-25 23:53:49.108973,3,,Town of Lyons
cook,18312010370000,2022-05-04,835000.0,2213204095,warranty,true,[],ccao,https://datacatalog.cookcountyil.gov/resource/wvhk-k5uv.json,2026-04-25 23:53:49.108981,3,,Town of Lyons
cook,18312010410000,2024-03-28,275000.0,2410902052,warranty,true,[],ccao,https://datacatalog.cookcountyil.gov/resource/wvhk-k5uv.json,2026-04-25 23:53:49.108989,3,,Town of Lyons
cook,18312110090000,2023-06-12,1000000.0,2316313386,warranty,true,[],ccao,https://datacatalog.cookcountyil.gov/resource/wvhk-k5uv.json,2026-04-25 23:53:49.108996,3,,Town of Lyons
cook,18312110420000,2016-04-25,1120000.0,1614110083,warranty,true,[],ccao,https://datacatalog.cookcountyil.gov/resource/wvhk-k5uv.json,2026-04-25 23:53:49.109072,3,,Town of Lyons
cook,18313030110000,2019-12-30,1025000.0,2000755177,warranty,true,[],ccao,https://datacatalog.cookcountyil.gov/resource/wvhk-k5uv.json,2026-04-25 23:53:49.109114,3,,Town of Lyons
cook,18313060230000,2016-06-24,1900000.0,1617946062,warranty,true,[],ccao,https://datacatalog.cookcountyil.gov/resource/wvhk-k5uv.json,2026-04-25 23:53:49.10915,3,,Town of Lyons
cook,18313060250000,2021-03-31,1550000.0,2112646032,warranty,true,[],ccao,https://datacatalog.cookcountyil.gov/resource/wvhk-k5uv.json,2026-04-25 23:53:49.109159,3,,Town of Lyons
cook,18313070010000,2025-02-10,895000.0,2505102156,warranty,true,[],ccao,https://datacatalog.cookcountyil.gov/resource/wvhk-k5uv.json,2026-04-25 23:53:49.109166,3,,Town of Lyons
cook,18313070310000,2020-07-20,350000.0,2026620170,warranty,true,[],ccao,https://datacatalog.cookcountyil.gov/resource/wvhk-k5uv.json,2026-04-25 23:53:49.109184,3,,Town of Lyons
cook,18314090030000,2024-09-09,345000.0,2427730066,warranty,true,[],ccao,https://datacatalog.cookcountyil.gov/resource/wvhk-k5uv.json,2026-04-25 23:53:49.109191,3,,Town of Lyons
cook,23061080050000,2023-04-21,4200000.0,2311506119,warranty,true,[],ccao,https://datacatalog.cookcountyil.gov/resource/wvhk-k5uv.json,2026-04-25 23:53:49.109199,3,,Town of Lyons
cook,23061080060000,2021-02-26,1275000.0,2107422024,warranty,true,[],ccao,https://datacatalog.cookcountyil.gov/resource/wvhk-k5uv.json,2026-04-25 23:53:49.109207,3,,Town of Lyons
cook,18181000130000,2020-03-06,585000.0,2009307418,warranty,true,[],ccao,https://datacatalog.cookcountyil.gov/resource/wvhk-k5uv.json,2026-04-25 23:53:49.536408,3,,Town of Lyons
cook,18181010100000,2014-04-01,510000.0,1409446056,warranty,true,[],ccao,https://datacatalog.cookcountyil.gov/resource/wvhk-k5uv.json,2026-04-25 23:53:49.536465,3,,Town of Lyons
cook,18181010170000,2025-09-02,935000.0,2529330056,warranty,true,[],ccao,https://datacatalog.cookcountyil.gov/resource/wvhk-k5uv.json,2026-04-25 23:53:49.536494,3,,Town of Lyons
cook,18181010260000,2020-06-22,780000.0,2022520347,warranty,true,[],ccao,https://datacatalog.cookcountyil.gov/resource/wvhk-k5uv.json,2026-04-25 23:53:49.536501,3,,Town of Lyons
cook,18181030020000,2019-03-29,425000.0,1911533006,warranty,true,[],ccao,https://datacatalog.cookcountyil.gov/resource/wvhk-k5uv.json,2026-04-25 23:53:49.536518,3,,Town of Lyons
cook,18181050070000,2017-05-01,498000.0,1714246121,warranty,true,[],ccao,https://datacatalog.cookcountyil.gov/resource/wvhk-k5uv.json,2026-04-25 23:53:49.536555,2,,Town of Lyons
cook,18181070200000,2025-11-21,500000.0,2533718157,warranty,true,[],ccao,https://datacatalog.cookcountyil.gov/resource/wvhk-k5uv.json,2026-04-25 23:53:49.53657,3,,Town of Lyons
cook,18183020130000,2022-08-30,1250000.0,2228455060,warranty,true,[],ccao,https://datacatalog.cookcountyil.gov/resource/wvhk-k5uv.json,2026-04-25 23:53:49.536585,3,,Town of Lyons
cook,18183020140000,2017-06-23,791000.0,1718008059,warranty,true,[],ccao,https://datacatalog.cookcountyil.gov/resource/wvhk-k5uv.json,2026-04-25 23:53:49.5366,3,,Town of Lyons
cook,18183030090000,2022-07-07,730000.0,2220812025,warranty,true,[],ccao,https://datacatalog.cookcountyil.gov/resource/wvhk-k5uv.json,2026-04-25 23:53:49.536621,3,,Town of Lyons
cook,18183040110000,2019-11-15,29000.0,1934308145,warranty,true,[],ccao,https://datacatalog.cookcountyil.gov/resource/wvhk-k5uv.json,2026-04-25 23:53:49.536628,3,,Town of Lyons
cook,18183040120000,2019-11-12,21500.0,2018121004,warranty,true,[],ccao,https://datacatalog.cookcountyil.gov/resource/wvhk-k5uv.json,2026-04-25 23:53:49.536635,3,,Town of Lyons
cook,18183050020000,2013-03-18,755000.0,1310618035,warranty,true,[],ccao,https://datacatalog.cookcountyil.gov/resource/wvhk-k5uv.json,2026-04-25 23:53:49.53665,3,,Town of Lyons
cook,18183050050000,2020-08-03,622500.0,2027615062,warranty,true,[],ccao,https://datacatalog.cookcountyil.gov/resource/wvhk-k5uv.json,2026-04-25 23:53:49.536656,3,,Town of Lyons
cook,18183050070000,2013-09-04,1200000.0,1327641003,warranty,true,[],ccao,https://datacatalog.cookcountyil.gov/resource/wvhk-k5uv.json,2026-04-25 23:53:49.536671,3,,Town of Lyons
cook,18183060030000,2018-02-01,740000.0,1804044045,warranty,true,[],ccao,https://datacatalog.cookcountyil.gov/resource/wvhk-k5uv.json,2026-04-25 23:53:49.536677,3,,Town of Lyons
cook,18183070050000,2017-06-14,2700000.0,1719210031,warranty,true,[],ccao,https://datacatalog.cookcountyil.gov/resource/wvhk-k5uv.json,2026-04-25 23:53:49.536691,3,,Town of Lyons
cook,18191000020000,2018-08-10,560000.0,1822206187,warranty,true,[],ccao,https://datacatalog.cookcountyil.gov/resource/wvhk-k5uv.json,2026-04-25 23:53:49.536698,3,,Town of Lyons
cook,18191020160000,2019-11-13,56200.0,2202019014,warranty,true,[],ccao,https://datacatalog.cookcountyil.gov/resource/wvhk-k5uv.json,2026-04-25 23:53:49.53672,3,,Town of Lyons
cook,18191030600000,2014-04-23,1590000.0,1412035007,warranty,true,[],ccao,https://datacatalog.cookcountyil.gov/resource/wvhk-k5uv.json,2026-04-25 23:53:49.536727,3,,Town of Lyons
cook,18191030600000,2020-12-18,1370000.0,2104039188,warranty,true,[],ccao,https://datacatalog.cookcountyil.gov/resource/wvhk-k5uv.json,2026-04-25 23:53:49.536734,3,,Town of Lyons
cook,18191030820000,2019-06-01,1220000.0,1918317151,warranty,true,[],ccao,https://datacatalog.cookcountyil.gov/resource/wvhk-k5uv.json,2026-04-25 23:53:49.536755,2,,Town of Lyons
cook,18191030850000,2014-12-02,570000.0,1504849048,warranty,true,[],ccao,https://datacatalog.cookcountyil.gov/resource/wvhk-k5uv.json,2026-04-25 23:53:49.536777,3,,Town of Lyons
cook,18191040030000,2020-04-18,1113000.0,2014103214,warranty,true,[],ccao,https://datacatalog.cookcountyil.gov/resource/wvhk-k5uv.json,2026-04-25 23:53:49.536786,3,,Town of Lyons
cook,18193010040000,2017-07-01,2900000.0,1720508177,warranty,true,[],ccao,https://datacatalog.cookcountyil.gov/resource/wvhk-k5uv.json,2026-04-25 23:53:49.536815,2,,Town of Lyons
cook,18193030010000,2016-01-01,575000.0,1601349368,warranty,true,[],ccao,https://datacatalog.cookcountyil.gov/resource/wvhk-k5uv.json,2026-04-25 23:53:49.536821,2,,Town of Lyons
cook,18193040020000,2017-04-25,535000.0,1712406110,warranty,true,[],ccao,https://datacatalog.cookcountyil.gov/resource/wvhk-k5uv.json,2026-04-25 23:53:49.536828,3,,Town of Lyons
cook,18193040110000,2015-02-13,485000.0,1505510061,warranty,true,[],ccao,https://datacatalog.cookcountyil.gov/resource/wvhk-k5uv.json,2026-04-25 23:53:49.536835,3,,Town of Lyons
cook,18193060030000,2018-09-26,540000.0,1828419286,warranty,true,[],ccao,https://datacatalog.cookcountyil.gov/resource/wvhk-k5uv.json,2026-04-25 23:53:49.536849,3,,Town of Lyons
cook,18193060030000,2021-08-23,645000.0,2127225194,warranty,true,[],ccao,https://datacatalog.cookcountyil.gov/resource/wvhk-k5uv.json,2026-04-25 23:53:49.536856,3,,Town of Lyons
cook,18293000070000,2025-12-16,575000.0,2536407008,warranty,true,[],ccao,https://datacatalog.cookcountyil.gov/resource/wvhk-k5uv.json,2026-04-25 23:53:49.536899,3,,Town of Lyons
cook,18293000240000,2018-01-01,175000.0,1803349254,warranty,true,[],ccao,https://datacatalog.cookcountyil.gov/resource/wvhk-k5uv.json,2026-04-25 23:53:49.536913,2,,Town of Lyons
cook,18301010010000,2023-05-12,1050000.0,2314245118,warranty,true,[],ccao,https://datacatalog.cookcountyil.gov/resource/wvhk-k5uv.json,2026-04-25 23:53:49.53692,3,,Town of Lyons
cook,18301010010000,2021-06-03,879900.0,2115907320,warranty,true,[],ccao,https://datacatalog.cookcountyil.gov/resource/wvhk-k5uv.json,2026-04-25 23:53:49.536926,3,,Town of Lyons
cook,18301010220000,2020-02-07,829900.0,2004517000,warranty,true,[],ccao,https://datacatalog.cookcountyil.gov/resource/wvhk-k5uv.json,2026-04-25 23:53:49.536934,3,,Town of Lyons
cook,18301010310000,2021-03-01,864900.0,2110301133,warranty,true,[],ccao,https://datacatalog.cookcountyil.gov/resource/wvhk-k5uv.json,2026-04-25 23:53:49.53694,3,,Town of Lyons
cook,18301010340000,2021-11-09,910000.0,2021.46331,warranty,true,[],ccao,https://datacatalog.cookcountyil.gov/resource/wvhk-k5uv.json,2026-04-25 23:53:49.536947,2,,Town of Lyons
cook,18301010360000,2020-12-21,904900.0,2102139309,warranty,true,[],ccao,https://datacatalog.cookcountyil.gov/resource/wvhk-k5uv.json,2026-04-25 23:53:49.536955,3,,Town of Lyons
cook,18301010390000,2020-12-16,890195.0,2103301015,warranty,true,[],ccao,https://datacatalog.cookcountyil.gov/resource/wvhk-k5uv.json,2026-04-25 23:53:49.536962,3,,Town of Lyons
cook,18302010400000,2024-07-25,470000.0,2421818098,warranty,true,[],ccao,https://datacatalog.cookcountyil.gov/resource/wvhk-k5uv.json,2026-04-25 23:53:49.536976,3,,Town of Lyons
cook,18302030180000,2014-10-09,293333.0,1428922025,warranty,true,[],ccao,https://datacatalog.cookcountyil.gov/resource/wvhk-k5uv.json,2026-04-25 23:53:49.53699,3,,Town of Lyons
cook,18302040100000,2015-09-08,375000.0,1526447039,warranty,true,[],ccao,https://datacatalog.cookcountyil.gov/resource/wvhk-k5uv.json,2026-04-25 23:53:49.536996,3,,Town of Lyons
cook,18302040170000,2023-08-31,445000.0,2326533077,warranty,true,[],ccao,https://datacatalog.cookcountyil.gov/resource/wvhk-k5uv.json,2026-04-25 23:53:49.537003,3,,Town of Lyons
cook,18302080110000,2025-08-21,456500.0,2523423246,warranty,true,[],ccao,https://datacatalog.cookcountyil.gov/resource/wvhk-k5uv.json,2026-04-25 23:53:49.53702,3,,Town of Lyons
cook,18302080110000,2022-05-13,425000.0,2222113362,warranty,true,[],ccao,https://datacatalog.cookcountyil.gov/resource/wvhk-k5uv.json,2026-04-25 23:53:49.537026,3,,Town of Lyons
cook,18303060250000,2025-04-29,1910000.0,2516202097,warranty,true,[],ccao,https://datacatalog.cookcountyil.gov/resource/wvhk-k5uv.json,2026-04-25 23:53:49.537047,3,,Town of Lyons
cook,18303060250000,2013-09-26,1589213.0,1330941115,warranty,true,[],ccao,https://datacatalog.cookcountyil.gov/resource/wvhk-k5uv.json,2026-04-25 23:53:49.537055,3,,Town of Lyons
cook,18303060310000,2021-08-18,975000.0,2123240419,warranty,true,[],ccao,https://datacatalog.cookcountyil.gov/resource/wvhk-k5uv.json,2026-04-25 23:53:49.537061,3,,Town of Lyons
cook,18303060390000,2017-10-04,1507500.0,1729301218,warranty,true,[],ccao,https://datacatalog.cookcountyil.gov/resource/wvhk-k5uv.json,2026-04-25 23:53:49.537075,3,,Town of Lyons
cook,18304010290000,2019-01-29,443750.0,1903816083,warranty,true,[],ccao,https://datacatalog.cookcountyil.gov/resource/wvhk-k5uv.json,2026-04-25 23:53:49.537102,3,,Town of Lyons
cook,18304020320000,2016-09-20,459500.0,1627333017,warranty,true,[],ccao,https://datacatalog.cookcountyil.gov/resource/wvhk-k5uv.json,2026-04-25 23:53:49.537117,3,,Town of Lyons
cook,18304070240000,2025-08-25,1050000.0,2525322066,warranty,true,[],ccao,https://datacatalog.cookcountyil.gov/resource/wvhk-k5uv.json,2026-04-25 23:53:49.537155,3,,Town of Lyons
cook,18304070240000,2017-12-20,640000.0,1800208155,warranty,true,[],ccao,https://datacatalog.cookcountyil.gov/resource/wvhk-k5uv.json,2026-04-25 23:53:49.537162,3,,Town of Lyons
cook,18304080150000,2020-05-26,571000.0,2020233257,warranty,true,[],ccao,https://datacatalog.cookcountyil.gov/resource/wvhk-k5uv.json,2026-04-25 23:53:49.53719,3,,Town of Lyons
cook,18304080240000,2014-10-23,580000.0,1430347046,warranty,true,[],ccao,https://datacatalog.cookcountyil.gov/resource/wvhk-k5uv.json,2026-04-25 23:53:49.537197,3,,Town of Lyons
cook,18304100100000,2025-07-31,900000.0,2525520172,warranty,true,[],ccao,https://datacatalog.cookcountyil.gov/resource/wvhk-k5uv.json,2026-04-25 23:53:49.537211,3,,Town of Lyons
cook,18311050280000,2024-09-26,1005000.0,2430410004,warranty,true,[],ccao,https://datacatalog.cookcountyil.gov/resource/wvhk-k5uv.json,2026-04-25 23:53:49.537225,3,,Town of Lyons
cook,18311060150000,2014-09-15,715000.0,1428241009,warranty,true,[],ccao,https://datacatalog.cookcountyil.gov/resource/wvhk-k5uv.json,2026-04-25 23:53:49.537271,3,,Town of Lyons
cook,18311080070000,2014-05-02,815000.0,1413257183,warranty,true,[],ccao,https://datacatalog.cookcountyil.gov/resource/wvhk-k5uv.json,2026-04-25 23:53:49.537285,3,,Town of Lyons
cook,18311090030000,2013-09-06,1225000.0,1327701006,warranty,true,[],ccao,https://datacatalog.cookcountyil.gov/resource/wvhk-k5uv.json,2026-04-25 23:53:49.537292,3,,Town of Lyons
cook,18312110170000,2014-06-09,705000.0,1419835027,warranty,true,[],ccao,https://datacatalog.cookcountyil.gov/resource/wvhk-k5uv.json,2026-04-25 23:53:49.537336,3,,Town of Lyons
cook,18313000170000,2021-11-30,289000.0,2203146146,warranty,true,[],ccao,https://datacatalog.cookcountyil.gov/resource/wvhk-k5uv.json,2026-04-25 23:53:49.537389,3,,Town of Lyons
cook,18313020110000,2025-01-15,1100000.0,2501718226,warranty,true,[],ccao,https://datacatalog.cookcountyil.gov/resource/wvhk-k5uv.json,2026-04-25 23:53:49.537399,3,,Town of Lyons
cook,18313040160000,2017-09-11,1300000.0,1727008124,warranty,true,[],ccao,https://datacatalog.cookcountyil.gov/resource/wvhk-k5uv.json,2026-04-25 23:53:49.53742,3,,Town of Lyons
cook,18313060080000,2023-03-01,1200000.0,2307433031,warranty,true,[],ccao,https://datacatalog.cookcountyil.gov/resource/wvhk-k5uv.json,2026-04-25 23:53:49.53743,3,,Town of Lyons
cook,18314020080000,2022-02-25,2350000.0,2207320423,warranty,true,[],ccao,https://datacatalog.cookcountyil.gov/resource/wvhk-k5uv.json,2026-04-25 23:53:49.537441,3,,Town of Lyons
cook,18314090060000,2022-05-31,675000.0,2215704189,warranty,true,[],ccao,https://datacatalog.cookcountyil.gov/resource/wvhk-k5uv.json,2026-04-25 23:53:49.537452,3,,Town of Lyons
cook,23061080020000,2013-07-30,2450000.0,1328101023,warranty,true,[],ccao,https://datacatalog.cookcountyil.gov/resource/wvhk-k5uv.json,2026-04-25 23:53:49.537462,3,,Town of Lyons
cook,18181000120000,2024-07-10,820000.0,2420628421,warranty,true,[],ccao,https://datacatalog.cookcountyil.gov/resource/wvhk-k5uv.json,2026-04-25 23:53:49.893846,3,,Town of Lyons
cook,18181010070000,2023-05-25,612500.0,2317106268,warranty,true,[],ccao,https://datacatalog.cookcountyil.gov/resource/wvhk-k5uv.json,2026-04-25 23:53:49.893873,3,,Town of Lyons
cook,18181010130000,2015-05-05,490000.0,1514115054,warranty,true,[],ccao,https://datacatalog.cookcountyil.gov/resource/wvhk-k5uv.json,2026-04-25 23:53:49.893888,3,,Town of Lyons
cook,18181040050000,2020-10-05,610000.0,2033207384,warranty,true,[],ccao,https://datacatalog.cookcountyil.gov/resource/wvhk-k5uv.json,2026-04-25 23:53:49.893911,3,,Town of Lyons
cook,18181040070000,2019-03-22,590000.0,1909855732,warranty,true,[],ccao,https://datacatalog.cookcountyil.gov/resource/wvhk-k5uv.json,2026-04-25 23:53:49.893918,3,,Town of Lyons
cook,18181040190000,2021-08-06,718000.0,2123534155,warranty,true,[],ccao,https://datacatalog.cookcountyil.gov/resource/wvhk-k5uv.json,2026-04-25 23:53:49.893926,3,,Town of Lyons
cook,18181040290000,2021-07-23,795000.0,2123728252,warranty,true,[],ccao,https://datacatalog.cookcountyil.gov/resource/wvhk-k5uv.json,2026-04-25 23:53:49.893947,3,,Town of Lyons
cook,18181050110000,2017-05-01,498000.0,1714246121,warranty,true,[],ccao,https://datacatalog.cookcountyil.gov/resource/wvhk-k5uv.json,2026-04-25 23:53:49.893954,2,,Town of Lyons
cook,18183020020000,2019-04-05,700000.0,1910641058,warranty,true,[],ccao,https://datacatalog.cookcountyil.gov/resource/wvhk-k5uv.json,2026-04-25 23:53:49.893969,3,,Town of Lyons
cook,18183020100000,2014-07-01,740000.0,1421149052,warranty,true,[],ccao,https://datacatalog.cookcountyil.gov/resource/wvhk-k5uv.json,2026-04-25 23:53:49.893976,2,,Town of Lyons
cook,18183040070000,2019-11-01,17500.0,2003146368,warranty,true,[],ccao,https://datacatalog.cookcountyil.gov/resource/wvhk-k5uv.json,2026-04-25 23:53:49.893997,2,,Town of Lyons
cook,18183060080000,2020-05-27,720000.0,2020939252,warranty,true,[],ccao,https://datacatalog.cookcountyil.gov/resource/wvhk-k5uv.json,2026-04-25 23:53:49.894019,3,,Town of Lyons
cook,18191000140000,2013-09-30,500000.0,1327616069,warranty,true,[],ccao,https://datacatalog.cookcountyil.gov/resource/wvhk-k5uv.json,2026-04-25 23:53:49.894044,3,,Town of Lyons
cook,18191030250000,2014-09-22,850000.0,1427433072,warranty,true,[],ccao,https://datacatalog.cookcountyil.gov/resource/wvhk-k5uv.json,2026-04-25 23:53:49.894058,3,,Town of Lyons
cook,18191030250000,2022-04-08,1010000.0,2212234009,warranty,true,[],ccao,https://datacatalog.cookcountyil.gov/resource/wvhk-k5uv.json,2026-04-25 23:53:49.894066,3,,Town of Lyons
cook,18191030700000,2014-01-01,2000000.0,1401748133,warranty,true,[],ccao,https://datacatalog.cookcountyil.gov/resource/wvhk-k5uv.json,2026-04-25 23:53:49.894079,2,,Town of Lyons
cook,18193020070000,2021-01-26,672000.0,2111612328,warranty,true,[],ccao,https://datacatalog.cookcountyil.gov/resource/wvhk-k5uv.json,2026-04-25 23:53:49.894108,3,,Town of Lyons
cook,18193040050000,2020-08-03,620000.0,2028720128,warranty,true,[],ccao,https://datacatalog.cookcountyil.gov/resource/wvhk-k5uv.json,2026-04-25 23:53:49.894123,3,,Town of Lyons
cook,18193040130000,2022-03-02,600000.0,2208055168,warranty,true,[],ccao,https://datacatalog.cookcountyil.gov/resource/wvhk-k5uv.json,2026-04-25 23:53:49.894137,3,,Town of Lyons
cook,18193060080000,2023-06-08,1070000.0,2317145241,warranty,true,[],ccao,https://datacatalog.cookcountyil.gov/resource/wvhk-k5uv.json,2026-04-25 23:53:49.894144,3,,Town of Lyons
cook,18193060080000,2022-04-26,525000.0,2218939202,warranty,true,[],ccao,https://datacatalog.cookcountyil.gov/resource/wvhk-k5uv.json,2026-04-25 23:53:49.89415,3,,Town of Lyons
cook,18193080330000,2021-09-22,485000.0,2127828478,warranty,true,[],ccao,https://datacatalog.cookcountyil.gov/resource/wvhk-k5uv.json,2026-04-25 23:53:49.894171,3,,Town of Lyons
cook,18301010350000,2021-10-01,892900.0,2128001009,warranty,true,[],ccao,https://datacatalog.cookcountyil.gov/resource/wvhk-k5uv.json,2026-04-25 23:53:49.894178,3,,Town of Lyons
cook,18301010400000,2021-03-31,864000.0,2110318227,warranty,true,[],ccao,https://datacatalog.cookcountyil.gov/resource/wvhk-k5uv.json,2026-04-25 23:53:49.894185,3,,Town of Lyons
cook,18301010430000,2021-05-26,899900.0,2116728661,warranty,true,[],ccao,https://datacatalog.cookcountyil.gov/resource/wvhk-k5uv.json,2026-04-25 23:53:49.894192,3,,Town of Lyons
cook,18302010560000,2017-08-25,250000.0,1726113052,warranty,true,[],ccao,https://datacatalog.cookcountyil.gov/resource/wvhk-k5uv.json,2026-04-25 23:53:49.89423,3,,Town of Lyons
cook,18302010560000,2025-03-25,369000.0,2509202113,warranty,true,[],ccao,https://datacatalog.cookcountyil.gov/resource/wvhk-k5uv.json,2026-04-25 23:53:49.894236,3,,Town of Lyons
cook,18303060330000,2022-09-09,1795000.0,2225857001,warranty,true,[],ccao,https://datacatalog.cookcountyil.gov/resource/wvhk-k5uv.json,2026-04-25 23:53:49.894325,3,,Town of Lyons
cook,18304010110000,2026-01-27,800000.0,2602922193,warranty,true,[],ccao,https://datacatalog.cookcountyil.gov/resource/wvhk-k5uv.json,2026-04-25 23:53:49.89434,3,,Town of Lyons
cook,18304010190000,2024-01-12,258000.0,2401806132,warranty,true,[],ccao,https://datacatalog.cookcountyil.gov/resource/wvhk-k5uv.json,2026-04-25 23:53:49.894346,3,,Town of Lyons
cook,18304010190000,2017-12-05,377000.0,1734046196,warranty,true,[],ccao,https://datacatalog.cookcountyil.gov/resource/wvhk-k5uv.json,2026-04-25 23:53:49.894353,3,,Town of Lyons
cook,18304040010000,2024-11-12,900000.0,2432407002,warranty,true,[],ccao,https://datacatalog.cookcountyil.gov/resource/wvhk-k5uv.json,2026-04-25 23:53:49.894376,3,,Town of Lyons
cook,18304050080000,2020-12-01,285000.0,2103607555,warranty,true,[],ccao,https://datacatalog.cookcountyil.gov/resource/wvhk-k5uv.json,2026-04-25 23:53:49.894391,3,,Town of Lyons
cook,18304060020000,2020-01-16,629000.0,2002208342,warranty,true,[],ccao,https://datacatalog.cookcountyil.gov/resource/wvhk-k5uv.json,2026-04-25 23:53:49.894398,3,,Town of Lyons
cook,18304060060000,2022-06-13,495000.0,2216408054,warranty,true,[],ccao,https://datacatalog.cookcountyil.gov/resource/wvhk-k5uv.json,2026-04-25 23:53:49.894404,3,,Town of Lyons
cook,18304060100000,2016-07-18,450000.0,1621704021,warranty,true,[],ccao,https://datacatalog.cookcountyil.gov/resource/wvhk-k5uv.json,2026-04-25 23:53:49.894419,3,,Town of Lyons
cook,18304060100000,2021-06-10,950000.0,2116746500,warranty,true,[],ccao,https://datacatalog.cookcountyil.gov/resource/wvhk-k5uv.json,2026-04-25 23:53:49.894426,3,,Town of Lyons
cook,18304060100000,2017-06-20,855000.0,1717349356,warranty,true,[],ccao,https://datacatalog.cookcountyil.gov/resource/wvhk-k5uv.json,2026-04-25 23:53:49.894433,3,,Town of Lyons
cook,18304070120000,2015-06-17,945000.0,1517519133,warranty,true,[],ccao,https://datacatalog.cookcountyil.gov/resource/wvhk-k5uv.json,2026-04-25 23:53:49.894455,3,,Town of Lyons
cook,18304070370000,2023-08-21,950000.0,2325734055,warranty,true,[],ccao,https://datacatalog.cookcountyil.gov/resource/wvhk-k5uv.json,2026-04-25 23:53:49.894469,3,,Town of Lyons
cook,18304070380000,2015-01-30,700000.0,1504801038,warranty,true,[],ccao,https://datacatalog.cookcountyil.gov/resource/wvhk-k5uv.json,2026-04-25 23:53:49.894476,3,,Town of Lyons
cook,18304070380000,2021-03-30,726000.0,2112739061,warranty,true,[],ccao,https://datacatalog.cookcountyil.gov/resource/wvhk-k5uv.json,2026-04-25 23:53:49.894483,3,,Town of Lyons
cook,18304080260000,2020-09-22,870000.0,2035610033,warranty,true,[],ccao,https://datacatalog.cookcountyil.gov/resource/wvhk-k5uv.json,2026-04-25 23:53:49.894497,3,,Town of Lyons
cook,18304100140000,2018-05-23,677000.0,1814529076,warranty,true,[],ccao,https://datacatalog.cookcountyil.gov/resource/wvhk-k5uv.json,2026-04-25 23:53:49.894503,3,,Town of Lyons
cook,18311020170000,2019-06-20,1080000.0,1919012033,warranty,true,[],ccao,https://datacatalog.cookcountyil.gov/resource/wvhk-k5uv.json,2026-04-25 23:53:49.89451,3,,Town of Lyons
cook,18311030110000,2015-10-13,940000.0,1529346071,warranty,true,[],ccao,https://datacatalog.cookcountyil.gov/resource/wvhk-k5uv.json,2026-04-25 23:53:49.894517,3,,Town of Lyons
cook,18311030110000,2019-10-30,725000.0,1930834154,warranty,true,[],ccao,https://datacatalog.cookcountyil.gov/resource/wvhk-k5uv.json,2026-04-25 23:53:49.894524,3,,Town of Lyons
cook,18311040020000,2022-01-04,784000.0,2201118062,warranty,true,[],ccao,https://datacatalog.cookcountyil.gov/resource/wvhk-k5uv.json,2026-04-25 23:53:49.894532,3,,Town of Lyons
cook,18311050140000,2020-12-06,755000.0,2104121016,warranty,true,[],ccao,https://datacatalog.cookcountyil.gov/resource/wvhk-k5uv.json,2026-04-25 23:53:49.894553,3,,Town of Lyons
cook,18311070090000,2019-09-27,760000.0,1929710059,warranty,true,[],ccao,https://datacatalog.cookcountyil.gov/resource/wvhk-k5uv.json,2026-04-25 23:53:49.894614,3,,Town of Lyons
cook,18311090080000,2013-01-30,385000.0,1303749039,warranty,true,[],ccao,https://datacatalog.cookcountyil.gov/resource/wvhk-k5uv.json,2026-04-25 23:53:49.894621,3,,Town of Lyons
cook,18311090090000,2017-05-03,475000.0,1712839088,warranty,true,[],ccao,https://datacatalog.cookcountyil.gov/resource/wvhk-k5uv.json,2026-04-25 23:53:49.894628,3,,Town of Lyons
cook,18311090090000,2013-02-28,450000.0,1307355014,warranty,true,[],ccao,https://datacatalog.cookcountyil.gov/resource/wvhk-k5uv.json,2026-04-25 23:53:49.894635,3,,Town of Lyons
cook,18312110100000,2021-02-04,900000.0,2105555034,warranty,true,[],ccao,https://datacatalog.cookcountyil.gov/resource/wvhk-k5uv.json,2026-04-25 23:53:49.894666,3,,Town of Lyons
cook,18312110100000,2025-02-25,1115000.0,2522627001,warranty,true,[],ccao,https://datacatalog.cookcountyil.gov/resource/wvhk-k5uv.json,2026-04-25 23:53:49.894673,3,,Town of Lyons
cook,18313040010000,2021-02-08,1147500.0,2106107084,warranty,true,[],ccao,https://datacatalog.cookcountyil.gov/resource/wvhk-k5uv.json,2026-04-25 23:53:49.894748,3,,Town of Lyons
cook,18313050170000,2015-07-08,800000.0,1521041022,warranty,true,[],ccao,https://datacatalog.cookcountyil.gov/resource/wvhk-k5uv.json,2026-04-25 23:53:49.894763,3,,Town of Lyons
cook,18313070080000,2023-04-19,1700000.0,2311629143,warranty,true,[],ccao,https://datacatalog.cookcountyil.gov/resource/wvhk-k5uv.json,2026-04-25 23:53:49.89477,3,,Town of Lyons
cook,18313070080000,2025-05-29,1950000.0,2515418090,warranty,true,[],ccao,https://datacatalog.cookcountyil.gov/resource/wvhk-k5uv.json,2026-04-25 23:53:49.894777,3,,Town of Lyons
cook,18314020030000,2017-08-22,1560000.0,1726801057,warranty,true,[],ccao,https://datacatalog.cookcountyil.gov/resource/wvhk-k5uv.json,2026-04-25 23:53:49.894784,3,,Town of Lyons
cook,18314090050000,2022-10-19,205000.0,2229301235,warranty,true,[],ccao,https://datacatalog.cookcountyil.gov/resource/wvhk-k5uv.json,2026-04-25 23:53:49.8948,3,,Town of Lyons
cook,23061090030000,2023-11-17,3750000.0,2333115023,warranty,true,[],ccao,https://datacatalog.cookcountyil.gov/resource/wvhk-k5uv.json,2026-04-25 23:53:49.894807,3,,Town of Lyons
cook,18181000160000,2024-12-30,1190000.0,2502720260,warranty,true,[],ccao,https://datacatalog.cookcountyil.gov/resource/wvhk-k5uv.json,2026-04-25 23:53:50.263478,3,,Town of Lyons
cook,18181000160000,2021-01-08,560000.0,2101913094,warranty,true,[],ccao,https://datacatalog.cookcountyil.gov/resource/wvhk-k5uv.json,2026-04-25 23:53:50.263494,3,,Town of Lyons
cook,18181010180000,2021-03-25,625000.0,2109901173,warranty,true,[],ccao,https://datacatalog.cookcountyil.gov/resource/wvhk-k5uv.json,2026-04-25 23:53:50.263502,3,,Town of Lyons
cook,18181040090000,2020-07-24,724000.0,2026521195,warranty,true,[],ccao,https://datacatalog.cookcountyil.gov/resource/wvhk-k5uv.json,2026-04-25 23:53:50.263519,3,,Town of Lyons
cook,18183020200000,2020-10-20,805000.0,2100733133,warranty,true,[],ccao,https://datacatalog.cookcountyil.gov/resource/wvhk-k5uv.json,2026-04-25 23:53:50.26355,3,,Town of Lyons
cook,18183030020000,2013-07-25,610000.0,1322045048,warranty,true,[],ccao,https://datacatalog.cookcountyil.gov/resource/wvhk-k5uv.json,2026-04-25 23:53:50.263564,3,,Town of Lyons
cook,18183040200000,2013-10-17,430000.0,1331241042,warranty,true,[],ccao,https://datacatalog.cookcountyil.gov/resource/wvhk-k5uv.json,2026-04-25 23:53:50.263605,3,,Town of Lyons
cook,18183050030000,2020-05-20,745000.0,2019906470,warranty,true,[],ccao,https://datacatalog.cookcountyil.gov/resource/wvhk-k5uv.json,2026-04-25 23:53:50.26362,3,,Town of Lyons
cook,18191020110000,2019-12-13,33150.0,2014820041,warranty,true,[],ccao,https://datacatalog.cookcountyil.gov/resource/wvhk-k5uv.json,2026-04-25 23:53:50.263642,3,,Town of Lyons
cook,18191020130000,2019-10-21,36450.0,2002422005,warranty,true,[],ccao,https://datacatalog.cookcountyil.gov/resource/wvhk-k5uv.json,2026-04-25 23:53:50.263657,3,,Town of Lyons
cook,18191020190000,2018-03-08,830000.0,1807101038,warranty,true,[],ccao,https://datacatalog.cookcountyil.gov/resource/wvhk-k5uv.json,2026-04-25 23:53:50.263664,3,,Town of Lyons
cook,18191020190000,2016-07-19,685000.0,1622810093,warranty,true,[],ccao,https://datacatalog.cookcountyil.gov/resource/wvhk-k5uv.json,2026-04-25 23:53:50.263671,3,,Town of Lyons
cook,18191030230000,2020-05-27,855000.0,2023107113,warranty,true,[],ccao,https://datacatalog.cookcountyil.gov/resource/wvhk-k5uv.json,2026-04-25 23:53:50.263678,3,,Town of Lyons
cook,18191030260000,2014-04-23,815000.0,1412035008,warranty,true,[],ccao,https://datacatalog.cookcountyil.gov/resource/wvhk-k5uv.json,2026-04-25 23:53:50.263685,3,,Town of Lyons
cook,18191030570000,2013-10-25,2150000.0,1332635067,warranty,true,[],ccao,https://datacatalog.cookcountyil.gov/resource/wvhk-k5uv.json,2026-04-25 23:53:50.263691,3,,Town of Lyons
cook,18191030790000,2017-07-14,750000.0,1721339105,warranty,true,[],ccao,https://datacatalog.cookcountyil.gov/resource/wvhk-k5uv.json,2026-04-25 23:53:50.263715,3,,Town of Lyons
cook,18191030810000,2019-06-01,1220000.0,1918317151,warranty,true,[],ccao,https://datacatalog.cookcountyil.gov/resource/wvhk-k5uv.json,2026-04-25 23:53:50.26373,2,,Town of Lyons
cook,18191030910000,2022-03-16,1400000.0,2208121089,warranty,true,[],ccao,https://datacatalog.cookcountyil.gov/resource/wvhk-k5uv.json,2026-04-25 23:53:50.263745,3,,Town of Lyons
cook,18191030910000,2021-06-10,990000.0,2126746278,warranty,true,[],ccao,https://datacatalog.cookcountyil.gov/resource/wvhk-k5uv.json,2026-04-25 23:53:50.263752,3,,Town of Lyons
cook,18193060120000,2018-08-29,413000.0,1825306258,warranty,true,[],ccao,https://datacatalog.cookcountyil.gov/resource/wvhk-k5uv.json,2026-04-25 23:53:50.263797,3,,Town of Lyons
cook,18193080130000,2016-03-17,525000.0,1608904063,warranty,true,[],ccao,https://datacatalog.cookcountyil.gov/resource/wvhk-k5uv.json,2026-04-25 23:53:50.263834,3,,Town of Lyons
cook,18301010060000,2021-07-07,700000.0,2021.21271,warranty,true,[],ccao,https://datacatalog.cookcountyil.gov/resource/wvhk-k5uv.json,2026-04-25 23:53:50.263856,3,,Town of Lyons
cook,18301010370000,2019-12-18,957033.0,1936055005,warranty,true,[],ccao,https://datacatalog.cookcountyil.gov/resource/wvhk-k5uv.json,2026-04-25 23:53:50.263863,3,,Town of Lyons
cook,18301010380000,2020-07-30,864900.0,2027420104,warranty,true,[],ccao,https://datacatalog.cookcountyil.gov/resource/wvhk-k5uv.json,2026-04-25 23:53:50.263877,3,,Town of Lyons
cook,18301010410000,2022-03-04,1003745.0,2206906256,warranty,true,[],ccao,https://datacatalog.cookcountyil.gov/resource/wvhk-k5uv.json,2026-04-25 23:53:50.263884,3,,Town of Lyons
cook,18301010440000,2024-10-29,1200000.0,2433002039,warranty,true,[],ccao,https://datacatalog.cookcountyil.gov/resource/wvhk-k5uv.json,2026-04-25 23:53:50.263891,3,,Town of Lyons
cook,18302070170000,2021-03-10,280000.0,2116641162,warranty,true,[],ccao,https://datacatalog.cookcountyil.gov/resource/wvhk-k5uv.json,2026-04-25 23:53:50.263918,3,,Town of Lyons
cook,18304020140000,2022-09-27,1820000.0,2229408013,warranty,true,[],ccao,https://datacatalog.cookcountyil.gov/resource/wvhk-k5uv.json,2026-04-25 23:53:50.263978,3,,Town of Lyons
cook,18304030130000,2025-05-12,1190000.0,2514916024,warranty,true,[],ccao,https://datacatalog.cookcountyil.gov/resource/wvhk-k5uv.json,2026-04-25 23:53:50.263999,3,,Town of Lyons
cook,18304050020000,2018-08-19,600000.0,1824719407,warranty,true,[],ccao,https://datacatalog.cookcountyil.gov/resource/wvhk-k5uv.json,2026-04-25 23:53:50.264021,3,,Town of Lyons
cook,18304050120000,2014-07-07,320000.0,1420615184,warranty,true,[],ccao,https://datacatalog.cookcountyil.gov/resource/wvhk-k5uv.json,2026-04-25 23:53:50.264035,3,,Town of Lyons
cook,18304070200000,2018-02-28,735000.0,1807522012,warranty,true,[],ccao,https://datacatalog.cookcountyil.gov/resource/wvhk-k5uv.json,2026-04-25 23:53:50.264058,3,,Town of Lyons
cook,18304080200000,2017-10-12,588000.0,1729055017,warranty,true,[],ccao,https://datacatalog.cookcountyil.gov/resource/wvhk-k5uv.json,2026-04-25 23:53:50.264065,3,,Town of Lyons
cook,18311050080000,2017-06-23,540000.0,1717455146,warranty,true,[],ccao,https://datacatalog.cookcountyil.gov/resource/wvhk-k5uv.json,2026-04-25 23:53:50.264079,3,,Town of Lyons
cook,18311070020000,2014-07-10,650000.0,1422701004,warranty,true,[],ccao,https://datacatalog.cookcountyil.gov/resource/wvhk-k5uv.json,2026-04-25 23:53:50.264086,3,,Town of Lyons
cook,18311080080000,2016-06-30,1350000.0,1624445040,warranty,true,[],ccao,https://datacatalog.cookcountyil.gov/resource/wvhk-k5uv.json,2026-04-25 23:53:50.264093,3,,Town of Lyons
cook,18312010330000,2014-01-13,400000.0,1403012006,warranty,true,[],ccao,https://datacatalog.cookcountyil.gov/resource/wvhk-k5uv.json,2026-04-25 23:53:50.264114,3,,Town of Lyons
cook,18312010360000,2025-05-06,1560000.0,2516920037,warranty,true,[],ccao,https://datacatalog.cookcountyil.gov/resource/wvhk-k5uv.json,2026-04-25 23:53:50.264135,3,,Town of Lyons
cook,18312010360000,2020-05-20,1150000.0,2020216032,warranty,true,[],ccao,https://datacatalog.cookcountyil.gov/resource/wvhk-k5uv.json,2026-04-25 23:53:50.264142,3,,Town of Lyons
cook,18312100110000,2019-05-17,860000.0,1914457143,warranty,true,[],ccao,https://datacatalog.cookcountyil.gov/resource/wvhk-k5uv.json,2026-04-25 23:53:50.264149,3,,Town of Lyons
cook,18313040110000,2018-06-15,1062500.0,1817049038,warranty,true,[],ccao,https://datacatalog.cookcountyil.gov/resource/wvhk-k5uv.json,2026-04-25 23:53:50.264244,3,,Town of Lyons
cook,18313060070000,2025-10-07,1475000.0,2528830162,warranty,true,[],ccao,https://datacatalog.cookcountyil.gov/resource/wvhk-k5uv.json,2026-04-25 23:53:50.264251,3,,Town of Lyons
cook,18313060130000,2017-06-21,1275000.0,1718008232,warranty,true,[],ccao,https://datacatalog.cookcountyil.gov/resource/wvhk-k5uv.json,2026-04-25 23:53:50.264257,3,,Town of Lyons
cook,18313070060000,2020-09-04,1450000.0,2029917046,warranty,true,[],ccao,https://datacatalog.cookcountyil.gov/resource/wvhk-k5uv.json,2026-04-25 23:53:50.264272,3,,Town of Lyons
cook,18313070300000,2014-01-10,1175000.0,1405516018,warranty,true,[],ccao,https://datacatalog.cookcountyil.gov/resource/wvhk-k5uv.json,2026-04-25 23:53:50.264278,3,,Town of Lyons
cook,18314090010000,2024-08-13,295000.0,2424302146,warranty,true,[],ccao,https://datacatalog.cookcountyil.gov/resource/wvhk-k5uv.json,2026-04-25 23:53:50.264322,3,,Town of Lyons
cook,23061090050000,2025-06-11,2375000.0,2521322013,warranty,true,[],ccao,https://datacatalog.cookcountyil.gov/resource/wvhk-k5uv.json,2026-04-25 23:53:50.264345,3,,Town of Lyons
cook,23061090050000,2018-03-12,1757500.0,1807249179,warranty,true,[],ccao,https://datacatalog.cookcountyil.gov/resource/wvhk-k5uv.json,2026-04-25 23:53:50.264352,3,,Town of Lyons
cook,23061090120000,2024-02-07,550000.0,2407507044,warranty,true,[],ccao,https://datacatalog.cookcountyil.gov/resource/wvhk-k5uv.json,2026-04-25 23:53:50.264359,3,,Town of Lyons
cook,23061090120000,2024-09-10,535000.0,2432302013,warranty,true,[],ccao,https://datacatalog.cookcountyil.gov/resource/wvhk-k5uv.json,2026-04-25 23:53:50.264366,3,,Town of Lyons
cook,18181010210000,2013-02-27,520000.0,1307239032,warranty,true,[],ccao,https://datacatalog.cookcountyil.gov/resource/wvhk-k5uv.json,2026-04-25 23:53:50.540155,3,,Town of Lyons
cook,18181010220000,2014-06-01,520000.0,1417533202,warranty,true,[],ccao,https://datacatalog.cookcountyil.gov/resource/wvhk-k5uv.json,2026-04-25 23:53:50.540192,2,,Town of Lyons
cook,18181040080000,2022-01-06,990000.0,2203222076,warranty,true,[],ccao,https://datacatalog.cookcountyil.gov/resource/wvhk-k5uv.json,2026-04-25 23:53:50.540218,3,,Town of Lyons
cook,18183040080000,2019-11-01,17500.0,2003146368,warranty,true,[],ccao,https://datacatalog.cookcountyil.gov/resource/wvhk-k5uv.json,2026-04-25 23:53:50.540256,2,,Town of Lyons
cook,18183040090000,2025-05-16,1650000.0,2514216055,warranty,true,[],ccao,https://datacatalog.cookcountyil.gov/resource/wvhk-k5uv.json,2026-04-25 23:53:50.540262,3,,Town of Lyons
cook,18191020140000,2019-10-26,26850.0,2014807130,warranty,true,[],ccao,https://datacatalog.cookcountyil.gov/resource/wvhk-k5uv.json,2026-04-25 23:53:50.540276,3,,Town of Lyons
cook,18191030300000,2024-05-09,1700000.0,2415524154,warranty,true,[],ccao,https://datacatalog.cookcountyil.gov/resource/wvhk-k5uv.json,2026-04-25 23:53:50.54029,3,,Town of Lyons
cook,18191030300000,2026-02-18,1775000.0,2605714181,warranty,true,[],ccao,https://datacatalog.cookcountyil.gov/resource/wvhk-k5uv.json,2026-04-25 23:53:50.540297,3,,Town of Lyons
cook,18193030170000,2025-02-21,850000.0,2509827001,warranty,true,[],ccao,https://datacatalog.cookcountyil.gov/resource/wvhk-k5uv.json,2026-04-25 23:53:50.540311,3,,Town of Lyons
cook,18193060190000,2024-06-28,800000.0,2419120181,warranty,true,[],ccao,https://datacatalog.cookcountyil.gov/resource/wvhk-k5uv.json,2026-04-25 23:53:50.540324,3,,Town of Lyons
cook,18301010270000,2021-03-04,834900.0,2108301264,warranty,true,[],ccao,https://datacatalog.cookcountyil.gov/resource/wvhk-k5uv.json,2026-04-25 23:53:50.540338,3,,Town of Lyons
cook,18302080080000,2021-06-08,325000.0,2116746527,warranty,true,[],ccao,https://datacatalog.cookcountyil.gov/resource/wvhk-k5uv.json,2026-04-25 23:53:50.540344,3,,Town of Lyons
cook,18303060100000,2022-05-13,1538000.0,2215125038,warranty,true,[],ccao,https://datacatalog.cookcountyil.gov/resource/wvhk-k5uv.json,2026-04-25 23:53:50.540358,3,,Town of Lyons
cook,18303060370000,2016-09-30,1500000.0,1628046126,warranty,true,[],ccao,https://datacatalog.cookcountyil.gov/resource/wvhk-k5uv.json,2026-04-25 23:53:50.540372,3,,Town of Lyons
cook,18304070030000,2020-07-21,647500.0,2029620288,warranty,true,[],ccao,https://datacatalog.cookcountyil.gov/resource/wvhk-k5uv.json,2026-04-25 23:53:50.5404,3,,Town of Lyons
cook,18304100010000,2020-07-02,955000.0,2421924722,warranty,true,[],ccao,https://datacatalog.cookcountyil.gov/resource/wvhk-k5uv.json,2026-04-25 23:53:50.540407,3,,Town of Lyons
cook,18311090050000,2024-03-25,2199900.0,2410714067,warranty,true,[],ccao,https://datacatalog.cookcountyil.gov/resource/wvhk-k5uv.json,2026-04-25 23:53:50.540428,3,,Town of Lyons
cook,18312110330000,2024-05-20,1125000.0,2414124717,warranty,true,[],ccao,https://datacatalog.cookcountyil.gov/resource/wvhk-k5uv.json,2026-04-25 23:53:50.540442,3,,Town of Lyons
cook,18313000180000,2022-04-22,337500.0,2213121433,warranty,true,[],ccao,https://datacatalog.cookcountyil.gov/resource/wvhk-k5uv.json,2026-04-25 23:53:50.540455,3,,Town of Lyons
cook,18313040140000,2021-04-23,910000.0,2117445201,warranty,true,[],ccao,https://datacatalog.cookcountyil.gov/resource/wvhk-k5uv.json,2026-04-25 23:53:50.540462,3,,Town of Lyons
dupage,1001100029,2020-10-01,749900.0,DGT-1001100029-2020-10-01,warranty,true,[],dg_township,dg_township_2025.xlsx,2026-04-26 02:27:06.012043,2,8725 MADISON ST BURR RIDGE IL 60527,
dupage,1001100030,2015-04-01,812500.0,DGT-1001100030-2015-04-01,warranty,true,[],dg_township,dg_township_2025.xlsx,2026-04-26 02:27:06.012076,2,8720 POLO RIDGE CT BURR RIDGE IL 60527,
dupage,1001100031,2018-09-01,844000.0,DGT-1001100031-2018-09-01,warranty,true,[],dg_township,dg_township_2025.xlsx,2026-04-26 02:27:06.012099,2,8730 POLO RIDGE CT BURR RIDGE IL 60527,
dupage,1001100033,2015-05-01,1125000.0,DGT-1001100033-2015-05-01,warranty,true,[],dg_township,dg_township_2025.xlsx,2026-04-26 02:27:06.012122,2,8877 S MADISON ST BURR RIDGE IL 60527,
dupage,1001100034,2019-09-01,900000.0,DGT-1001100034-2019-09-01,warranty,true,[],dg_township,dg_township_2025.xlsx,2026-04-26 02:27:06.012143,2,8891 S MADISON ST BURR RIDGE IL 60527,
dupage,1001100035,2020-06-01,1105000.0,DGT-1001100035-2020-06-01,warranty,true,[],dg_township,dg_township_2025.xlsx,2026-04-26 02:27:06.012163,2,15W760 89TH ST BURR RIDGE IL 60527,
dupage,1001100036,2025-03-26,275000.0,DGT-1001100036-2025-03-26,warranty,true,[],dg_township,dg_township_2025.xlsx,2026-04-26 02:27:06.012183,3,10S079 MADISON AVE BURR RIDGE IL 60527,
dupage,1001100037,2023-09-06,270000.0,DGT-1001100037-2023-09-06,warranty,true,[],dg_township,dg_township_2025.xlsx,2026-04-26 02:27:06.012203,3,8740 POLO RIDGE CT BURR RIDGE IL 60527,
dupage,1001100039,2017-08-01,950000.0,DGT-1001100039-2017-08-01,warranty,true,[],dg_township,dg_township_2025.xlsx,2026-04-26 02:27:06.012239,2,15W780 87TH ST BURR RIDGE IL 60527,
dupage,1001100041,2017-05-01,967500.0,DGT-1001100041-2017-05-01,warranty,true,[],dg_township,dg_township_2025.xlsx,2026-04-26 02:27:06.012275,2,8704 POLO RIDGE CT BURR RIDGE IL 60527,
dupage,1001100042,2015-11-01,975000.0,DGT-1001100042-2015-11-01,warranty,true,[],dg_township,dg_township_2025.xlsx,2026-04-26 02:27:06.012295,2,8712 POLO RIDGE CT BURR RIDGE IL 60527,
dupage,1001100043,2015-12-01,1050000.0,DGT-1001100043-2015-12-01,warranty,true,[],dg_township,dg_township_2025.xlsx,2026-04-26 02:27:06.012314,2,8715 S MADISON ST BURR RIDGE IL 60527,
dupage,1001100044,2020-06-01,1105000.0,DGT-1001100044-2020-06-01,warranty,true,[],dg_township,dg_township_2025.xlsx,2026-04-26 02:27:06.012334,2,15W760 89TH ST BURR RIDGE IL 60527,
dupage,1001100045,2016-11-01,1040000.0,DGT-1001100045-2016-11-01,warranty,true,[],dg_township,dg_township_2025.xlsx,2026-04-26 02:27:06.012353,2,15W720 89TH ST BURR RIDGE IL 60527,
dupage,1001102003,2019-12-01,180000.0,DGT-1001102003-2019-12-01,warranty,true,[],dg_township,dg_township_2025.xlsx,2026-04-26 02:27:06.012458,2,VINE ST BURR RIDGE IL 60527,
dupage,1001102004,2015-09-01,755000.0,DGT-1001102004-2015-09-01,warranty,true,[],dg_township,dg_township_2025.xlsx,2026-04-26 02:27:06.012477,2,10S265 S VINE ST BURR RIDGE IL 60527,
dupage,1001102006,2021-09-01,940000.0,DGT-1001102006-2021-09-01,warranty,true,[],dg_township,dg_township_2025.xlsx,2026-04-26 02:27:06.012496,3,15W627 89TH ST BURR RIDGE IL 60527,
dupage,1001102007,2025-05-02,980000.0,DGT-1001102007-2025-05-02,warranty,true,[],dg_township,dg_township_2025.xlsx,2026-04-26 02:27:06.012515,3,10S230 GRANT ST BURR RIDGE IL 60527,
dupage,1001102008,2014-05-01,655000.0,DGT-1001102008-2014-05-01,warranty,true,[],dg_township,dg_township_2025.xlsx,2026-04-26 02:27:06.012534,2,10S244 GRANT ST BURR RIDGE IL 60527,
dupage,1001102009,2024-06-04,1500000.0,DGT-1001102009-2024-06-04,warranty,true,[],dg_township,dg_township_2025.xlsx,2026-04-26 02:27:06.012553,3,10S260 GRANT ST BURR RIDGE IL 60527,
dupage,1001102010,2024-05-21,345000.0,DGT-1001102010-2024-05-21,warranty,true,[],dg_township,dg_township_2025.xlsx,2026-04-26 02:27:06.012571,3,10S280 GRANT ST BURR RIDGE IL 60527,
dupage,1001103008,2013-06-01,670000.0,DGT-1001103008-2013-06-01,warranty,true,[],dg_township,dg_township_2025.xlsx,2026-04-26 02:27:06.012606,2,9080 TURNBERRY DR BURR RIDGE IL 60527,
dupage,1001103010,2019-05-01,1200000.0,DGT-1001103010-2019-05-01,warranty,true,[],dg_township,dg_township_2025.xlsx,2026-04-26 02:27:06.012641,2,9040 TURNBERRY DR BURR RIDGE IL 60527,
dupage,1001103011,2019-10-01,850000.0,DGT-1001103011-2019-10-01,warranty,true,[],dg_township,dg_township_2025.xlsx,2026-04-26 02:27:06.01266,2,9020 TURNBERRY DR BURR RIDGE IL 60527,
dupage,1001103012,2021-05-01,990000.0,DGT-1001103012-2021-05-01,warranty,true,[],dg_township,dg_township_2025.xlsx,2026-04-26 02:27:06.012679,3,9000 TURNBERRY DR BURR RIDGE IL 60527,
dupage,1001103013,2019-11-01,875000.0,DGT-1001103013-2019-11-01,warranty,true,[],dg_township,dg_township_2025.xlsx,2026-04-26 02:27:06.012698,2,15W696 90TH ST BURR RIDGE IL 60527,
dupage,1001104014,2017-01-01,300000.0,DGT-1001104014-2017-01-01,warranty,true,[],dg_township,dg_township_2025.xlsx,2026-04-26 02:27:06.012779,2,15W601 89TH ST HINSDALE IL 60521,
dupage,1001104020,2014-12-01,692500.0,DGT-1001104020-2014-12-01,warranty,true,[],dg_township,dg_township_2025.xlsx,2026-04-26 02:27:06.012862,2,4 TURNBERRY CT BURR RIDGE IL 60527,
dupage,1001104022,2016-06-01,520995.0,DGT-1001104022-2016-06-01,warranty,true,[],dg_township,dg_township_2025.xlsx,2026-04-26 02:27:06.012897,2,9075 TURNBERRY DR BURR RIDGE IL 60527,
dupage,1001104023,2016-12-01,1250000.0,DGT-1001104023-2016-12-01,warranty,true,[],dg_township,dg_township_2025.xlsx,2026-04-26 02:27:06.012915,2,15W599 89TH ST BURR RIDGE IL 60527,
dupage,1001105003,2013-02-01,530000.0,DGT-1001105003-2013-02-01,warranty,true,[],dg_township,dg_township_2025.xlsx,2026-04-26 02:27:06.012996,2,8720 S GRANT ST BURR RIDGE IL 60527,
dupage,1001105009,2014-03-01,550000.0,DGT-1001105009-2014-03-01,warranty,true,[],dg_township,dg_township_2025.xlsx,2026-04-26 02:27:06.013077,2,8725 AINTREE LN BURR RIDGE IL 60527,
dupage,1001106002,2021-02-01,620000.0,DGT-1001106002-2021-02-01,warranty,true,[],dg_township,dg_township_2025.xlsx,2026-04-26 02:27:06.013142,3,1 HUNTER CT BURR RIDGE IL 60527,
dupage,1001106003,2020-03-01,655000.0,DGT-1001106003-2020-03-01,warranty,true,[],dg_township,dg_township_2025.xlsx,2026-04-26 02:27:06.013161,2,5 HUNTER CT BURR RIDGE IL 60527,
dupage,1001106007,2024-11-25,953000.0,DGT-1001106007-2024-11-25,warranty,true,[],dg_township,dg_township_2025.xlsx,2026-04-26 02:27:06.013227,3,2 HUNTER CT BURR RIDGE IL 60527,
dupage,1001106008,2020-03-01,537500.0,DGT-1001106008-2020-03-01,warranty,true,[],dg_township,dg_township_2025.xlsx,2026-04-26 02:27:06.013246,2,549 DEVON DR BURR RIDGE IL 60527,
dupage,1001106009,2016-01-01,507000.0,DGT-1001106009-2016-01-01,warranty,true,[],dg_township,dg_township_2025.xlsx,2026-04-26 02:27:06.013264,2,541 DEVON DR BURR RIDGE IL 60521,
dupage,1001106010,2017-03-01,565000.0,DGT-1001106010-2017-03-01,warranty,true,[],dg_township,dg_township_2025.xlsx,2026-04-26 02:27:06.013282,2,531 DEVON DR BURR RIDGE IL 60527,
dupage,1001106023,2020-09-01,680000.0,DGT-1001106023-2020-09-01,warranty,true,[],dg_township,dg_township_2025.xlsx,2026-04-26 02:27:06.013489,2,6 TODOR CT BURR RIDGE IL 60527,
dupage,1001106024,2019-04-01,760000.0,DGT-1001106024-2019-04-01,warranty,true,[],dg_township,dg_township_2025.xlsx,2026-04-26 02:27:06.013508,2,8 TODOR CT BURR RIDGE IL 60527,
dupage,1001106026,2016-06-01,565000.0,DGT-1001106026-2016-06-01,warranty,true,[],dg_township,dg_township_2025.xlsx,2026-04-26 02:27:06.013542,2,12 TODOR CT BURR RIDGE IL 60527,
dupage,1001106027,2017-04-01,832500.0,DGT-1001106027-2017-04-01,warranty,true,[],dg_township,dg_township_2025.xlsx,2026-04-26 02:27:06.01356,2,14 TODOR CT BURR RIDGE IL 60527,
dupage,1001106034,2017-04-01,840000.0,DGT-1001106034-2017-04-01,warranty,true,[],dg_township,dg_township_2025.xlsx,2026-04-26 02:27:06.013671,2,5 TODOR CT BURR RIDGE IL 60527,
dupage,1001107004,2019-07-01,730500.0,DGT-1001107004-2019-07-01,warranty,true,[],dg_township,dg_township_2025.xlsx,2026-04-26 02:27:06.013735,2,8811 S GRANT ST BURR RIDGE IL 60521,
dupage,1001107009,2020-11-01,520000.0,DGT-1001107009-2020-11-01,warranty,true,[],dg_township,dg_township_2025.xlsx,2026-04-26 02:27:06.013817,2,500 DEVON DR BURR RIDGE IL 60527,
dupage,1001107011,2014-08-01,619500.0,DGT-1001107011-2014-08-01,warranty,true,[],dg_township,dg_township_2025.xlsx,2026-04-26 02:27:06.013851,2,440 DEVON DR BURR RIDGE IL 60527,
dupage,1001107013,2020-10-01,550000.0,DGT-1001107013-2020-10-01,warranty,true,[],dg_township,dg_township_2025.xlsx,2026-04-26 02:27:06.013885,2,420 DEVON DR BURR RIDGE IL 60527,
dupage,1001107017,2016-11-01,660000.0,DGT-1001107017-2016-11-01,warranty,true,[],dg_township,dg_township_2025.xlsx,2026-04-26 02:27:06.01395,2,8712 AINTREE LN BURR RIDGE IL 60527,
dupage,1001107021,2017-08-01,725000.0,DGT-1001107021-2017-08-01,warranty,true,[],dg_township,dg_township_2025.xlsx,2026-04-26 02:27:06.014015,2,8750 AINTREE LN BURR RIDGE IL 60527,
dupage,1001107022,2020-07-01,769900.0,DGT-1001107022-2020-07-01,warranty,true,[],dg_township,dg_township_2025.xlsx,2026-04-26 02:27:06.014034,2,8762 AINTREE LN BURR RIDGE IL 60527,
dupage,1001107025,2022-10-14,675000.0,DGT-1001107025-2022-10-14,warranty,true,[],dg_township,dg_township_2025.xlsx,2026-04-26 02:27:06.014083,3,8815 AINTREE LN BURR RIDGE IL 60527,
dupage,1001107026,2021-10-01,609375.0,DGT-1001107026-2021-10-01,warranty,true,[],dg_township,dg_township_2025.xlsx,2026-04-26 02:27:06.014102,3,620 DEVON DR BURR RIDGE IL 60527,
dupage,1001107029,2022-02-01,855000.0,DGT-1001107029-2022-02-01,warranty,true,[],dg_township,dg_township_2025.xlsx,2026-04-26 02:27:06.014151,3,8733 POLO RIDGE CT BURR RIDGE IL 60527,
dupage,1001108002,2022-03-01,910000.0,DGT-1001108002-2022-03-01,warranty,true,[],dg_township,dg_township_2025.xlsx,2026-04-26 02:27:06.014217,3,421 WESTMINSTER DR BURR RIDGE IL 60527,
dupage,1001108004,2013-05-01,600000.0,DGT-1001108004-2013-05-01,warranty,true,[],dg_township,dg_township_2025.xlsx,2026-04-26 02:27:06.014251,2,401 WESTMINSTER DR BURR RIDGE IL 60527,
dupage,1001109005,2022-05-01,850000.0,DGT-1001109005-2022-05-01,warranty,true,[],dg_township,dg_township_2025.xlsx,2026-04-26 02:27:06.014332,3,3 MORGAN CT BURR RIDGE IL 60527,
dupage,1001109010,2013-03-01,655000.0,DGT-1001109010-2013-03-01,warranty,true,[],dg_township,dg_township_2025.xlsx,2026-04-26 02:27:06.014367,2,6 MORGAN CT BURR RIDGE IL 60527,
dupage,1001109011,2016-05-01,565000.0,DGT-1001109011-2016-05-01,warranty,true,[],dg_township,dg_township_2025.xlsx,2026-04-26 02:27:06.014386,2,4 MORGAN CT BURR RIDGE IL 60527,
dupage,1001109012,2018-10-01,546000.0,DGT-1001109012-2018-10-01,warranty,true,[],dg_township,dg_township_2025.xlsx,2026-04-26 02:27:06.014404,2,430 WESTMINSTER DR BURR RIDGE IL 60527,
dupage,1001109013,2025-06-30,835500.0,DGT-1001109013-2025-06-30,warranty,true,[],dg_township,dg_township_2025.xlsx,2026-04-26 02:27:06.014422,3,7 MORGAN CT BURR RIDGE IL 60527,
dupage,1001200001,2015-11-01,480000.0,DGT-1001200001-2015-11-01,warranty,true,[],dg_township,dg_township_2025.xlsx,2026-04-26 02:27:06.014472,2,15W375 87TH ST BURR RIDGE IL 60521,
dupage,1001200002,2021-03-01,905000.0,DGT-1001200002-2021-03-01,warranty,true,[],dg_township,dg_township_2025.xlsx,2026-04-26 02:27:06.01449,3,15W351 87TH ST BURR RIDGE IL 60527,
dupage,1001201027,2025-04-21,1150000.0,DGT-1001201027-2025-04-21,warranty,true,[],dg_township,dg_township_2025.xlsx,2026-04-26 02:27:06.014554,3,15W051 87TH ST BURR RIDGE IL 60527,
dupage,1001201032,2016-05-01,738460.0,DGT-1001201032-2016-05-01,warranty,true,[],dg_township,dg_township_2025.xlsx,2026-04-26 02:27:06.014589,2,8800 S COUNTY LINE RD BURR RIDGE IL 60527,
dupage,1001201035,2018-11-01,520000.0,DGT-1001201035-2018-11-01,warranty,true,[],dg_township,dg_township_2025.xlsx,2026-04-26 02:27:06.014607,2,8870 S COUNTY LINE RD BURR RIDGE IL 60527,
dupage,1001201040,2015-01-01,860000.0,DGT-1001201040-2015-01-01,warranty,true,[],dg_township,dg_township_2025.xlsx,2026-04-26 02:27:06.014641,2,125 GLENMORA DR BURR RIDGE IL 60521,
dupage,1001201041,2021-01-01,219000.0,DGT-1001201041-2021-01-01,warranty,true,[],dg_township,dg_township_2025.xlsx,2026-04-26 02:27:06.014659,3,115 GLENMORA DR BURR RIDGE IL 60527,
dupage,1001202005,2013-04-01,681000.0,DGT-1001202005-2013-04-01,warranty,true,[],dg_township,dg_township_2025.xlsx,2026-04-26 02:27:06.014836,2,8840 ROYAL DR BURR RIDGE IL 60527,
dupage,1001203002,2016-05-01,475000.0,DGT-1001203002-2016-05-01,warranty,true,[],dg_township,dg_township_2025.xlsx,2026-04-26 02:27:06.014885,2,341 DEVON DR BURR RIDGE IL 60527,
dupage,1001203006,2017-06-01,520000.0,DGT-1001203006-2017-06-01,warranty,true,[],dg_township,dg_township_2025.xlsx,2026-04-26 02:27:06.01495,2,4 BRIDLE CT BURR RIDGE IL 60521,
dupage,1001203008,2025-04-22,850000.0,DGT-1001203008-2025-04-22,warranty,true,[],dg_township,dg_township_2025.xlsx,2026-04-26 02:27:06.014984,3,321 DEVON DR BURR RIDGE IL 60521,
dupage,1001203013,2017-12-01,525000.0,DGT-1001203013-2017-12-01,warranty,true,[],dg_township,dg_township_2025.xlsx,2026-04-26 02:27:06.015065,2,221 DEVON DR BURR RIDGE IL 60527,
dupage,1001203014,2020-01-01,640000.0,DGT-1001203014-2020-01-01,warranty,true,[],dg_township,dg_township_2025.xlsx,2026-04-26 02:27:06.015083,2,211 DEVON DR BURR RIDGE IL 60527,
dupage,1001203016,2015-07-01,675000.0,DGT-1001203016-2015-07-01,warranty,true,[],dg_township,dg_township_2025.xlsx,2026-04-26 02:27:06.015117,2,8710 WEDGEWOOD DR BURR RIDGE IL 60527,
dupage,1001203017,2023-01-26,690000.0,DGT-1001203017-2023-01-26,warranty,true,[],dg_township,dg_township_2025.xlsx,2026-04-26 02:27:06.015135,3,2 HANOVER CT BURR RIDGE IL 60527,
dupage,1001203018,2022-05-25,725000.0,DGT-1001203018-2022-05-25,warranty,true,[],dg_township,dg_township_2025.xlsx,2026-04-26 02:27:06.015153,3,4 HANOVER CT BURR RIDGE IL 60527,
dupage,1001203021,2019-07-01,555000.0,DGT-1001203021-2019-07-01,warranty,true,[],dg_township,dg_township_2025.xlsx,2026-04-26 02:27:06.015201,2,3 HANOVER CT BURR RIDGE IL 60527,
dupage,1001203022,2020-06-01,535000.0,DGT-1001203022-2020-06-01,warranty,true,[],dg_township,dg_township_2025.xlsx,2026-04-26 02:27:06.015219,2,8720 WEDGEWOOD DR BURR RIDGE IL 60527,
dupage,1001203025,2018-07-01,605000.0,DGT-1001203025-2018-07-01,warranty,true,[],dg_township,dg_township_2025.xlsx,2026-04-26 02:27:06.015274,2,1 REGENT CT BURR RIDGE IL 60527,
dupage,1001203026,2013-01-01,537000.0,DGT-1001203026-2013-01-01,warranty,true,[],dg_township,dg_township_2025.xlsx,2026-04-26 02:27:06.015292,2,3 REGENT CT BURR RIDGE IL 60527,
dupage,1001203030,2015-10-01,640000.0,DGT-1001203030-2015-10-01,warranty,true,[],dg_township,dg_township_2025.xlsx,2026-04-26 02:27:06.015357,2,4 REGENT CT BURR RIDGE IL 60527,
dupage,1001203031,2021-10-01,795000.0,DGT-1001203031-2021-10-01,warranty,true,[],dg_township,dg_township_2025.xlsx,2026-04-26 02:27:06.015375,3,2 REGENT CT BURR RIDGE IL 60527,
dupage,1001204004,2019-11-01,537500.0,DGT-1001204004-2019-11-01,warranty,true,[],dg_township,dg_township_2025.xlsx,2026-04-26 02:27:06.015471,2,2 SADDLE CT BURR RIDGE IL 60527,
dupage,1001204005,2018-05-01,596000.0,DGT-1001204005-2018-05-01,warranty,true,[],dg_township,dg_township_2025.xlsx,2026-04-26 02:27:06.015489,2,4 SADDLE CT BURR RIDGE IL 60527,
dupage,1001204006,2022-07-25,795000.0,DGT-1001204006-2022-07-25,warranty,true,[],dg_township,dg_township_2025.xlsx,2026-04-26 02:27:06.015508,3,8721 WEDGEWOOD DR BURR RIDGE IL 60527,
dupage,1001204007,2022-07-25,795000.0,DGT-1001204007-2022-07-25,warranty,true,[],dg_township,dg_township_2025.xlsx,2026-04-26 02:27:06.015526,3,8721 WEDGEWOOD DR BURR RIDGE IL 60527,
dupage,1001204010,2020-11-01,775000.0,DGT-1001204010-2020-11-01,warranty,true,[],dg_township,dg_township_2025.xlsx,2026-04-26 02:27:06.015575,2,8801 WEDGEWOOD DR BURR RIDGE IL 60527,
dupage,1001205001,2024-07-15,910000.0,DGT-1001205001-2024-07-15,warranty,true,[],dg_township,dg_township_2025.xlsx,2026-04-26 02:27:06.015641,3,8920 ROYAL DR BURR RIDGE IL 60521,
dupage,1001207002,2022-09-23,870000.0,DGT-1001207002-2022-09-23,warranty,true,[],dg_township,dg_township_2025.xlsx,2026-04-26 02:27:06.015705,3,310 DEVON DR BURR RIDGE IL 60527,
dupage,1001207004,2020-07-01,464500.0,DGT-1001207004-2020-07-01,warranty,true,[],dg_township,dg_township_2025.xlsx,2026-04-26 02:27:06.015739,2,240 DEVON DR BURR RIDGE IL 60527,
dupage,1001207005,2024-01-19,1075000.0,DGT-1001207005-2024-01-19,warranty,true,[],dg_township,dg_township_2025.xlsx,2026-04-26 02:27:06.015757,3,230 DEVON DR BURR RIDGE IL 60527,
dupage,1001207007,2020-11-01,642000.0,DGT-1001207007-2020-11-01,warranty,true,[],dg_township,dg_township_2025.xlsx,2026-04-26 02:27:06.01579,2,8921 ROYAL DR BURR RIDGE IL 60527,
dupage,1001207008,2021-07-01,635000.0,DGT-1001207008-2021-07-01,warranty,true,[],dg_township,dg_township_2025.xlsx,2026-04-26 02:27:06.015808,3,8931 ROYAL DR BURR RIDGE IL 60527,
dupage,1001207009,2018-10-01,560000.0,DGT-1001207009-2018-10-01,warranty,true,[],dg_township,dg_township_2025.xlsx,2026-04-26 02:27:06.015826,2,8941 ROYAL DR BURR RIDGE IL 60527,
dupage,1001207010,2025-03-18,985000.0,DGT-1001207010-2025-03-18,warranty,true,[],dg_township,dg_township_2025.xlsx,2026-04-26 02:27:06.015845,3,8951 ROYAL DR BURR RIDGE IL 60527,
dupage,1001207011,2024-02-29,825000.0,DGT-1001207011-2024-02-29,warranty,true,[],dg_township,dg_township_2025.xlsx,2026-04-26 02:27:06.015863,3,9001 ROYAL DR BURR RIDGE IL 60527,
dupage,1001207013,2020-08-01,495000.0,DGT-1001207013-2020-08-01,warranty,true,[],dg_township,dg_township_2025.xlsx,2026-04-26 02:27:06.015897,2,9021 ROYAL DR BURR RIDGE IL 60527,
dupage,1001207022,2013-09-01,800000.0,DGT-1001207022-2013-09-01,warranty,true,[],dg_township,dg_township_2025.xlsx,2026-04-26 02:27:06.016041,2,9010 ENCLAVE DR BURR RIDGE IL 60521,
dupage,1001207025,2019-05-01,700000.0,DGT-1001207025-2019-05-01,warranty,true,[],dg_township,dg_township_2025.xlsx,2026-04-26 02:27:06.01609,2,8960 ENCLAVE DR BURR RIDGE IL 60527,
dupage,1001207032,2015-10-01,595000.0,DGT-1001207032-2015-10-01,warranty,true,[],dg_township,dg_township_2025.xlsx,2026-04-26 02:27:06.016202,2,8981 ENCLAVE DR BURR RIDGE IL 60521,
dupage,1001207035,2024-10-21,950000.0,DGT-1001207035-2024-10-21,warranty,true,[],dg_township,dg_township_2025.xlsx,2026-04-26 02:27:06.016251,3,9011 ENCLAVE DR BURR RIDGE IL 60527,
dupage,1001207038,2013-09-01,1200000.0,DGT-1001207038-2013-09-01,warranty,true,[],dg_township,dg_township_2025.xlsx,2026-04-26 02:27:06.0163,2,6 ENCLAVE CT BURR RIDGE IL 60521,
dupage,1001207039,2022-06-15,760000.0,DGT-1001207039-2022-06-15,warranty,true,[],dg_township,dg_township_2025.xlsx,2026-04-26 02:27:06.016318,3,4 ENCLAVE CT BURR RIDGE IL 60527,
dupage,1001207044,2013-01-01,955000.0,DGT-1001207044-2013-01-01,warranty,true,[],dg_township,dg_township_2025.xlsx,2026-04-26 02:27:06.016397,2,121 ASHTON DR BURR RIDGE IL 60521,
dupage,1001207046,2022-09-28,1402000.0,DGT-1001207046-2022-09-28,warranty,true,[],dg_township,dg_township_2025.xlsx,2026-04-26 02:27:06.016431,3,5 NORMAN CT BURR RIDGE IL 60527,
dupage,1001207049,2021-01-01,1000000.0,DGT-1001207049-2021-01-01,warranty,true,[],dg_township,dg_township_2025.xlsx,2026-04-26 02:27:06.01648,3,2 NORMAN CT BURR RIDGE IL 60527,
dupage,1001207050,2013-05-01,830000.0,DGT-1001207050-2013-05-01,warranty,true,[],dg_township,dg_township_2025.xlsx,2026-04-26 02:27:06.016498,2,141 ASHTON DR BURR RIDGE IL 60521,
dupage,1001207053,2022-08-25,106000.0,DGT-1001207053-2022-08-25,warranty,true,[],dg_township,dg_township_2025.xlsx,2026-04-26 02:27:06.016547,3,17 ASHTON DR BURR RIDGE IL 60527,
dupage,1001207057,2024-04-15,925000.0,DGT-1001207057-2024-04-15,warranty,true,[],dg_township,dg_township_2025.xlsx,2026-04-26 02:27:06.016612,3,202 ASHTON DR BURR RIDGE IL 60527,
dupage,1001207059,2020-05-01,560000.0,DGT-1001207059-2020-05-01,warranty,true,[],dg_township,dg_township_2025.xlsx,2026-04-26 02:27:06.016645,2,172 ASHTON DR BURR RIDGE IL 60527,
dupage,1001207060,2023-04-19,919000.0,DGT-1001207060-2023-04-19,warranty,true,[],dg_township,dg_township_2025.xlsx,2026-04-26 02:27:06.016663,3,152 ASHTON DR BURR RIDGE IL 60521,
dupage,1001207061,2020-10-01,1035000.0,DGT-1001207061-2020-10-01,warranty,true,[],dg_township,dg_township_2025.xlsx,2026-04-26 02:27:06.016681,2,132 ASHTON DR BURR RIDGE IL 60527,
dupage,1001207062,2013-07-01,962500.0,DGT-1001207062-2013-07-01,warranty,true,[],dg_township,dg_township_2025.xlsx,2026-04-26 02:27:06.016699,2,122 ASHTON DR BURR RIDGE IL 60521,
dupage,1001207063,2016-11-01,586250.0,DGT-1001207063-2016-11-01,warranty,true,[],dg_township,dg_township_2025.xlsx,2026-04-26 02:27:06.016717,2,112 ASHTON DR BURR RIDGE IL 60527,
dupage,1001207064,2021-10-01,1800000.0,DGT-1001207064-2021-10-01,warranty,true,[],dg_township,dg_township_2025.xlsx,2026-04-26 02:27:06.016735,3,102 ASHTON DR HINSDALE IL 60521,
dupage,1001207068,2021-12-01,1200000.0,DGT-1001207068-2021-12-01,warranty,true,[],dg_township,dg_township_2025.xlsx,2026-04-26 02:27:06.016769,3,20 ASHTON DR BURR RIDGE IL 60527,
dupage,1001207071,2021-06-01,1250000.0,DGT-1001207071-2021-06-01,warranty,true,[],dg_township,dg_township_2025.xlsx,2026-04-26 02:27:06.016819,3,160 GLENMORA DR BURR RIDGE IL 60527,
dupage,1001207073,2022-05-01,285000.0,DGT-1001207073-2022-05-01,warranty,true,[],dg_township,dg_township_2025.xlsx,2026-04-26 02:27:06.016852,3,140 GLENMORA DR HINSDALE IL 60521,
dupage,1001207075,2021-10-01,1000000.0,DGT-1001207075-2021-10-01,warranty,true,[],dg_township,dg_township_2025.xlsx,2026-04-26 02:27:06.016886,3,80 ASHTON DR BURR RIDGE IL 60527,
dupage,1001207076,2021-10-01,1800000.0,DGT-1001207076-2021-10-01,warranty,true,[],dg_township,dg_township_2025.xlsx,2026-04-26 02:27:06.016904,3,9000 COUNTY LINE RD BURR RIDGE IL 60527,
dupage,1001207079,2014-11-01,150000.0,DGT-1001207079-2014-11-01,warranty,true,[],dg_township,dg_township_2025.xlsx,2026-04-26 02:27:06.016938,2,15W090 91ST ST BURR RIDGE IL 60527,
dupage,1001207080,2019-02-01,819000.0,DGT-1001207080-2019-02-01,warranty,true,[],dg_township,dg_township_2025.xlsx,2026-04-26 02:27:06.016956,2,15W070 91ST ST BURR RIDGE IL 60527,
dupage,1001207081,2023-08-31,215000.0,DGT-1001207081-2023-08-31,warranty,true,[],dg_township,dg_township_2025.xlsx,2026-04-26 02:27:06.016974,3,15W050 91ST ST BURR RIDGE IL 60527,
dupage,1001207082,2017-11-01,860000.0,DGT-1001207082-2017-11-01,warranty,true,[],dg_township,dg_township_2025.xlsx,2026-04-26 02:27:06.016992,2,15W040 91ST ST BURR RIDGE IL 60527,
dupage,1001207083,2014-07-01,130000.0,DGT-1001207083-2014-07-01,warranty,true,[],dg_township,dg_township_2025.xlsx,2026-04-26 02:27:06.01701,2,15W020 91ST ST BURR RIDGE IL 60527,
dupage,1001208001,2016-04-01,765000.0,DGT-1001208001-2016-04-01,warranty,true,[],dg_township,dg_township_2025.xlsx,2026-04-26 02:27:06.017043,2,8963 ENCLAVE DR BURR RIDGE IL 60527,
dupage,1001209001,2021-08-01,240000.0,DGT-1001209001-2021-08-01,warranty,true,[],dg_township,dg_township_2025.xlsx,2026-04-26 02:27:06.017078,3,8955 GLENMORA LN WILLOWBROOK IL 60527,
dupage,1001209004,2025-01-31,1400000.0,DGT-1001209004-2025-01-31,warranty,true,[],dg_township,dg_township_2025.xlsx,2026-04-26 02:27:06.017128,3,51 ASHTON DR BURR RIDGE IL 60527,
dupage,1001209005,2021-11-01,1826000.0,DGT-1001209005-2021-11-01,warranty,true,[],dg_township,dg_township_2025.xlsx,2026-04-26 02:27:06.017146,3,21 ASHTON DR BURR RIDGE IL 60527,
dupage,1001209007,2021-01-01,219000.0,DGT-1001209007-2021-01-01,warranty,true,[],dg_township,dg_township_2025.xlsx,2026-04-26 02:27:06.017179,3,115 GLENMORA DR BURR RIDGE IL 60527,
dupage,1001209008,2015-01-01,860000.0,DGT-1001209008-2015-01-01,warranty,true,[],dg_township,dg_township_2025.xlsx,2026-04-26 02:27:06.017197,2,125 GLENMORA DR BURR RIDGE IL 60521,
dupage,1001209010,2020-03-01,760000.0,DGT-1001209010-2020-03-01,warranty,true,[],dg_township,dg_township_2025.xlsx,2026-04-26 02:27:06.017231,2,145 GLENMORA DR BURR RIDGE IL 60527,
dupage,1002401008,2022-03-01,366000.0,DGT-1002401008-2022-03-01,warranty,true,[],dg_township,dg_township_2025.xlsx,2026-04-26 02:27:06.0174,3,16W324 93RD ST BURR RIDGE IL 60527,
dupage,1002401009,2022-03-01,366000.0,DGT-1002401009-2022-03-01,warranty,true,[],dg_township,dg_township_2025.xlsx,2026-04-26 02:27:06.017418,3,16W324 93RD PL BURR RIDGE IL 60527,
dupage,1002401010,2025-03-17,430000.0,DGT-1002401010-2025-03-17,warranty,true,[],dg_township,dg_township_2025.xlsx,2026-04-26 02:27:06.017436,3,16W312 93RD PL BURR RIDGE IL 60527,
dupage,1002401015,2024-03-15,605000.0,DGT-1002401015-2024-03-15,warranty,true,[],dg_township,dg_township_2025.xlsx,2026-04-26 02:27:06.017516,3,10S650 OAK HILL CT BURR RIDGE IL 60527,
dupage,1002401019,2020-09-01,689000.0,DGT-1002401019-2020-09-01,warranty,true,[],dg_township,dg_township_2025.xlsx,2026-04-26 02:27:06.017565,2,16W380 93RD PL BURR RIDGE IL 60527,
dupage,1002402001,2021-08-01,380000.0,DGT-1002402001-2021-08-01,warranty,true,[],dg_township,dg_township_2025.xlsx,2026-04-26 02:27:06.017583,3,10S659 S JACKSON ST BURR RIDGE IL 60527,
dupage,1002402006,2014-01-01,210000.0,DGT-1002402006-2014-01-01,warranty,true,[],dg_township,dg_township_2025.xlsx,2026-04-26 02:27:06.017631,2,16W351 93RD PL BURR RIDGE IL 60527,
dupage,1002402010,2022-08-16,390000.0,DGT-1002402010-2022-08-16,warranty,true,[],dg_township,dg_township_2025.xlsx,2026-04-26 02:27:06.017695,3,16W321 93RD ST BURR RIDGE IL 60527,
dupage,1002402011,2024-12-17,452000.0,DGT-1002402011-2024-12-17,warranty,true,[],dg_township,dg_township_2025.xlsx,2026-04-26 02:27:06.017713,3,16W311 93RD PL BURR RIDGE IL 60527,
dupage,1002402012,2015-08-01,379900.0,DGT-1002402012-2015-08-01,warranty,true,[],dg_township,dg_township_2025.xlsx,2026-04-26 02:27:06.017731,2,16W227 93RD PL BURR RIDGE IL 60527,
dupage,1002402014,2015-04-01,335000.0,DGT-1002402014-2015-04-01,warranty,true,[],dg_township,dg_township_2025.xlsx,2026-04-26 02:27:06.017765,2,16W253 93RD PL BURR RIDGE IL 60527,
dupage,1002402015,2018-11-01,370000.0,DGT-1002402015-2018-11-01,warranty,true,[],dg_township,dg_township_2025.xlsx,2026-04-26 02:27:06.017783,2,10S666 OAK HILL CT BURR RIDGE IL 60527,
dupage,1002402016,2013-08-01,205000.0,DGT-1002402016-2013-08-01,warranty,true,[],dg_township,dg_township_2025.xlsx,2026-04-26 02:27:06.017801,2,16W360 94TH ST BURR RIDGE IL 60527,
dupage,1002402017,2020-09-01,245000.0,DGT-1002402017-2020-09-01,warranty,true,[],dg_township,dg_township_2025.xlsx,2026-04-26 02:27:06.017819,2,16W350 94TH ST BURR RIDGE IL 60527,
dupage,1002402019,2018-10-01,326000.0,DGT-1002402019-2018-10-01,warranty,true,[],dg_township,dg_township_2025.xlsx,2026-04-26 02:27:06.017856,2,16W330 94TH ST BURR RIDGE IL 60527,
dupage,1002402028,2020-11-01,322000.0,DGT-1002402028-2020-11-01,warranty,true,[],dg_township,dg_township_2025.xlsx,2026-04-26 02:27:06.017935,2,16W320 94TH ST BURR RIDGE IL 60527,
dupage,1002402033,2021-08-01,380000.0,DGT-1002402033-2021-08-01,warranty,true,[],dg_township,dg_township_2025.xlsx,2026-04-26 02:27:06.017998,3,10S651 JACKSON ST BURR RIDGE IL 60527,
dupage,1002403001,2025-05-22,525000.0,DGT-1002403001-2025-05-22,warranty,true,[],dg_township,dg_township_2025.xlsx,2026-04-26 02:27:06.018016,3,10S721 S JACKSON ST BURR RIDGE IL 60527,
dupage,1002403008,2021-03-01,600000.0,DGT-1002403008-2021-03-01,warranty,true,[],dg_township,dg_township_2025.xlsx,2026-04-26 02:27:06.01808,3,16W331 94TH ST BURR RIDGE IL 60527,
dupage,1002403011,2022-07-25,350000.0,DGT-1002403011-2022-07-25,warranty,true,[],dg_township,dg_township_2025.xlsx,2026-04-26 02:27:06.01813,3,16W281 94TH ST BURR RIDGE IL 60527,
dupage,1002403014,2018-10-01,330000.0,DGT-1002403014-2018-10-01,warranty,true,[],dg_township,dg_township_2025.xlsx,2026-04-26 02:27:06.018179,2,16W253 94TH ST BURR RIDGE IL 60527,
dupage,1002403019,2019-01-01,215000.0,DGT-1002403019-2019-01-01,warranty,true,[],dg_township,dg_township_2025.xlsx,2026-04-26 02:27:06.018228,2,16W350 94TH PL BURR RIDGE IL 60527,
dupage,1002403024,2016-05-01,280000.0,DGT-1002403024-2016-05-01,warranty,true,[],dg_township,dg_township_2025.xlsx,2026-04-26 02:27:06.018311,2,16W270 94TH PL BURR RIDGE IL 60527,
dupage,1002403030,2017-04-01,479900.0,DGT-1002403030-2017-04-01,warranty,true,[],dg_township,dg_township_2025.xlsx,2026-04-26 02:27:06.018361,2,16W270 94TH PL BURR RIDGE IL 60527,
dupage,1002403032,2024-05-16,340000.0,DGT-1002403032-2024-05-16,warranty,true,[],dg_township,dg_township_2025.xlsx,2026-04-26 02:27:06.018396,3,16W360 94TH PL BURR RIDGE IL 60527,
dupage,1002404009,2015-05-01,176000.0,DGT-1002404009-2015-05-01,warranty,true,[],dg_township,dg_township_2025.xlsx,2026-04-26 02:27:06.018508,2,16W311 94TH PL BURR RIDGE IL 60527,
dupage,1002404011,2017-07-01,420000.0,DGT-1002404011-2017-07-01,warranty,true,[],dg_township,dg_township_2025.xlsx,2026-04-26 02:27:06.018543,2,16W280 94TH PL BURR RIDGE IL 60527,
dupage,1002405001,2022-12-20,800000.0,DGT-1002405001-2022-12-20,warranty,true,[],dg_township,dg_township_2025.xlsx,2026-04-26 02:27:06.018577,3,10S560 OAK HILL CT BURR RIDGE IL 60527,
dupage,1002406030,2015-01-01,440500.0,DGT-1002406030-2015-01-01,warranty,true,[],dg_township,dg_township_2025.xlsx,2026-04-26 02:27:06.018643,2,16W072 91ST ST BURR RIDGE IL 60521,
dupage,1002407009,2018-07-01,300000.0,DGT-1002407009-2018-07-01,warranty,true,[],dg_township,dg_township_2025.xlsx,2026-04-26 02:27:06.018802,2,FALLINGWATER DR BURR RIDGE IL 60527,
dupage,1002408001,2015-12-01,791000.0,DGT-1002408001-2015-12-01,warranty,true,[],dg_township,dg_township_2025.xlsx,2026-04-26 02:27:06.018821,2,9260 FALLING WATERS BURR RIDGE IL 60527,
dupage,1002408003,2020-07-01,787500.0,DGT-1002408003-2020-07-01,warranty,true,[],dg_township,dg_township_2025.xlsx,2026-04-26 02:27:06.018854,2,2 CASCADE CT E BURR RIDGE IL 60521,
dupage,1002408007,2016-10-01,1246000.0,DGT-1002408007-2016-10-01,warranty,true,[],dg_township,dg_township_2025.xlsx,2026-04-26 02:27:06.01892,2,6 CASCADE CT W BURR RIDGE IL 60527,
dupage,1002408008,2021-05-01,195000.0,DGT-1002408008-2021-05-01,warranty,true,[],dg_township,dg_township_2025.xlsx,2026-04-26 02:27:06.018938,3,7 CASCADE CT W BURR RIDGE IL 60527,
dupage,1002408012,2019-08-01,750000.0,DGT-1002408012-2019-08-01,warranty,true,[],dg_township,dg_township_2025.xlsx,2026-04-26 02:27:06.019004,2,9284 CASCADE CIR BURR RIDGE IL 60527,
dupage,1002408014,2022-11-01,1200000.0,DGT-1002408014-2022-11-01,warranty,true,[],dg_township,dg_township_2025.xlsx,2026-04-26 02:27:06.019038,3,9295 CASCADE CIR BURR RIDGE IL 60527,
dupage,1002408015,2019-07-01,830000.0,DGT-1002408015-2019-07-01,warranty,true,[],dg_township,dg_township_2025.xlsx,2026-04-26 02:27:06.019056,2,9301 CASCADE CIR BURR RIDGE IL 60527,
dupage,1002408018,2019-09-01,1175000.0,DGT-1002408018-2019-09-01,warranty,true,[],dg_township,dg_township_2025.xlsx,2026-04-26 02:27:06.019106,2,9330 CASCADE CIR BURR RIDGE IL 60527,
dupage,1002408024,2020-06-01,869000.0,DGT-1002408024-2020-06-01,warranty,true,[],dg_township,dg_township_2025.xlsx,2026-04-26 02:27:06.019202,2,9390 CASCADE CIR BURR RIDGE IL 60527,
dupage,1002409001,2021-02-01,1500000.0,DGT-1002409001-2021-02-01,warranty,true,[],dg_township,dg_township_2025.xlsx,2026-04-26 02:27:06.01922,3,9286 FALLING WATERS BURR RIDGE IL 60527,
dupage,1002409003,2021-06-01,900000.0,DGT-1002409003-2021-06-01,warranty,true,[],dg_township,dg_township_2025.xlsx,2026-04-26 02:27:06.019254,3,9254 FALLING WATERS BURR RIDGE IL 60527,
dupage,1002409005,2023-11-10,315000.0,DGT-1002409005-2023-11-10,warranty,true,[],dg_township,dg_township_2025.xlsx,2026-04-26 02:27:06.019288,3,9224 FALLING WATERS DR E BURR RIDGE IL 60527,
dupage,1002409006,2023-06-21,325000.0,DGT-1002409006-2023-06-21,warranty,true,[],dg_township,dg_township_2025.xlsx,2026-04-26 02:27:06.019306,3,9216 FALLING WATER E BURR RIDGE IL 60521,
dupage,1002409012,2015-10-01,1440000.0,DGT-1002409012-2015-10-01,warranty,true,[],dg_township,dg_township_2025.xlsx,2026-04-26 02:27:06.019399,2,4 SYLVAN GLEN CT BURR RIDGE IL 60527,
dupage,1002409014,2021-08-01,820000.0,DGT-1002409014-2021-08-01,warranty,true,[],dg_township,dg_township_2025.xlsx,2026-04-26 02:27:06.019432,3,8 SYLVAN GLEN CT BURR RIDGE IL 60527,
dupage,1002409015,2024-06-26,290000.0,DGT-1002409015-2024-06-26,warranty,true,[],dg_township,dg_township_2025.xlsx,2026-04-26 02:27:06.01945,3,10 SYLVAN CT BURR RIDGE IL 60527,
dupage,1002409019,2018-03-01,1250000.0,DGT-1002409019-2018-03-01,warranty,true,[],dg_township,dg_township_2025.xlsx,2026-04-26 02:27:06.019513,2,7 SYLVAN GLEN CT BURR RIDGE IL 60527,
dupage,1002409021,2018-01-01,1000000.0,DGT-1002409021-2018-01-01,warranty,true,[],dg_township,dg_township_2025.xlsx,2026-04-26 02:27:06.019547,2,3 SYLVAN GLEN CT BURR RIDGE IL 60527,
dupage,1002409023,2021-11-01,890000.0,DGT-1002409023-2021-11-01,warranty,true,[],dg_township,dg_township_2025.xlsx,2026-04-26 02:27:06.01958,3,9321 FALLING WATERS DR W BURR RIDGE IL 60527,
dupage,1002409024,2024-02-27,300000.0,DGT-1002409024-2024-02-27,warranty,true,[],dg_township,dg_township_2025.xlsx,2026-04-26 02:27:06.019598,3,9351 FALLING WATERS DR W BURR RIDGE IL 60527,
dupage,1002409027,2025-03-06,1100000.0,DGT-1002409027-2025-03-06,warranty,true,[],dg_township,dg_township_2025.xlsx,2026-04-26 02:27:06.019646,3,9427 FALLINGWATER DR BURR RIDGE IL 60527,
dupage,1002409028,2021-08-01,250000.0,DGT-1002409028-2021-08-01,warranty,true,[],dg_township,dg_township_2025.xlsx,2026-04-26 02:27:06.019664,3,9441 FALLING WATER DR W BURR RIDGE IL 60527,
dupage,1002409029,2016-05-01,1450000.0,DGT-1002409029-2016-05-01,warranty,true,[],dg_township,dg_township_2025.xlsx,2026-04-26 02:27:06.019682,2,9465 FALLING WATERS W BURR RIDGE IL 60527,
dupage,1002409031,2018-03-01,250000.0,DGT-1002409031-2018-03-01,warranty,true,[],dg_township,dg_township_2025.xlsx,2026-04-26 02:27:06.019715,2,9476 FALLING WATERS BURR RIDGE IL 60527,
dupage,1002409032,2023-05-04,375000.0,DGT-1002409032-2023-05-04,warranty,true,[],dg_township,dg_township_2025.xlsx,2026-04-26 02:27:06.019733,3,9450 FALLING WATERS DR E BURR RIDGE IL 60527,
dupage,1002409034,2021-10-01,675000.0,DGT-1002409034-2021-10-01,warranty,true,[],dg_township,dg_township_2025.xlsx,2026-04-26 02:27:06.019767,3,9400 FALLING WATER DR BURR RIDGE IL 60527,
dupage,1002409036,2022-05-01,1150000.0,DGT-1002409036-2022-05-01,warranty,true,[],dg_township,dg_township_2025.xlsx,2026-04-26 02:27:06.019801,3,9350 FALLING WATERS DR E BURR RIDGE IL 60527,
dupage,1002409037,2013-05-01,2475000.0,DGT-1002409037-2013-05-01,warranty,true,[],dg_township,dg_township_2025.xlsx,2026-04-26 02:27:06.019818,2,9326 FALLINGWATER DR BURR RIDGE IL 60527,
dupage,1002410003,2013-11-01,883000.0,DGT-1002410003-2013-11-01,warranty,true,[],dg_township,dg_township_2025.xlsx,2026-04-26 02:27:06.019868,2,9151 FALLINGWATER DR BURR RIDGE IL 60521,
dupage,1002410004,2022-03-01,1225000.0,DGT-1002410004-2022-03-01,warranty,true,[],dg_township,dg_township_2025.xlsx,2026-04-26 02:27:06.019886,3,9171 FALLING WATERS BURR RIDGE IL 60527,
dupage,1002410005,2020-10-01,1290000.0,DGT-1002410005-2020-10-01,warranty,true,[],dg_township,dg_township_2025.xlsx,2026-04-26 02:27:06.019904,2,9191 FALLINGWATERS DR BURR RIDGE IL 60527,
dupage,1002410011,2021-06-01,1241800.0,DGT-1002410011-2021-06-01,warranty,true,[],dg_township,dg_township_2025.xlsx,2026-04-26 02:27:06.019984,3,9283 FALLINGWATER DR BURR RIDGE IL 60527,
dupage,1002410016,2021-03-01,441000.0,DGT-1002410016-2021-03-01,warranty,true,[],dg_township,dg_township_2025.xlsx,2026-04-26 02:27:06.020064,3,9340 S MADISON ST BURR RIDGE IL 60527,
dupage,1002410017,2021-03-01,441000.0,DGT-1002410017-2021-03-01,warranty,true,[],dg_township,dg_township_2025.xlsx,2026-04-26 02:27:06.020082,3,9340 S MADISON ST WILLOWBROOK IL 60527,
dupage,1002411003,2018-01-01,1775000.0,DGT-1002411003-2018-01-01,warranty,true,[],dg_township,dg_township_2025.xlsx,2026-04-26 02:27:06.020132,2,6 ARCADIA CT BURR RIDGE IL 60527,
dupage,1002411005,2023-03-31,917000.0,DGT-1002411005-2023-03-31,warranty,true,[],dg_township,dg_township_2025.xlsx,2026-04-26 02:27:06.020166,3,9 ARCADIA CT BURR RIDGE IL 60527,
dupage,1002411006,2020-10-01,185000.0,DGT-1002411006-2020-10-01,warranty,true,[],dg_township,dg_township_2025.xlsx,2026-04-26 02:27:06.020184,2,7 ARCADIA CT BURR RIDGE IL 60527,
dupage,1002411007,2016-04-01,820000.0,DGT-1002411007-2016-04-01,warranty,true,[],dg_township,dg_township_2025.xlsx,2026-04-26 02:27:06.020202,2,5 ARCADIA CT BURR RIDGE IL 60527,
dupage,1002411008,2024-11-04,1850000.0,DGT-1002411008-2024-11-04,warranty,true,[],dg_township,dg_township_2025.xlsx,2026-04-26 02:27:06.02022,3,3 ARCADIA CT BURR RIDGE IL 60527,
dupage,1002411009,2013-02-01,990000.0,DGT-1002411009-2013-02-01,warranty,true,[],dg_township,dg_township_2025.xlsx,2026-04-26 02:27:06.020238,2,1 ARCADIA CT BURR RIDGE IL 60521,
dupage,1002412002,2020-04-01,751265.0,DGT-1002412002-2020-04-01,warranty,true,[],dg_township,dg_township_2025.xlsx,2026-04-26 02:27:06.020318,2,9366 FALLING WATER DR BURR RIDGE IL 60521,
dupage,1002412006,2022-06-14,1050000.0,DGT-1002412006-2022-06-14,warranty,true,[],dg_township,dg_township_2025.xlsx,2026-04-26 02:27:06.020383,3,6 TUMBLEBROOK CT BURR RIDGE IL 60527,
dupage,1002412009,2019-10-01,365000.0,DGT-1002412009-2019-10-01,warranty,true,[],dg_township,dg_township_2025.xlsx,2026-04-26 02:27:06.020431,2,16W256 95TH PL BURR RIDGE IL 60527,
dupage,1002412011,2014-05-01,975000.0,DGT-1002412011-2014-05-01,warranty,true,[],dg_township,dg_township_2025.xlsx,2026-04-26 02:27:06.020465,2,1 TUMBLEBROOK CT BURR RIDGE IL 60527,
dupage,1002211002,2018-06-01,1980000.0,DGT-1002211002-2018-06-01,warranty,true,[],dg_township,dg_township_2025.xlsx,2026-04-26 02:27:06.020483,2,16W122 91ST ST BURR RIDGE IL 60527,
dupage,1002211006,2022-05-16,1775000.0,DGT-1002211006-2022-05-16,warranty,true,[],dg_township,dg_township_2025.xlsx,2026-04-26 02:27:06.020501,3,10S370 MADISON BURR RIDGE IL 60527,
dupage,1002305004,2025-05-21,285000.0,DGT-1002305004-2025-05-21,warranty,true,[],dg_township,dg_township_2025.xlsx,2026-04-26 02:27:06.020534,3,9454 S JACKSON ST BURR RIDGE IL 60527,
dupage,1002305006,2019-10-01,417500.0,DGT-1002305006-2019-10-01,warranty,true,[],dg_township,dg_township_2025.xlsx,2026-04-26 02:27:06.020567,2,10S730 JACKSON ST BURR RIDGE IL 60527,
dupage,1001209012,2020-12-01,1200893.0,DGT-1001209012-2020-12-01,warranty,true,[],dg_township,dg_township_2025.xlsx,2026-04-26 02:27:06.020585,2,6 SHENANDOAH CT BURR RIDGE IL 60527,
dupage,1001210004,2024-09-04,350000.0,DGT-1001210004-2024-09-04,warranty,true,[],dg_township,dg_township_2025.xlsx,2026-04-26 02:27:06.020679,3,1 SHENANDOAH CT BURR RIDGE IL 60527,
dupage,1001210005,2015-05-01,1219900.0,DGT-1001210005-2015-05-01,warranty,true,[],dg_township,dg_township_2025.xlsx,2026-04-26 02:27:06.020697,2,3 SHENANDOAH CT BURR RIDGE IL 60527,
dupage,1001210006,2021-10-01,1375000.0,DGT-1001210006-2021-10-01,warranty,true,[],dg_township,dg_township_2025.xlsx,2026-04-26 02:27:06.020715,3,5 SHENANDOAH CT BURR RIDGE IL 60527,
dupage,1001210007,2021-10-01,1375000.0,DGT-1001210007-2021-10-01,warranty,true,[],dg_township,dg_township_2025.xlsx,2026-04-26 02:27:06.020732,3,7 SHENANDOAH CT BURR RIDGE IL 60527,
dupage,1001210009,2020-12-01,850000.0,DGT-1001210009-2020-12-01,warranty,true,[],dg_township,dg_township_2025.xlsx,2026-04-26 02:27:06.02075,2,9 SHENANDOAH CT BURR RIDGE IL 60527,
dupage,1001300001,2020-11-01,210000.0,DGT-1001300001-2020-11-01,warranty,true,[],dg_township,dg_township_2025.xlsx,2026-04-26 02:27:06.020768,2,10S411 MADISON ST BURR RIDGE IL 60527,
dupage,1001300006,2020-04-01,504000.0,DGT-1001300006-2020-04-01,warranty,true,[],dg_township,dg_township_2025.xlsx,2026-04-26 02:27:06.020848,2,10S420 GLENN DR BURR RIDGE IL 60527,
dupage,1001300007,2022-02-01,500000.0,DGT-1001300007-2022-02-01,warranty,true,[],dg_township,dg_township_2025.xlsx,2026-04-26 02:27:06.020866,3,10S424 GLENN DR BURR RIDGE IL 60521,
dupage,1001301001,2024-09-05,950000.0,DGT-1001301001-2024-09-05,warranty,true,[],dg_township,dg_township_2025.xlsx,2026-04-26 02:27:06.020929,3,10S501 MADISON ST BURR RIDGE IL 60527,
dupage,1001301002,2024-01-23,387000.0,DGT-1001301002-2024-01-23,warranty,true,[],dg_township,dg_township_2025.xlsx,2026-04-26 02:27:06.020948,3,10S513 MADISON ST BURR RIDGE IL 60527,
dupage,1001301006,2021-08-01,455000.0,DGT-1001301006-2021-08-01,warranty,true,[],dg_township,dg_township_2025.xlsx,2026-04-26 02:27:06.021011,3,10S571 MADISON ST BURR RIDGE IL 60521,
dupage,1001301007,2024-10-08,575000.0,DGT-1001301007-2024-10-08,warranty,true,[],dg_township,dg_township_2025.xlsx,2026-04-26 02:27:06.021029,3,10S581 MADISON ST BURR RIDGE IL 60521,
dupage,1001301010,2015-07-01,363000.0,DGT-1001301010-2015-07-01,warranty,true,[],dg_township,dg_township_2025.xlsx,2026-04-26 02:27:06.021062,2,10S512 GLENN DR BURR RIDGE IL 60527,
dupage,1001301011,2021-08-01,775000.0,DGT-1001301011-2021-08-01,warranty,true,[],dg_township,dg_township_2025.xlsx,2026-04-26 02:27:06.02108,3,10S526 GLENN DR BURR RIDGE IL 60527,
dupage,1001301013,2019-06-01,395000.0,DGT-1001301013-2019-06-01,warranty,true,[],dg_township,dg_township_2025.xlsx,2026-04-26 02:27:06.021114,2,10S550 GLENN DR BURR RIDGE IL 60527,
dupage,1001301018,2019-12-01,465000.0,DGT-1001301018-2019-12-01,warranty,true,[],dg_township,dg_township_2025.xlsx,2026-04-26 02:27:06.021192,2,10S638 GLENN DR BURR RIDGE IL 60527,
dupage,1001301019,2021-11-01,664000.0,DGT-1001301019-2021-11-01,warranty,true,[],dg_township,dg_township_2025.xlsx,2026-04-26 02:27:06.02121,3,10S650 GLENN DR BURR RIDGE IL 60521,
dupage,1001301020,2020-07-01,468000.0,DGT-1001301020-2020-07-01,warranty,true,[],dg_township,dg_township_2025.xlsx,2026-04-26 02:27:06.021228,2,10S664 GLENN DR BURR RIDGE IL 60527,
dupage,1001301022,2024-08-09,948000.0,DGT-1001301022-2024-08-09,warranty,true,[],dg_township,dg_township_2025.xlsx,2026-04-26 02:27:06.021262,3,9305 S MADISON ST BURR RIDGE IL 60527,
dupage,1001301025,2022-04-01,850000.0,DGT-1001301025-2022-04-01,warranty,true,[],dg_township,dg_township_2025.xlsx,2026-04-26 02:27:06.021312,3,9359 S MADISON ST BURR RIDGE IL 60527,
dupage,1001301026,2019-02-01,630000.0,DGT-1001301026-2019-02-01,warranty,true,[],dg_township,dg_township_2025.xlsx,2026-04-26 02:27:06.02133,2,9377 S MADISON ST BURR RIDGE IL 60527,
dupage,1001302001,2018-09-01,419000.0,DGT-1001302001-2018-09-01,warranty,true,[],dg_township,dg_township_2025.xlsx,2026-04-26 02:27:06.021364,2,10S415 GLENN DR BURR RIDGE IL 60527,
dupage,1001302002,2022-03-01,475000.0,DGT-1001302002-2022-03-01,warranty,true,[],dg_township,dg_township_2025.xlsx,2026-04-26 02:27:06.021382,3,10S431 GLENN DR BURR RIDGE IL 60521,
dupage,1001302004,2018-02-01,461000.0,DGT-1001302004-2018-02-01,warranty,true,[],dg_township,dg_township_2025.xlsx,2026-04-26 02:27:06.021415,2,10S461 GLENN DR BURR RIDGE IL 60527,
dupage,1001302006,2014-02-01,449000.0,DGT-1001302006-2014-02-01,warranty,true,[],dg_township,dg_township_2025.xlsx,2026-04-26 02:27:06.021448,2,10S501 GLENN DR BURR RIDGE IL 60521,
dupage,1001302011,2021-05-01,589000.0,DGT-1001302011-2021-05-01,warranty,true,[],dg_township,dg_township_2025.xlsx,2026-04-26 02:27:06.021528,3,10S575 GLENN DR BURR RIDGE IL 60527,
dupage,1001302015,2025-05-30,935000.0,DGT-1001302015-2025-05-30,warranty,true,[],dg_township,dg_township_2025.xlsx,2026-04-26 02:27:06.021594,3,10S667 GLENN DR BURR RIDGE IL 60527,
dupage,1001302016,2017-08-01,560000.0,DGT-1001302016-2017-08-01,warranty,true,[],dg_township,dg_township_2025.xlsx,2026-04-26 02:27:06.021612,2,10S675 GLENN DR BURR RIDGE IL 60527,
dupage,1001302023,2022-11-29,810000.0,DGT-1001302023-2022-11-29,warranty,true,[],dg_township,dg_township_2025.xlsx,2026-04-26 02:27:06.021645,3,109 OAK RIDGE DR BURR RIDGE IL 60527,
dupage,1001302024,2024-07-09,885000.0,DGT-1001302024-2024-07-09,warranty,true,[],dg_township,dg_township_2025.xlsx,2026-04-26 02:27:06.021663,3,2 KERI LN BURR RIDGE IL 60527,
dupage,1001302025,2021-12-01,745000.0,DGT-1001302025-2021-12-01,warranty,true,[],dg_township,dg_township_2025.xlsx,2026-04-26 02:27:06.021682,3,4 KERI LN BURR RIDGE IL 60527,
dupage,1001302028,2019-11-01,295518.0,DGT-1001302028-2019-11-01,warranty,true,[],dg_township,dg_township_2025.xlsx,2026-04-26 02:27:06.0217,2,111 OAK RIDGE DR E BURR RIDGE IL 60527,
dupage,1001302029,2020-11-01,640000.0,DGT-1001302029-2020-11-01,warranty,true,[],dg_township,dg_township_2025.xlsx,2026-04-26 02:27:06.021718,2,113 OAK RIDGE DR E BURR RIDGE IL 60527,
dupage,1001302032,2022-04-01,725000.0,DGT-1001302032-2022-04-01,warranty,true,[],dg_township,dg_township_2025.xlsx,2026-04-26 02:27:06.021766,3,119 OAK RIDGE DR E BURR RIDGE IL 60527,
dupage,1001302035,2016-12-01,743300.0,DGT-1001302035-2016-12-01,warranty,true,[],dg_township,dg_township_2025.xlsx,2026-04-26 02:27:06.02182,2,125 OAK RIDGE DR E BURR RIDGE IL 60527,
dupage,1001302047,2013-11-01,623333.0,DGT-1001302047-2013-11-01,warranty,true,[],dg_township,dg_township_2025.xlsx,2026-04-26 02:27:06.021961,2,112 CIRCLE RIDGE DR BURR RIDGE IL 60527,
dupage,1001302048,2020-07-01,635000.0,DGT-1001302048-2020-07-01,warranty,true,[],dg_township,dg_township_2025.xlsx,2026-04-26 02:27:06.021979,2,114 CIRCLE RIDGE DR BURR RIDGE IL 60527,
dupage,1001302054,2022-09-01,850000.0,DGT-1001302054-2022-09-01,warranty,true,[],dg_township,dg_township_2025.xlsx,2026-04-26 02:27:06.022073,3,126 CIRCLE RIDGE DR BURR RIDGE IL 60527,
dupage,1001302057,2020-10-01,625000.0,DGT-1001302057-2020-10-01,warranty,true,[],dg_township,dg_township_2025.xlsx,2026-04-26 02:27:06.022122,2,132 CIRCLE RIDGE DR BURR RIDGE IL 60527,
dupage,1001302058,2019-03-01,570000.0,DGT-1001302058-2019-03-01,warranty,true,[],dg_township,dg_township_2025.xlsx,2026-04-26 02:27:06.02214,2,134 CIRCLE RIDGE DR BURR RIDGE IL 60527,
dupage,1001302059,2022-03-01,981000.0,DGT-1001302059-2022-03-01,warranty,true,[],dg_township,dg_township_2025.xlsx,2026-04-26 02:27:06.022158,3,136 CIRCLE RIDGE DR BURR RIDGE IL 60527,
dupage,1001302061,2019-04-01,783000.0,DGT-1001302061-2019-04-01,warranty,true,[],dg_township,dg_township_2025.xlsx,2026-04-26 02:27:06.022192,2,140 CIRCLE RIDGE DR BURR RIDGE IL 60527,
dupage,1001302065,2024-02-12,1010000.0,DGT-1001302065-2024-02-12,warranty,true,[],dg_township,dg_township_2025.xlsx,2026-04-26 02:27:06.022256,3,148 CIRCLE RIDGE DR BURR RIDGE IL 60527,
dupage,1001302070,2022-06-20,996000.0,DGT-1001302070-2022-06-20,warranty,true,[],dg_township,dg_township_2025.xlsx,2026-04-26 02:27:06.022337,3,158 CIRCLE RIDGE DR BURR RIDGE IL 60527,
dupage,1001302073,2017-08-01,605000.0,DGT-1001302073-2017-08-01,warranty,true,[],dg_township,dg_township_2025.xlsx,2026-04-26 02:27:06.022385,2,9101 DEVON RIDGE DR BURR RIDGE IL 60527,
dupage,1001302075,2022-05-01,1050000.0,DGT-1001302075-2022-05-01,warranty,true,[],dg_township,dg_township_2025.xlsx,2026-04-26 02:27:06.022418,3,3 KERI LN BURR RIDGE IL 60527,
dupage,1001302076,2015-05-01,1140500.0,DGT-1001302076-2015-05-01,warranty,true,[],dg_township,dg_township_2025.xlsx,2026-04-26 02:27:06.022436,2,1 KERI LN BURR RIDGE IL 60521,
dupage,1001304009,2024-04-11,775000.0,DGT-1001304009-2024-04-11,warranty,true,[],dg_township,dg_township_2025.xlsx,2026-04-26 02:27:06.022516,3,780 W 94TH ST BURR RIDGE IL 60527,
dupage,1001304010,2018-08-01,450000.0,DGT-1001304010-2018-08-01,warranty,true,[],dg_township,dg_township_2025.xlsx,2026-04-26 02:27:06.022534,2,760 94TH ST BURR RIDGE IL 60527,
dupage,1001304014,2015-11-01,905000.0,DGT-1001304014-2015-11-01,warranty,true,[],dg_township,dg_township_2025.xlsx,2026-04-26 02:27:06.022598,2,105 OAK RIDGE DR W BURR RIDGE IL 60527,
dupage,1001304015,2022-08-24,910000.0,DGT-1001304015-2022-08-24,warranty,true,[],dg_township,dg_township_2025.xlsx,2026-04-26 02:27:06.022616,3,103 OAK RIDGE DR W BURR RIDGE IL 60527,
dupage,1001304017,2022-05-01,1137500.0,DGT-1001304017-2022-05-01,warranty,true,[],dg_township,dg_township_2025.xlsx,2026-04-26 02:27:06.02265,3,701 PROVENCAL DR BURR RIDGE IL 60527,
dupage,1001304018,2017-08-01,670000.0,DGT-1001304018-2017-08-01,warranty,true,[],dg_township,dg_township_2025.xlsx,2026-04-26 02:27:06.022668,2,725 PROVENCAL DR BURR RIDGE IL 60527,
dupage,1001304020,2024-01-23,1020000.0,DGT-1001304020-2024-01-23,warranty,true,[],dg_township,dg_township_2025.xlsx,2026-04-26 02:27:06.022701,3,801 PROVENCAL DR BURR RIDGE IL 60527,
dupage,1001306003,2020-10-01,700000.0,DGT-1001306003-2020-10-01,warranty,true,[],dg_township,dg_township_2025.xlsx,2026-04-26 02:27:06.022765,2,106 OAK RIDGE DR W BURR RIDGE IL 60521,
dupage,1001306006,2021-07-01,1320000.0,DGT-1001306006-2021-07-01,warranty,true,[],dg_township,dg_township_2025.xlsx,2026-04-26 02:27:06.022783,3,116 OAK RIDGE DR E BURR RIDGE IL 60527,
dupage,1001306007,2019-12-01,501000.0,DGT-1001306007-2019-12-01,warranty,true,[],dg_township,dg_township_2025.xlsx,2026-04-26 02:27:06.022801,2,122 OAK RIDGE DR E BURR RIDGE IL 60527,
dupage,1001306008,2015-01-01,763500.0,DGT-1001306008-2015-01-01,warranty,true,[],dg_township,dg_township_2025.xlsx,2026-04-26 02:27:06.022819,2,124 OAK RIDGE DR E BURR RIDGE IL 60527,
dupage,1001307005,2019-06-01,827000.0,DGT-1001307005-2019-06-01,warranty,true,[],dg_township,dg_township_2025.xlsx,2026-04-26 02:27:06.022944,2,117 CIRCLE RIDGE DR BURR RIDGE IL 60527,
dupage,1001307007,2024-10-23,1450000.0,DGT-1001307007-2024-10-23,warranty,true,[],dg_township,dg_township_2025.xlsx,2026-04-26 02:27:06.022978,3,125 CIRCLE RIDGE DR BURR RIDGE IL 60527,
dupage,1001307010,2024-01-23,852000.0,DGT-1001307010-2024-01-23,warranty,true,[],dg_township,dg_township_2025.xlsx,2026-04-26 02:27:06.023026,3,5 CIRCLE RIDGE CT BURR RIDGE IL 60527,
dupage,1001307017,2024-10-07,965000.0,DGT-1001307017-2024-10-07,warranty,true,[],dg_township,dg_township_2025.xlsx,2026-04-26 02:27:06.023138,3,153 CIRCLE RIDGE DR BURR RIDGE IL 60527,
dupage,1001307018,2015-10-01,635000.0,DGT-1001307018-2015-10-01,warranty,true,[],dg_township,dg_township_2025.xlsx,2026-04-26 02:27:06.023156,2,159 CIRCLE RIDGE DR BURR RIDGE IL 60527,
dupage,1001307019,2020-07-01,650000.0,DGT-1001307019-2020-07-01,warranty,true,[],dg_township,dg_township_2025.xlsx,2026-04-26 02:27:06.023174,2,1 DEVON RIDGE CT BURR RIDGE IL 60527,
dupage,1001307021,2021-11-01,775000.0,DGT-1001307021-2021-11-01,warranty,true,[],dg_township,dg_township_2025.xlsx,2026-04-26 02:27:06.023208,3,6 DEVON RIDGE CT BURR RIDGE IL 60527,
dupage,1001307022,2016-12-01,910000.0,DGT-1001307022-2016-12-01,warranty,true,[],dg_township,dg_township_2025.xlsx,2026-04-26 02:27:06.023226,2,4 DEVON RIDGE CT BURR RIDGE IL 60527,
dupage,1001401002,2014-05-01,818000.0,DGT-1001401002-2014-05-01,warranty,true,[],dg_township,dg_township_2025.xlsx,2026-04-26 02:27:06.023244,2,9381 S GARFIELD AVE BURR RIDGE IL 60527,
dupage,1001401005,2024-08-20,339900.0,DGT-1001401005-2024-08-20,warranty,true,[],dg_township,dg_township_2025.xlsx,2026-04-26 02:27:06.023261,3,15W271 91ST ST BURR RIDGE IL 60527,
dupage,1001401023,2025-04-14,225000.0,DGT-1001401023-2025-04-14,warranty,true,[],dg_township,dg_township_2025.xlsx,2026-04-26 02:27:06.023316,3,10S641 GARFIELD AVE BURR RIDGE IL 60527,
dupage,1001401029,2023-08-10,1275000.0,DGT-1001401029-2023-08-10,warranty,true,[],dg_township,dg_township_2025.xlsx,2026-04-26 02:27:06.023366,3,9210 FOREST EDGE DR BURR RIDGE IL 60527,
dupage,1001401030,2015-07-01,685000.0,DGT-1001401030-2015-07-01,warranty,true,[],dg_township,dg_township_2025.xlsx,2026-04-26 02:27:06.023384,2,9230 FOREST EDGE DR BURR RIDGE IL 60527,
dupage,1001401031,2023-06-22,140000.0,DGT-1001401031-2023-06-22,warranty,true,[],dg_township,dg_township_2025.xlsx,2026-04-26 02:27:06.023402,3,9250 FOREST EDGE DR BURR RIDGE IL 60527,
dupage,1001401033,2023-03-31,1180000.0,DGT-1001401033-2023-03-31,warranty,true,[],dg_township,dg_township_2025.xlsx,2026-04-26 02:27:06.023437,3,9290 FOREST EDGE LN BURR RIDGE IL 60527,
dupage,1001401035,2017-02-01,210000.0,DGT-1001401035-2017-02-01,warranty,true,[],dg_township,dg_township_2025.xlsx,2026-04-26 02:27:06.02347,2,9265 FOREST EDGE LN BURR RIDGE IL 60527,
dupage,1001401037,2014-04-01,225000.0,DGT-1001401037-2014-04-01,warranty,true,[],dg_township,dg_township_2025.xlsx,2026-04-26 02:27:06.023504,2,9225 FOREST EDGE LN BURR RIDGE IL 60527,
dupage,1001401041,2024-03-06,1700000.0,DGT-1001401041-2024-03-06,warranty,true,[],dg_township,dg_township_2025.xlsx,2026-04-26 02:27:06.02357,3,9125 FOREST EDGE DR BURR RIDGE IL 60527,
dupage,1001401042,2016-04-01,237500.0,DGT-1001401042-2016-04-01,warranty,true,[],dg_township,dg_township_2025.xlsx,2026-04-26 02:27:06.023588,2,285 FOREST EDGE CT BURR RIDGE IL 60527,
dupage,1001401043,2016-01-01,1148000.0,DGT-1001401043-2016-01-01,warranty,true,[],dg_township,dg_township_2025.xlsx,2026-04-26 02:27:06.023606,2,265 FOREST EDGE CT BURR RIDGE IL 60527,
dupage,1001401045,2022-06-28,1280000.0,DGT-1001401045-2022-06-28,warranty,true,[],dg_township,dg_township_2025.xlsx,2026-04-26 02:27:06.023638,3,225 FOREST EDGE CT BURR RIDGE IL 60527,
dupage,1001401046,2022-12-14,2150000.0,DGT-1001401046-2022-12-14,warranty,true,[],dg_township,dg_township_2025.xlsx,2026-04-26 02:27:06.023656,3,220 FOREST EDGE CT BURR RIDGE IL 60527,
dupage,1001401050,2014-07-01,1290000.0,DGT-1001401050-2014-07-01,warranty,true,[],dg_township,dg_township_2025.xlsx,2026-04-26 02:27:06.023721,2,250 FOREST EDGE CT BURR RIDGE IL 60527,
dupage,1001401051,2019-07-01,825000.0,DGT-1001401051-2019-07-01,warranty,true,[],dg_township,dg_township_2025.xlsx,2026-04-26 02:27:06.023739,2,9101 GARFIELD AVE BURR RIDGE IL 60521,
dupage,1001401052,2014-10-01,134900.0,DGT-1001401052-2014-10-01,warranty,true,[],dg_township,dg_township_2025.xlsx,2026-04-26 02:27:06.023766,2,15W305 91ST ST BURR RIDGE IL 60527,
dupage,1001401053,2023-11-16,1375000.0,DGT-1001401053-2023-11-16,warranty,true,[],dg_township,dg_township_2025.xlsx,2026-04-26 02:27:06.023784,3,9121 S GARFIELD AVE BURR RIDGE IL 60527,
dupage,1001401054,2015-05-01,196000.0,DGT-1001401054-2015-05-01,warranty,true,[],dg_township,dg_township_2025.xlsx,2026-04-26 02:27:06.023802,2,9141 S GARFIELD BURR RIDGE IL 60527,
dupage,1001401055,2018-02-01,225000.0,DGT-1001401055-2018-02-01,warranty,true,[],dg_township,dg_township_2025.xlsx,2026-04-26 02:27:06.023821,2,9161 GARFIELD AVE BURR RIDGE IL 60527,
dupage,1001401056,2015-05-01,200000.0,DGT-1001401056-2015-05-01,warranty,true,[],dg_township,dg_township_2025.xlsx,2026-04-26 02:27:06.023838,2,9181 GARFIELD AVE BURR RIDGE IL 60527,
dupage,1001401057,2014-05-01,185000.0,DGT-1001401057-2014-05-01,warranty,true,[],dg_township,dg_township_2025.xlsx,2026-04-26 02:27:06.023856,2,9207 GARFIELD AVE BURR RIDGE IL 60527,
dupage,1001401058,2017-09-01,879000.0,DGT-1001401058-2017-09-01,warranty,true,[],dg_township,dg_township_2025.xlsx,2026-04-26 02:27:06.023874,2,9227 GARFIELD AVE BURR RIDGE IL 60527,
dupage,1001401060,2024-04-30,665000.0,DGT-1001401060-2024-04-30,warranty,true,[],dg_township,dg_township_2025.xlsx,2026-04-26 02:27:06.023892,3,15W287 91ST ST BURR RIDGE IL 60527,
dupage,1001402001,2016-03-01,300000.0,DGT-1001402001-2016-03-01,warranty,true,[],dg_township,dg_township_2025.xlsx,2026-04-26 02:27:06.02391,2,10S420 DREW AVE BURR RIDGE IL 60521,
dupage,1001403002,2016-12-01,700000.0,DGT-1001403002-2016-12-01,warranty,true,[],dg_township,dg_township_2025.xlsx,2026-04-26 02:27:06.023974,2,9141 DREW AVE BURR RIDGE IL 60527,
dupage,1001403006,2018-03-01,260000.0,DGT-1001403006-2018-03-01,warranty,true,[],dg_township,dg_township_2025.xlsx,2026-04-26 02:27:06.023992,2,10S521 DREW AVE BURR RIDGE IL 60527,
dupage,1001403011,2016-03-01,410000.0,DGT-1001403011-2016-03-01,warranty,true,[],dg_township,dg_township_2025.xlsx,2026-04-26 02:27:06.02401,2,15W081 91ST ST BURR RIDGE IL 60527,
dupage,1001403012,2016-03-01,410000.0,DGT-1001403012-2016-03-01,warranty,true,[],dg_township,dg_township_2025.xlsx,2026-04-26 02:27:06.024028,2,15W081 91ST ST BURR RIDGE IL 60527,
dupage,1011200007,2022-07-05,398000.0,DGT-1011200007-2022-07-05,warranty,true,[],dg_township,dg_township_2025.xlsx,2026-04-26 02:27:06.024228,3,16W328 95TH PL BURR RIDGE IL 60527,
dupage,1011200008,2013-08-01,75000.0,DGT-1011200008-2013-08-01,warranty,true,[],dg_township,dg_township_2025.xlsx,2026-04-26 02:27:06.024246,2,16W318 95TH PL BURR RIDGE IL 60527,
dupage,1011200011,2019-10-01,365000.0,DGT-1011200011-2019-10-01,warranty,true,[],dg_township,dg_township_2025.xlsx,2026-04-26 02:27:06.02428,2,16W256 95TH PL BURR RIDGE IL 60527,
dupage,1011200014,2017-10-01,521000.0,DGT-1011200014-2017-10-01,warranty,true,[],dg_township,dg_township_2025.xlsx,2026-04-26 02:27:06.024314,2,16W280 95TH PL BURR RIDGE IL 60527,
dupage,1011201002,2021-12-01,525000.0,DGT-1011201002-2021-12-01,warranty,true,[],dg_township,dg_township_2025.xlsx,2026-04-26 02:27:06.024332,3,16W361 95TH PL BURR RIDGE IL 60527,
dupage,1011201003,2013-03-01,250200.0,DGT-1011201003-2013-03-01,warranty,true,[],dg_township,dg_township_2025.xlsx,2026-04-26 02:27:06.02435,2,16W347 95TH PL BURR RIDGE IL 60527,
dupage,1011201004,2023-02-24,355000.0,DGT-1011201004-2023-02-24,warranty,true,[],dg_township,dg_township_2025.xlsx,2026-04-26 02:27:06.024368,3,16W337 95TH PL BURR RIDGE IL 60527,
dupage,1011201008,2024-12-24,880000.0,DGT-1011201008-2024-12-24,warranty,true,[],dg_township,dg_township_2025.xlsx,2026-04-26 02:27:06.024433,3,16W307 95TH PL BURR RIDGE IL 60527,
dupage,1011206001,2024-06-11,1720000.0,DGT-1011206001-2024-06-11,warranty,true,[],dg_township,dg_township_2025.xlsx,2026-04-26 02:27:06.024607,3,9520 FALLING WATER DR E BURR RIDGE IL 60527,
dupage,1011206002,2025-05-09,1515000.0,DGT-1011206002-2025-05-09,warranty,true,[],dg_township,dg_township_2025.xlsx,2026-04-26 02:27:06.024625,3,9500 FALLING WATERS DR E BURR RIDGE IL 60527,
dupage,1011207002,2023-07-14,205000.0,DGT-1011207002-2023-07-14,warranty,true,[],dg_township,dg_township_2025.xlsx,2026-04-26 02:27:06.024659,3,9508 FALLING WATERS DR W BURR RIDGE IL 60527,
dupage,1011207006,2024-02-09,2012500.0,DGT-1011207006-2024-02-09,warranty,true,[],dg_township,dg_township_2025.xlsx,2026-04-26 02:27:06.024724,3,9600 PACIFIC CT BURR RIDGE IL 60527,
dupage,1011207007,2024-06-27,350000.0,DGT-1011207007-2024-06-27,warranty,true,[],dg_township,dg_township_2025.xlsx,2026-04-26 02:27:06.024741,3,9620 PACIFIC CT BURR RIDGE IL 60527,
dupage,1011207008,2018-06-01,975000.0,DGT-1011207008-2018-06-01,warranty,true,[],dg_township,dg_township_2025.xlsx,2026-04-26 02:27:06.024759,2,9640 PACIFIC CT BURR RIDGE IL 60527,
dupage,1011207010,2020-11-01,119000.0,DGT-1011207010-2020-11-01,warranty,true,[],dg_township,dg_township_2025.xlsx,2026-04-26 02:27:06.024792,2,9680 PACIFIC CT BURR RIDGE IL 60527,
dupage,1011207012,2020-09-01,1388890.0,DGT-1011207012-2020-09-01,warranty,true,[],dg_township,dg_township_2025.xlsx,2026-04-26 02:27:06.024826,2,9705 PACIFIC CT BURR RIDGE IL 60527,
dupage,1011207015,2020-07-01,700000.0,DGT-1011207015-2020-07-01,warranty,true,[],dg_township,dg_township_2025.xlsx,2026-04-26 02:27:06.024875,2,9645 PACIFIC CT BURR RIDGE IL 60527,
dupage,1011207017,2022-11-21,1875000.0,DGT-1011207017-2022-11-21,warranty,true,[],dg_township,dg_township_2025.xlsx,2026-04-26 02:27:06.024908,3,9601 PACIFIC CT BURR RIDGE IL 60527,
dupage,1011207018,2014-12-01,1625000.0,DGT-1011207018-2014-12-01,warranty,true,[],dg_township,dg_township_2025.xlsx,2026-04-26 02:27:06.024926,2,9555 PACIFIC CT BURR RIDGE IL 60527,
dupage,1011207019,2020-05-01,755000.0,DGT-1011207019-2020-05-01,warranty,true,[],dg_township,dg_township_2025.xlsx,2026-04-26 02:27:06.024944,2,9525 PACIFIC CT BURR RIDGE IL 60527,
dupage,1011207020,2021-10-01,1200000.0,DGT-1011207020-2021-10-01,warranty,true,[],dg_township,dg_township_2025.xlsx,2026-04-26 02:27:06.024962,3,9515 FALLING WATERS BURR RIDGE IL 60527,
dupage,1012100007,2022-02-01,112000.0,DGT-1012100007-2022-02-01,warranty,true,[],dg_township,dg_township_2025.xlsx,2026-04-26 02:27:06.025027,3,34 MARISSA CT BURR RIDGE IL 60527,
dupage,1012100008,2021-03-01,600000.0,DGT-1012100008-2021-03-01,warranty,true,[],dg_township,dg_township_2025.xlsx,2026-04-26 02:27:06.025045,3,3 MARISSA CT BURR RIDGE IL 60527,
dupage,1001401061,2014-05-01,135000.0,DGT-1001401061-2014-05-01,warranty,true,[],dg_township,dg_township_2025.xlsx,2026-04-26 02:27:06.02514,2,15W281 91ST ST BURR RIDGE IL 60527,
dupage,1001105007,2024-06-01,984000.0,DGT-1001105007-2024-06-01,warranty,true,[],dg_township,dg_township_2025.xlsx,2026-04-26 02:27:06.025187,3,8749 AINTREE LN BURR RIDGE IL 60527,
dupage,1001306015,2024-09-05,1550000.0,DGT-1001306015-2024-09-05,warranty,true,[],dg_township,dg_township_2025.xlsx,2026-04-26 02:27:06.025205,2,108 OAK RIDGE DR BURR RIDGE IL 60521,
dupage,1001306016,2024-09-05,1550000.0,DGT-1001306016-2024-09-05,warranty,true,[],dg_township,dg_township_2025.xlsx,2026-04-26 02:27:06.025223,2,108 OAK RIDGE DR BURR RIDGE IL 60521,
dupage,1002400019,2018-10-01,956726.0,DGT-1002400019-2018-10-01,warranty,true,[],dg_township,dg_apartment_2025.xlsx,2026-04-26 02:28:53.628755,2,91ST ST BURR RIDGE IL 60527,
dupage,1002400020,2025-06-27,2095238.0,DGT-1002400020-2025-06-27,warranty,true,[],dg_township,dg_apartment_2025.xlsx,2026-04-26 02:28:53.628801,3,9115 KINGERY HWY BURR RIDGE IL 60527,
dupage,1001308002,2020-01-01,408000.0,DGT-1001308002-2020-01-01,warranty,true,[],dg_township,dg_apartment_2025.xlsx,2026-04-26 02:28:53.628856,2,4 BEL AIRE CT BURR RIDGE IL 60527,
dupage,1001308003,2024-12-13,745000.0,DGT-1001308003-2024-12-13,warranty,true,[],dg_township,dg_apartment_2025.xlsx,2026-04-26 02:28:53.628881,3,5 BEL AIRE CT BURR RIDGE IL 60527,
dupage,1001308004,2024-05-25,750000.0,DGT-1001308004-2024-05-25,warranty,true,[],dg_township,dg_apartment_2025.xlsx,2026-04-26 02:28:53.628905,3,6 BEL AIRE CT BURR RIDGE IL 60527,
dupage,1001308005,2018-12-01,395000.0,DGT-1001308005-2018-12-01,warranty,true,[],dg_township,dg_apartment_2025.xlsx,2026-04-26 02:28:53.628928,2,7 BEL AIRE CT BURR RIDGE IL 60527,
dupage,1001308007,2016-01-01,360000.0,DGT-1001308007-2016-01-01,warranty,true,[],dg_township,dg_apartment_2025.xlsx,2026-04-26 02:28:53.62897,2,9 BEL AIRE CT BURR RIDGE IL 60521,
dupage,1001308008,2023-06-30,660000.0,DGT-1001308008-2023-06-30,warranty,true,[],dg_township,dg_apartment_2025.xlsx,2026-04-26 02:28:53.628992,3,10 BEL AIRE CT BURR RIDGE IL 60527,
dupage,1001308013,2016-12-01,550000.0,DGT-1001308013-2016-12-01,warranty,true,[],dg_township,dg_apartment_2025.xlsx,2026-04-26 02:28:53.629091,2,38 RED OAK CT BURR RIDGE IL 60527,
dupage,1001308014,2022-08-31,695000.0,DGT-1001308014-2022-08-31,warranty,true,[],dg_township,dg_apartment_2025.xlsx,2026-04-26 02:28:53.629113,3,39 RED OAK CT BURR RIDGE IL 60527,
dupage,1001308016,2019-08-01,495000.0,DGT-1001308016-2019-08-01,warranty,true,[],dg_township,dg_apartment_2025.xlsx,2026-04-26 02:28:53.629153,2,41 RED OAK CT BURR RIDGE IL 60527,
dupage,1001308017,2018-05-01,397000.0,DGT-1001308017-2018-05-01,warranty,true,[],dg_township,dg_apartment_2025.xlsx,2026-04-26 02:28:53.629174,2,42 OAK CREEK CT BURR RIDGE IL 60527,
dupage,1001308018,2021-10-01,498000.0,DGT-1001308018-2021-10-01,warranty,true,[],dg_township,dg_apartment_2025.xlsx,2026-04-26 02:28:53.629196,3,43 OAK CREEK CT BURR RIDGE IL 60527,
dupage,1001308019,2022-06-16,540000.0,DGT-1001308019-2022-06-16,warranty,true,[],dg_township,dg_apartment_2025.xlsx,2026-04-26 02:28:53.629217,3,44 OAK CREEK CT BURR RIDGE IL 60527,
dupage,1001308020,2022-03-01,480000.0,DGT-1001308020-2022-03-01,warranty,true,[],dg_township,dg_apartment_2025.xlsx,2026-04-26 02:28:53.629239,3,45 OAK CREEK CT BURR RIDGE IL 60527,
dupage,1001308021,2024-05-07,525000.0,DGT-1001308021-2024-05-07,warranty,true,[],dg_township,dg_apartment_2025.xlsx,2026-04-26 02:28:53.62926,3,46 OAK CREEK DR BURR RIDGE IL 60527,
dupage,1001308023,2018-11-01,460000.0,DGT-1001308023-2018-11-01,warranty,true,[],dg_township,dg_apartment_2025.xlsx,2026-04-26 02:28:53.6293,2,48 OAK CREEK DR BURR RIDGE IL 60527,
dupage,1001308025,2021-06-01,390000.0,DGT-1001308025-2021-06-01,warranty,true,[],dg_township,dg_apartment_2025.xlsx,2026-04-26 02:28:53.629338,3,50 OAK CREEK DR BURR RIDGE IL 60527,
dupage,1001308026,2022-01-01,490000.0,DGT-1001308026-2022-01-01,warranty,true,[],dg_township,dg_apartment_2025.xlsx,2026-04-26 02:28:53.62936,3,51 OAK CREEK DR BURR RIDGE IL 60527,
dupage,1001308027,2020-08-01,378500.0,DGT-1001308027-2020-08-01,warranty,true,[],dg_township,dg_apartment_2025.xlsx,2026-04-26 02:28:53.62938,2,52 OAK CREEK DR BURR RIDGE IL 60527,
dupage,1001308028,2020-07-01,442500.0,DGT-1001308028-2020-07-01,warranty,true,[],dg_township,dg_apartment_2025.xlsx,2026-04-26 02:28:53.629401,2,53 OAK CREEK DR BURR RIDGE IL 60527,
dupage,1001308033,2021-11-01,575000.0,DGT-1001308033-2021-11-01,warranty,true,[],dg_township,dg_apartment_2025.xlsx,2026-04-26 02:28:53.629492,3,58 MALIBU CT BURR RIDGE IL 60527,
dupage,1001308036,2022-09-01,735000.0,DGT-1001308036-2022-09-01,warranty,true,[],dg_township,dg_apartment_2025.xlsx,2026-04-26 02:28:53.62955,3,61 MALIBU CT BURR RIDGE IL 60527,
dupage,1001308037,2022-06-17,555000.0,DGT-1001308037-2022-06-17,warranty,true,[],dg_township,dg_apartment_2025.xlsx,2026-04-26 02:28:53.62957,3,62 MALIBU CT BURR RIDGE IL 60527,
dupage,1001308038,2025-01-01,700000.0,DGT-1001308038-2025-01-01,warranty,true,[],dg_township,dg_apartment_2025.xlsx,2026-04-26 02:28:53.629591,3,63 MALIBU CT BURR RIDGE IL 60527,
dupage,1001308039,2024-05-10,699000.0,DGT-1001308039-2024-05-10,warranty,true,[],dg_township,dg_apartment_2025.xlsx,2026-04-26 02:28:53.629612,3,34 PIN OAK CT BURR RIDGE IL 60527,
dupage,1001308042,2016-10-01,475000.0,DGT-1001308042-2016-10-01,warranty,true,[],dg_township,dg_apartment_2025.xlsx,2026-04-26 02:28:53.629667,2,31 PIN OAK CT BURR RIDGE IL 60527,
dupage,1001406002,2020-12-01,412000.0,DGT-1001406002-2020-12-01,warranty,true,[],dg_township,dg_apartment_2025.xlsx,2026-04-26 02:28:53.629707,2,1 BEL AIRE CT BURR RIDGE IL 60527,
dupage,1001406003,2016-05-01,507000.0,DGT-1001406003-2016-05-01,warranty,true,[],dg_township,dg_apartment_2025.xlsx,2026-04-26 02:28:53.629727,2,14 LAUREL OAK CT BURR RIDGE IL 60527,
dupage,1001406005,2025-03-11,535000.0,DGT-1001406005-2025-03-11,warranty,true,[],dg_township,dg_apartment_2025.xlsx,2026-04-26 02:28:53.629766,3,12 LAUREL OAK CT BURR RIDGE IL 60527,
dupage,1001406009,2024-05-13,550000.0,DGT-1001406009-2024-05-13,warranty,true,[],dg_township,dg_apartment_2025.xlsx,2026-04-26 02:28:53.629842,3,18 LAUREL OAK CT BURR RIDGE IL 60527,
dupage,1001406011,2022-01-01,460000.0,DGT-1001406011-2022-01-01,warranty,true,[],dg_township,dg_apartment_2025.xlsx,2026-04-26 02:28:53.629881,3,29 PIN OAK CT BURR RIDGE IL 60527,
dupage,1001406012,2021-12-01,200000.0,DGT-1001406012-2021-12-01,warranty,true,[],dg_township,dg_apartment_2025.xlsx,2026-04-26 02:28:53.629902,3,28 PIN OAK CT BURR RIDGE IL 60527,
dupage,1001406014,2017-04-01,505000.0,DGT-1001406014-2017-04-01,warranty,true,[],dg_township,dg_apartment_2025.xlsx,2026-04-26 02:28:53.62994,2,20 RODEO DR BURR RIDGE IL 60521,
dupage,1001406015,2024-03-12,605000.0,DGT-1001406015-2024-03-12,warranty,true,[],dg_township,dg_apartment_2025.xlsx,2026-04-26 02:28:53.629961,3,21 RODEO DR BURR RIDGE IL 60527,
dupage,1001406016,2021-06-01,475000.0,DGT-1001406016-2021-06-01,warranty,true,[],dg_township,dg_apartment_2025.xlsx,2026-04-26 02:28:53.629981,3,22 RODEO DR BURR RIDGE IL 60527,
dupage,1001406017,2016-12-01,425000.0,DGT-1001406017-2016-12-01,warranty,true,[],dg_township,dg_apartment_2025.xlsx,2026-04-26 02:28:53.630002,2,23 RODEO DR BURR RIDGE IL 60527,
dupage,1001406018,2022-08-04,460000.0,DGT-1001406018-2022-08-04,warranty,true,[],dg_township,dg_apartment_2025.xlsx,2026-04-26 02:28:53.630022,3,24 RODEO DR BURR RIDGE IL 60527,
dupage,1001406021,2016-01-01,465000.0,DGT-1001406021-2016-01-01,warranty,true,[],dg_township,dg_apartment_2025.xlsx,2026-04-26 02:28:53.630078,2,27 RODEO DR BURR RIDGE IL 60527,
dupage,0913300009,2016-06-28,1050000.0,DPSOA-64822,warranty,true,[],dupage_soa,https://propertylookup.dupagecounty.gov/datalets/datalet.aspx,2026-04-26 02:34:54.098524,2,6100 S MADISON ST BURR RIDGE IL 60527,
dupage,0913300032,2024-11-06,674500.0,DPSOA-24066421,warranty,true,[],dupage_soa,https://propertylookup.dupagecounty.gov/datalets/datalet.aspx,2026-04-26 02:35:28.336533,3,6006 S GRANT ST BURR RIDGE IL 60527,
dupage,0913300054,2024-08-06,925000.0,DPSOA-24045048,warranty,true,[],dupage_soa,https://propertylookup.dupagecounty.gov/datalets/datalet.aspx,2026-04-26 02:35:54.817037,3,2 NORRIS DR BURR RIDGE IL 60527,
dupage,0913300061,2016-02-25,725000.0,DPSOA-17931,warranty,true,[],dupage_soa,https://propertylookup.dupagecounty.gov/datalets/datalet.aspx,2026-04-26 02:36:09.806449,2,7 NORRIS DR BURR RIDGE IL 60527,
dupage,0913300064,2022-05-23,905000.0,DPSOA-50462,warranty,true,[],dupage_soa,https://propertylookup.dupagecounty.gov/datalets/datalet.aspx,2026-04-26 02:36:18.31031,3,12 NORRIS DR BURR RIDGE IL 60527,
dupage,0913300078,2016-08-02,1230000.0,DPSOA-79971,warranty,true,[],dupage_soa,https://propertylookup.dupagecounty.gov/datalets/datalet.aspx,2026-04-26 02:36:26.422198,2,6040 S GRANT ST BURR RIDGE IL 60527,
dupage,0913300081,2018-08-27,450000.0,DPSOA-80612,warranty,true,[],dupage_soa,https://propertylookup.dupagecounty.gov/datalets/datalet.aspx,2026-04-26 02:36:29.188336,2,6059 S MADISON ST BURR RIDGE IL 60527,
dupage,0913300082,2016-06-28,225000.0,DPSOA-64823,warranty,true,[],dupage_soa,https://propertylookup.dupagecounty.gov/datalets/datalet.aspx,2026-04-26 02:36:31.914092,2,6059 MADISON ST WILLOWBROOK IL 60527,
dupage,0913300087,2017-05-17,970000.0,DPSOA-48178,warranty,true,[],dupage_soa,https://propertylookup.dupagecounty.gov/datalets/datalet.aspx,2026-04-26 02:36:42.909034,2,224 W 59TH ST BURR RIDGE IL 60527,
dupage,0913301002,2018-04-09,1075000.0,DPSOA-30331,warranty,true,[],dupage_soa,https://propertylookup.dupagecounty.gov/datalets/datalet.aspx,2026-04-26 02:37:21.981344,2,134 W 59TH ST BURR RIDGE IL 60527,
dupage,0913301003,2022-02-08,1250000.0,DPSOA-14456,warranty,true,[],dupage_soa,https://propertylookup.dupagecounty.gov/datalets/datalet.aspx,2026-04-26 02:37:24.8001,3,128 W 59TH ST BURR RIDGE IL 60527,
dupage,0913301027,2017-07-26,1850000.0,DPSOA-75405,warranty,true,[],dupage_soa,https://propertylookup.dupagecounty.gov/datalets/datalet.aspx,2026-04-26 02:37:47.433319,2,6005 S GRANT ST BURR RIDGE IL 60527,
dupage,0913301033,2019-07-17,953000.0,DPSOA-59029,warranty,true,[],dupage_soa,https://propertylookup.dupagecounty.gov/datalets/datalet.aspx,2026-04-26 02:38:01.285379,2,439 60TH PL BURR RIDGE IL 60527,
dupage,0913301035,2023-06-12,1490000.0,DPSOA-23036254,warranty,true,[],dupage_soa,https://propertylookup.dupagecounty.gov/datalets/datalet.aspx,2026-04-26 02:38:07.196051,3,479 60TH PL BURR RIDGE IL 60521,
dupage,0913301036,2016-09-12,950000.0,DPSOA-97949,warranty,true,[],dupage_soa,https://propertylookup.dupagecounty.gov/datalets/datalet.aspx,2026-04-26 02:38:09.980128,2,499 60TH PL BURR RIDGE IL 60527,
dupage,0913301038,2019-10-24,845000.0,DPSOA-97451,warranty,true,[],dupage_soa,https://propertylookup.dupagecounty.gov/datalets/datalet.aspx,2026-04-26 02:39:08.340085,2,529 60TH PL BURR RIDGE IL 60527,
dupage,0913301040,2024-06-18,1200000.0,DPSOA-24033784,warranty,true,[],dupage_soa,https://propertylookup.dupagecounty.gov/datalets/datalet.aspx,2026-04-26 02:40:46.891303,3,549 60TH PL BURR RIDGE IL 60521,
dupage,0913301041,2022-05-23,959000.0,DPSOA-50598,warranty,true,[],dupage_soa,https://propertylookup.dupagecounty.gov/datalets/datalet.aspx,2026-04-26 02:41:56.100737,3,567 60TH PL BURR RIDGE IL 60527,
dupage,0913301043,2013-07-30,839000.0,DPSOA-109730,warranty,true,[],dupage_soa,https://propertylookup.dupagecounty.gov/datalets/datalet.aspx,2026-04-26 02:42:01.809718,2,577 60TH PL BURR RIDGE IL 60521,
dupage,0913302009,2014-09-04,1275000.0,DPSOA-80372,warranty,true,[],dupage_soa,https://propertylookup.dupagecounty.gov/datalets/datalet.aspx,2026-04-26 02:42:49.436765,2,6110 S GARFIELD AVE BURR RIDGE IL 60527,
dupage,0913302012,2020-08-21,415000.0,DPSOA-92889,warranty,true,[],dupage_soa,https://propertylookup.dupagecounty.gov/datalets/datalet.aspx,2026-04-26 02:42:58.084998,2,460 60TH PL BURR RIDGE IL 60527,
dupage,0913302014,2020-08-19,865000.0,DPSOA-91149,warranty,true,[],dupage_soa,https://propertylookup.dupagecounty.gov/datalets/datalet.aspx,2026-04-26 02:43:04.104031,2,500 W 60TH PL BURR RIDGE IL 60521,
dupage,0913302021,2020-07-10,820000.0,DPSOA-72760,warranty,true,[],dupage_soa,https://propertylookup.dupagecounty.gov/datalets/datalet.aspx,2026-04-26 02:43:25.584288,2,6109 WOODCREEK DR BURR RIDGE IL 60527,
dupage,0913302024,2023-08-08,1090000.0,DPSOA-23050116,warranty,true,[],dupage_soa,https://propertylookup.dupagecounty.gov/datalets/datalet.aspx,2026-04-26 02:43:34.085854,3,6121 WOODCREEK DR BURR RIDGE IL 60521,
dupage,0913302027,2021-01-29,1180000.0,DPSOA-15551,warranty,true,[],dupage_soa,https://propertylookup.dupagecounty.gov/datalets/datalet.aspx,2026-04-26 02:43:42.937544,3,3 RIDGE FARM RD BURR RIDGE IL 60527,
dupage,0913302029,2022-12-14,1055000.0,DPSOA-22107916,warranty,true,[],dupage_soa,https://propertylookup.dupagecounty.gov/datalets/datalet.aspx,2026-04-26 02:43:48.717038,3,7 RIDGE FARM RD BURR RIDGE IL 60527,
dupage,0913302030,2022-02-16,1160000.0,DPSOA-17543,warranty,true,[],dupage_soa,https://propertylookup.dupagecounty.gov/datalets/datalet.aspx,2026-04-26 02:43:51.712891,3,9 RIDGE FARM RD BURR RIDGE IL 60527,
dupage,0913302031,2023-06-05,1300000.0,DPSOA-23034236,warranty,true,[],dupage_soa,https://propertylookup.dupagecounty.gov/datalets/datalet.aspx,2026-04-26 02:43:54.635811,3,11 RIDGE FARM RD BURR RIDGE IL 60527,
dupage,0913302032,2021-11-03,1250000.0,DPSOA-161243,warranty,true,[],dupage_soa,https://propertylookup.dupagecounty.gov/datalets/datalet.aspx,2026-04-26 02:43:57.528637,3,15 RIDGE FARM RD BURR RIDGE IL 60527,
dupage,0913302033,2014-04-30,1250000.0,DPSOA-36013,warranty,true,[],dupage_soa,https://propertylookup.dupagecounty.gov/datalets/datalet.aspx,2026-04-26 02:44:00.54524,2,17 RIDGE FARM RD BURR RIDGE IL 60521,
dupage,0913302038,2017-05-23,1000000.0,DPSOA-50354,warranty,true,[],dupage_soa,https://propertylookup.dupagecounty.gov/datalets/datalet.aspx,2026-04-26 02:44:14.417603,2,2 RIDGE FARM RD BURR RIDGE IL 60527,
dupage,0913302043,2017-07-03,1955000.0,DPSOA-66411,warranty,true,[],dupage_soa,https://propertylookup.dupagecounty.gov/datalets/datalet.aspx,2026-04-26 02:44:20.045536,2,480 W 62ND ST WILLOWBROOK IL 60527,
dupage,0913303010,2017-05-02,385000.0,DPSOA-42169,warranty,true,[],dupage_soa,https://propertylookup.dupagecounty.gov/datalets/datalet.aspx,2026-04-26 02:44:51.109255,2,6230 GARFIELD AVE BURR RIDGE IL 60527,
dupage,0913303011,2020-04-30,475000.0,DPSOA-42550,warranty,true,[],dupage_soa,https://propertylookup.dupagecounty.gov/datalets/datalet.aspx,2026-04-26 02:44:54.073317,2,6S740 GARFIELD AVE BURR RIDGE IL 60527,
dupage,0913303016,2017-11-27,335000.0,DPSOA-121271,warranty,true,[],dupage_soa,https://propertylookup.dupagecounty.gov/datalets/datalet.aspx,2026-04-26 02:46:46.159191,2,15W522 63RD ST BURR RIDGE IL 60521,
dupage,0913303019,2016-03-28,1285000.0,DPSOA-28913,warranty,true,[],dupage_soa,https://propertylookup.dupagecounty.gov/datalets/datalet.aspx,2026-04-26 02:47:34.807853,2,15W556 63RD ST BURR RIDGE IL 60527,
dupage,0913303028,2019-07-29,485000.0,DPSOA-62824,warranty,true,[],dupage_soa,https://propertylookup.dupagecounty.gov/datalets/datalet.aspx,2026-04-26 02:47:50.748195,2,6200 GARFIELD AVE BURR RIDGE IL 60527,
dupage,0913306011,2018-12-12,1120000.0,DPSOA-114205,warranty,true,[],dupage_soa,https://propertylookup.dupagecounty.gov/datalets/datalet.aspx,2026-04-26 02:48:26.622221,2,6101 KELLER DR BURR RIDGE IL 60521,
dupage,0913306013,2021-08-18,596000.0,DPSOA-124574,warranty,true,[],dupage_soa,https://propertylookup.dupagecounty.gov/datalets/datalet.aspx,2026-04-26 02:48:32.223192,3,6061 KELLER DR BURR RIDGE IL 60527,
dupage,0913307007,2022-03-22,770000.0,DPSOA-29450,warranty,true,[],dupage_soa,https://propertylookup.dupagecounty.gov/datalets/datalet.aspx,2026-04-26 02:48:48.497019,3,6066 KELLER DR BURR RIDGE IL 60527,
dupage,0913307008,2021-09-13,1150000.0,DPSOA-136338,warranty,true,[],dupage_soa,https://propertylookup.dupagecounty.gov/datalets/datalet.aspx,2026-04-26 02:48:51.152487,3,6100 GRANT ST BURR RIDGE IL 60527,
dupage,0913308006,2016-07-21,1285000.0,DPSOA-75016,warranty,true,[],dupage_soa,https://propertylookup.dupagecounty.gov/datalets/datalet.aspx,2026-04-26 02:49:04.107741,2,11 CLUBSIDE CT BURR RIDGE IL 60527,
dupage,0913308009,2014-08-15,1260000.0,DPSOA-73542,warranty,true,[],dupage_soa,https://propertylookup.dupagecounty.gov/datalets/datalet.aspx,2026-04-26 02:49:13.752021,2,6 CLUBSIDE CT BURR RIDGE IL 60527,
dupage,0913308016,2013-07-01,1355000.0,DPSOA-94746,warranty,true,[],dupage_soa,https://propertylookup.dupagecounty.gov/datalets/datalet.aspx,2026-04-26 02:49:32.992845,2,9 ANDREW CT BURR RIDGE IL 60521,
dupage,0913308020,2016-09-22,1180000.0,DPSOA-102619,warranty,true,[],dupage_soa,https://propertylookup.dupagecounty.gov/datalets/datalet.aspx,2026-04-26 02:49:40.910073,2,8 ANDREW CT BURR RIDGE IL 60527,
dupage,0913400031,2013-07-05,1075000.0,DPSOA-97483,warranty,true,[],dupage_soa,https://propertylookup.dupagecounty.gov/datalets/datalet.aspx,2026-04-26 02:52:52.339106,2,15W302 60TH ST BURR RIDGE IL 60521,
dupage,0913401006,2014-01-16,1415000.0,DPSOA-4892,warranty,true,[],dupage_soa,https://propertylookup.dupagecounty.gov/datalets/datalet.aspx,2026-04-26 02:53:06.532013,2,6055 S GARFIELD AVE BURR RIDGE IL 60521,
dupage,0913401015,2022-06-08,1300000.0,DPSOA-55310,warranty,true,[],dupage_soa,https://propertylookup.dupagecounty.gov/datalets/datalet.aspx,2026-04-26 02:53:22.575643,3,6000 SEDGLEY CT BURR RIDGE IL 60527,
dupage,0913401026,2020-08-13,1010000.0,DPSOA-88742,warranty,true,[],dupage_soa,https://propertylookup.dupagecounty.gov/datalets/datalet.aspx,2026-04-26 02:53:50.385294,2,6115 S PARK AVE BURR RIDGE IL 60527,
dupage,0913403003,2021-08-04,1249000.0,DPSOA-117814,warranty,true,[],dupage_soa,https://propertylookup.dupagecounty.gov/datalets/datalet.aspx,2026-04-26 02:54:19.880264,3,6150 S PARK AVE BURR RIDGE IL 60527,
dupage,0913403004,2019-04-08,3000000.0,DPSOA-25273,warranty,true,[],dupage_soa,https://propertylookup.dupagecounty.gov/datalets/datalet.aspx,2026-04-26 02:54:22.723521,2,6130 S ELM ST BURR RIDGE IL 60527,
dupage,0913404011,2019-09-30,913000.0,DPSOA-87124,warranty,true,[],dupage_soa,https://propertylookup.dupagecounty.gov/datalets/datalet.aspx,2026-04-26 02:55:22.27332,2,6205 GARFIELD AVE BURR RIDGE IL 60527,
dupage,0913404015,2016-06-30,1030000.0,DPSOA-66440,warranty,true,[],dupage_soa,https://propertylookup.dupagecounty.gov/datalets/datalet.aspx,2026-04-26 02:55:33.85273,2,6200 COVE CREEK CT BURR RIDGE IL 60527,
dupage,0913404021,2022-05-02,1400000.0,DPSOA-43866,warranty,true,[],dupage_soa,https://propertylookup.dupagecounty.gov/datalets/datalet.aspx,2026-04-26 02:55:42.475814,3,6210 COVE CREEK CT BURR RIDGE IL 60527,
dupage,0913404024,2018-09-11,815000.0,DPSOA-85623,warranty,true,[],dupage_soa,https://propertylookup.dupagecounty.gov/datalets/datalet.aspx,2026-04-26 02:56:28.399487,2,6211 COVE CREEK CT BURR RIDGE IL 60527,
dupage,0913404026,2016-01-26,1415000.0,DPSOA-8040,warranty,true,[],dupage_soa,https://propertylookup.dupagecounty.gov/datalets/datalet.aspx,2026-04-26 02:58:03.115562,2,6231 COVE CREEK CT BURR RIDGE IL 60527,
dupage,0913404027,2022-07-15,1725000.0,DPSOA-22067656,warranty,true,[],dupage_soa,https://propertylookup.dupagecounty.gov/datalets/datalet.aspx,2026-04-26 02:58:28.561369,3,6200 COVE CREEK CT BURR RIDGE IL 60527,
dupage,0913404034,2018-08-24,1750000.0,DPSOA-79961,warranty,true,[],dupage_soa,https://propertylookup.dupagecounty.gov/datalets/datalet.aspx,2026-04-26 02:58:36.21318,2,6273 GARFIELD AVE BURR RIDGE IL 60527,
dupage,0913405003,2019-08-26,3550000.0,DPSOA-73596,warranty,true,[],dupage_soa,https://propertylookup.dupagecounty.gov/datalets/datalet.aspx,2026-04-26 02:58:49.898618,2,15W170 60TH ST BURR RIDGE IL 60527,
dupage,0913405004,2024-08-07,3250000.0,DPSOA-24045333,warranty,true,[],dupage_soa,https://propertylookup.dupagecounty.gov/datalets/datalet.aspx,2026-04-26 02:58:53.11112,3,15W154 60TH ST BURR RIDGE IL 60527,
dupage,0913406002,2021-04-28,3650000.0,DPSOA-66608,warranty,true,[],dupage_soa,https://propertylookup.dupagecounty.gov/datalets/datalet.aspx,2026-04-26 02:59:13.277478,3,15W151 60TH ST BURR RIDGE IL 60527,
dupage,0913406011,2018-06-22,752500.0,DPSOA-57141,warranty,true,[],dupage_soa,https://propertylookup.dupagecounty.gov/datalets/datalet.aspx,2026-04-26 02:59:23.559308,2,13 WOODGATE DR BURR RIDGE IL 60527,
dupage,0913406016,2022-08-05,1465000.0,DPSOA-22073839,warranty,true,[],dupage_soa,https://propertylookup.dupagecounty.gov/datalets/datalet.aspx,2026-04-26 02:59:41.974158,3,6009 S ELM ST BURR RIDGE IL 60527,
dupage,0913406027,2018-09-07,1640000.0,DPSOA-84087,warranty,true,[],dupage_soa,https://propertylookup.dupagecounty.gov/datalets/datalet.aspx,2026-04-26 02:59:51.367777,2,6112 S COUNTY LINE RD BURR RIDGE IL 60527,
dupage,0913407009,2015-08-06,1050000.0,DPSOA-86744,warranty,true,[],dupage_soa,https://propertylookup.dupagecounty.gov/datalets/datalet.aspx,2026-04-26 03:00:10.942469,2,14 WOODGATE DR BURR RIDGE IL 60527,
dupage,0913407010,2023-09-01,1260000.0,DPSOA-23056648,warranty,true,[],dupage_soa,https://propertylookup.dupagecounty.gov/datalets/datalet.aspx,2026-04-26 03:00:14.222417,3,10 WOODGATE DR BURR RIDGE IL 60527,
dupage,0913407011,2014-06-27,900000.0,DPSOA-55697,warranty,true,[],dupage_soa,https://propertylookup.dupagecounty.gov/datalets/datalet.aspx,2026-04-26 03:00:17.704424,2,6 WOODGATE DR BURR RIDGE IL 60527,
dupage,0913407013,2019-06-28,1325000.0,DPSOA-52294,warranty,true,[],dupage_soa,https://propertylookup.dupagecounty.gov/datalets/datalet.aspx,2026-04-26 03:00:23.898037,2,603 BURR RIDGE CLB BURR RIDGE IL 60527,
dupage,0913407019,2019-07-16,1315000.0,DPSOA-57847,warranty,true,[],dupage_soa,https://propertylookup.dupagecounty.gov/datalets/datalet.aspx,2026-04-26 03:00:43.128592,2,502 BURR RIDGE CLUB BURR RIDGE IL 60527,
dupage,0913407028,2021-02-05,1224500.0,DPSOA-20219,warranty,true,[],dupage_soa,https://propertylookup.dupagecounty.gov/datalets/datalet.aspx,2026-04-26 03:01:08.005656,3,203 BURR RIDGE CLB BURR RIDGE IL 60527,
dupage,0913407032,2017-09-11,1030000.0,DPSOA-93518,warranty,true,[],dupage_soa,https://propertylookup.dupagecounty.gov/datalets/datalet.aspx,2026-04-26 03:01:11.151658,2,606 BURR RIDGE CLB BURR RIDGE IL 60527,
dupage,0913408008,2014-12-04,900000.0,DPSOA-113679,warranty,true,[],dupage_soa,https://propertylookup.dupagecounty.gov/datalets/datalet.aspx,2026-04-26 03:01:30.45335,2,801 BURR RIDGE CLUB BURR RIDGE IL 60527,
dupage,0913408020,2016-05-24,1000000.0,DPSOA-50779,warranty,true,[],dupage_soa,https://propertylookup.dupagecounty.gov/datalets/datalet.aspx,2026-04-26 03:02:05.038181,2,401 BURR RIDGE CLUB BURR RIDGE IL 60527,
dupage,0913408031,2016-11-08,1119000.0,DPSOA-123794,warranty,true,[],dupage_soa,https://propertylookup.dupagecounty.gov/datalets/datalet.aspx,2026-04-26 03:02:26.912966,2,303 BURR RIDGE CLUB BURR RIDGE IL 60527,
dupage,0913408032,2023-11-13,1625000.0,DPSOA-23072589,warranty,true,[],dupage_soa,https://propertylookup.dupagecounty.gov/datalets/datalet.aspx,2026-04-26 03:02:29.71665,3,104 BURR RIDGE CLUB BURR RIDGE IL 60527,
dupage,0913408034,2015-02-19,685000.0,DPSOA-15787,warranty,true,[],dupage_soa,https://propertylookup.dupagecounty.gov/datalets/datalet.aspx,2026-04-26 03:02:35.191159,2,102 BURR RIDGE CLUB BURR RIDGE IL 60527,
dupage,0913408038,2023-09-15,1772500.0,DPSOA-23059850,warranty,true,[],dupage_soa,https://propertylookup.dupagecounty.gov/datalets/datalet.aspx,2026-04-26 03:02:46.395863,3,1202 BURR RIDGE CLUB BURR RIDGE IL 60527,
dupage,0913408048,2013-01-15,750000.0,DPSOA-7471,warranty,true,[],dupage_soa,https://propertylookup.dupagecounty.gov/datalets/datalet.aspx,2026-04-26 03:03:12.514891,2,1501 BURR RIDGE CLUB BURR RIDGE IL 60527,
dupage,0913409006,2017-07-18,850000.0,DPSOA-72269,warranty,true,[],dupage_soa,https://propertylookup.dupagecounty.gov/datalets/datalet.aspx,2026-04-26 03:03:27.610861,2,1102 BURR RIDGE CLB BURR RIDGE IL 60527,
dupage,0924200033,2015-04-14,275000.0,DPSOA-38426,warranty,true,[],dupage_soa,https://propertylookup.dupagecounty.gov/datalets/datalet.aspx,2026-04-26 03:04:29.296525,2,15W260 PLAINFIELD RD BURR RIDGE IL 60527,
dupage,0924200034,2017-07-24,402500.0,DPSOA-74067,warranty,true,[],dupage_soa,https://propertylookup.dupagecounty.gov/datalets/datalet.aspx,2026-04-26 03:04:35.384728,2,15W250 PLAINFIELD RD BURR RIDGE IL 60527,
dupage,0924200035,2023-03-21,715000.0,DPSOA-23017130,warranty,true,[],dupage_soa,https://propertylookup.dupagecounty.gov/datalets/datalet.aspx,2026-04-26 03:04:58.444545,3,15W232 PLAINFIELD RD BURR RIDGE IL 60527,
dupage,0924200042,2020-09-16,892000.0,DPSOA-104527,warranty,true,[],dupage_soa,https://propertylookup.dupagecounty.gov/datalets/datalet.aspx,2026-04-26 03:07:10.555799,2,5 PEPPERMILL CT BURR RIDGE IL 60527,
dupage,0924200105,2023-05-17,690220.0,DPSOA-23030301,warranty,true,[],dupage_soa,https://propertylookup.dupagecounty.gov/datalets/datalet.aspx,2026-04-26 03:07:52.637973,3,6520 S ELM ST BURR RIDGE IL 60527,
dupage,0924200108,2017-09-19,1675000.0,DPSOA-96575,warranty,true,[],dupage_soa,https://propertylookup.dupagecounty.gov/datalets/datalet.aspx,2026-04-26 03:08:02.159977,2,280 DARTMOUTH CT BURR RIDGE IL 60527,
dupage,0924201009,2023-01-18,1678725.0,DPSOA-23003642,warranty,true,[],dupage_soa,https://propertylookup.dupagecounty.gov/datalets/datalet.aspx,2026-04-26 03:08:45.282103,3,6501 S ELM ST BURR RIDGE IL 60527,
dupage,0924201025,2021-02-12,1500000.0,DPSOA-23893,warranty,true,[],dupage_soa,https://propertylookup.dupagecounty.gov/datalets/datalet.aspx,2026-04-26 03:09:14.869289,3,86 S CABERNET CT BURR RIDGE IL 60527,
dupage,0924201028,2024-07-12,5075000.0,DPSOA-24039367,warranty,true,[],dupage_soa,https://propertylookup.dupagecounty.gov/datalets/datalet.aspx,2026-04-26 03:09:26.925958,3,65 S CABERNET CT BURR RIDGE IL 60527,
dupage,0924201029,2024-05-15,1025000.0,DPSOA-24026739,warranty,true,[],dupage_soa,https://propertylookup.dupagecounty.gov/datalets/datalet.aspx,2026-04-26 03:09:30.379995,3,53 S CABERNET CT BURR RIDGE IL 60527,
dupage,0924201030,2019-06-17,750000.0,DPSOA-48049,warranty,true,[],dupage_soa,https://propertylookup.dupagecounty.gov/datalets/datalet.aspx,2026-04-26 03:09:33.423819,2,41 S CABERNET CT BURR RIDGE IL 60527,
dupage,0924203002,2018-11-28,890000.0,DPSOA-109930,warranty,true,[],dupage_soa,https://propertylookup.dupagecounty.gov/datalets/datalet.aspx,2026-04-26 03:09:47.03932,2,6739 FIELDSTONE DR BURR RIDGE IL 60527,
dupage,0924203003,2019-07-10,892500.0,DPSOA-56195,warranty,true,[],dupage_soa,https://propertylookup.dupagecounty.gov/datalets/datalet.aspx,2026-04-26 03:09:50.445475,2,6735 FIELDSTONE DR BURR RIDGE IL 60527,
dupage,0924203010,2024-07-16,1325000.0,DPSOA-24040232,warranty,true,[],dupage_soa,https://propertylookup.dupagecounty.gov/datalets/datalet.aspx,2026-04-26 03:10:16.16439,3,6705 FIELDSTONE DR BURR RIDGE IL 60521,
dupage,0924203015,2024-08-12,1500000.0,DPSOA-24046023,warranty,true,[],dupage_soa,https://propertylookup.dupagecounty.gov/datalets/datalet.aspx,2026-04-26 03:10:30.79596,3,6726 FIELDSTONE DR BURR RIDGE IL 60527,
dupage,0924204003,2019-01-23,900000.0,DPSOA-5249,warranty,true,[],dupage_soa,https://propertylookup.dupagecounty.gov/datalets/datalet.aspx,2026-04-26 03:10:43.163346,2,6964 FIELDSTONE DR BURR RIDGE IL 60527,
dupage,0924204005,2023-02-13,1150000.0,DPSOA-23008605,warranty,true,[],dupage_soa,https://propertylookup.dupagecounty.gov/datalets/datalet.aspx,2026-04-26 03:10:48.981786,3,6972 FIELDSTONE DR BURR RIDGE IL 60527,
dupage,0924205001,2017-01-20,521250.0,DPSOA-7441,warranty,true,[],dupage_soa,https://propertylookup.dupagecounty.gov/datalets/datalet.aspx,2026-04-26 03:10:56.015075,2,6977 FIELDSTONE DR BURR RIDGE IL 60527,
dupage,0924205004,2015-03-12,1010000.0,DPSOA-24364,warranty,true,[],dupage_soa,https://propertylookup.dupagecounty.gov/datalets/datalet.aspx,2026-04-26 03:11:07.263618,2,6959 FIELDSTONE DR BURR RIDGE IL 60527,
dupage,0924205005,2017-05-25,1150000.0,DPSOA-51355,warranty,true,[],dupage_soa,https://propertylookup.dupagecounty.gov/datalets/datalet.aspx,2026-04-26 03:11:10.733358,2,6951 FIELDSTONE DR BURR RIDGE IL 60527,
dupage,0924206004,2015-08-10,750000.0,DPSOA-88052,warranty,true,[],dupage_soa,https://propertylookup.dupagecounty.gov/datalets/datalet.aspx,2026-04-26 03:11:25.336879,2,103 KENMARE DR BURR RIDGE IL 60521,
dupage,0924206005,2017-03-03,620000.0,DPSOA-21524,warranty,true,[],dupage_soa,https://propertylookup.dupagecounty.gov/datalets/datalet.aspx,2026-04-26 03:11:28.601489,2,101 KENMARE DR BURR RIDGE IL 60521,
dupage,0924206006,2021-04-12,765000.0,DPSOA-57658,warranty,true,[],dupage_soa,https://propertylookup.dupagecounty.gov/datalets/datalet.aspx,2026-04-26 03:11:35.088444,3,302 KENMARE DR BURR RIDGE IL 60527,
dupage,0924206010,2013-06-06,805000.0,DPSOA-81998,warranty,true,[],dupage_soa,https://propertylookup.dupagecounty.gov/datalets/datalet.aspx,2026-04-26 03:11:49.693063,2,301 KENMARE DR BURR RIDGE IL 60527,
dupage,0924206011,2015-10-20,770000.0,DPSOA-115955,warranty,true,[],dupage_soa,https://propertylookup.dupagecounty.gov/datalets/datalet.aspx,2026-04-26 03:11:52.595207,2,502 KENMARE DR BURR RIDGE IL 60521,
dupage,0924206014,2020-06-29,680000.0,DPSOA-67340,warranty,true,[],dupage_soa,https://propertylookup.dupagecounty.gov/datalets/datalet.aspx,2026-04-26 03:12:02.770786,2,505 KENMARE DR BURR RIDGE IL 60527,
dupage,0924206015,2021-11-17,735000.0,DPSOA-167562,warranty,true,[],dupage_soa,https://propertylookup.dupagecounty.gov/datalets/datalet.aspx,2026-04-26 03:12:06.280036,3,503 KENMARE DR BURR RIDGE IL 60527,
dupage,0924206020,2018-08-14,890000.0,DPSOA-76180,warranty,true,[],dupage_soa,https://propertylookup.dupagecounty.gov/datalets/datalet.aspx,2026-04-26 03:12:21.9465,2,604 KENMARE DR BURR RIDGE IL 60521,
dupage,0924207020,2013-11-25,550000.0,DPSOA-159485,warranty,true,[],dupage_soa,https://propertylookup.dupagecounty.gov/datalets/datalet.aspx,2026-04-26 03:13:55.309123,2,806 KENMARE DR BURR RIDGE IL 60521,
dupage,0924209005,2021-08-16,1200000.0,DPSOA-123213,warranty,true,[],dupage_soa,https://propertylookup.dupagecounty.gov/datalets/datalet.aspx,2026-04-26 03:14:29.373186,3,1205 KENMARE DR BURR RIDGE IL 60527,
dupage,0924306012,2023-06-01,325000.0,DPSOA-23033763,warranty,true,[],dupage_soa,https://propertylookup.dupagecounty.gov/datalets/datalet.aspx,2026-04-26 03:16:14.784494,3,6790 FIELDSTONE DR BURR RIDGE IL 60527,
dupage,0924307007,2022-04-12,1137500.0,DPSOA-37067,warranty,true,[],dupage_soa,https://propertylookup.dupagecounty.gov/datalets/datalet.aspx,2026-04-26 03:16:40.775092,3,6755 FIELDSTONE DR BURR RIDGE IL 60527,
dupage,0924307010,2013-06-12,887500.0,DPSOA-85297,warranty,true,[],dupage_soa,https://propertylookup.dupagecounty.gov/datalets/datalet.aspx,2026-04-26 03:16:52.767184,2,6 MALLORY CT BURR RIDGE IL 60521,
dupage,0924309012,2014-06-26,1075000.0,DPSOA-55052,warranty,true,[],dupage_soa,https://propertylookup.dupagecounty.gov/datalets/datalet.aspx,2026-04-26 03:17:30.929685,2,7035 HIGH GROVE BLVD BURR RIDGE IL 60527,
dupage,0924401009,2020-07-30,1150000.0,DPSOA-81595,warranty,true,[],dupage_soa,https://propertylookup.dupagecounty.gov/datalets/datalet.aspx,2026-04-26 03:18:53.568064,2,6706 FIELDSTONE DR BURR RIDGE IL 60527,
dupage,0924401011,2019-09-11,835000.0,DPSOA-80231,warranty,true,[],dupage_soa,https://propertylookup.dupagecounty.gov/datalets/datalet.aspx,2026-04-26 03:19:04.213205,2,6807 FIELDSTONE DR BURR RIDGE IL 60527,
dupage,0924401013,2022-08-04,850000.0,DPSOA-22073577,warranty,true,[],dupage_soa,https://propertylookup.dupagecounty.gov/datalets/datalet.aspx,2026-04-26 03:19:13.763072,3,6817 FIELDSTONE DR BURR RIDGE IL 60521,
dupage,0924401016,2017-01-11,935000.0,DPSOA-3657,warranty,true,[],dupage_soa,https://propertylookup.dupagecounty.gov/datalets/datalet.aspx,2026-04-26 03:19:25.971793,2,6837 FIELDSTONE DR BURR RIDGE IL 60527,
dupage,0924401023,2021-06-08,845000.0,DPSOA-87690,warranty,true,[],dupage_soa,https://propertylookup.dupagecounty.gov/datalets/datalet.aspx,2026-04-26 03:19:52.813683,3,6869 FIELDSTONE DR BURR RIDGE IL 60527,
dupage,0924402001,2022-04-01,1275000.0,DPSOA-33718,warranty,true,[],dupage_soa,https://propertylookup.dupagecounty.gov/datalets/datalet.aspx,2026-04-26 03:20:54.398239,3,6935 FIELDSTONE DR BURR RIDGE IL 60527,
dupage,0924402003,2023-05-23,900000.0,DPSOA-23031540,warranty,true,[],dupage_soa,https://propertylookup.dupagecounty.gov/datalets/datalet.aspx,2026-04-26 03:21:00.733729,3,6983 FIELDSTONE DR BURR RIDGE IL 60527,
dupage,0924402013,2013-11-21,900000.0,DPSOA-158607,warranty,true,[],dupage_soa,https://propertylookup.dupagecounty.gov/datalets/datalet.aspx,2026-04-26 03:21:27.798415,2,6911 FIELDSTONE DR BURR RIDGE IL 60521,
dupage,0924405003,2014-12-22,668275.0,DPSOA-120632,warranty,true,[],dupage_soa,https://propertylookup.dupagecounty.gov/datalets/datalet.aspx,2026-04-26 03:21:48.87195,2,6802 FIELDSTONE DR BURR RIDGE IL 60527,
dupage,0924405005,2017-10-10,810000.0,DPSOA-104364,warranty,true,[],dupage_soa,https://propertylookup.dupagecounty.gov/datalets/datalet.aspx,2026-04-26 03:21:54.048155,2,6812 FIELDSTONE DR BURR RIDGE IL 60527,
dupage,0924405008,2015-06-23,600000.0,DPSOA-67623,warranty,true,[],dupage_soa,https://propertylookup.dupagecounty.gov/datalets/datalet.aspx,2026-04-26 03:22:01.995841,2,6826 FIELDSTONE DR BURR RIDGE IL 60527,
dupage,0924405010,2018-06-01,775000.0,DPSOA-48580,warranty,true,[],dupage_soa,https://propertylookup.dupagecounty.gov/datalets/datalet.aspx,2026-04-26 03:22:07.228869,2,6836 FIELDSTONE DR BURR RIDGE IL 60527,
dupage,0924405011,2020-02-28,725000.0,DPSOA-20410,warranty,true,[],dupage_soa,https://propertylookup.dupagecounty.gov/datalets/datalet.aspx,2026-04-26 03:22:09.888511,2,6842 FIELDSTONE DR BURR RIDGE IL 60527,
dupage,0924405013,2014-10-16,700000.0,DPSOA-97435,warranty,true,[],dupage_soa,https://propertylookup.dupagecounty.gov/datalets/datalet.aspx,2026-04-26 03:22:15.132478,2,6852 FIELDSTONE DR BURR RIDGE IL 60521,
dupage,0924405019,2024-12-17,815000.0,DPSOA-24075035,warranty,true,[],dupage_soa,https://propertylookup.dupagecounty.gov/datalets/datalet.aspx,2026-04-26 03:22:31.370951,3,6878 N FIELDSTONE DR BURR RIDGE IL 60527,
dupage,0924405025,2022-08-22,774000.0,DPSOA-22078653,warranty,true,[],dupage_soa,https://propertylookup.dupagecounty.gov/datalets/datalet.aspx,2026-04-26 03:22:47.267573,3,6902 FIELDSTONE DR BURR RIDGE IL 60527,
dupage,0924405026,2017-03-28,750000.0,DPSOA-29994,warranty,true,[],dupage_soa,https://propertylookup.dupagecounty.gov/datalets/datalet.aspx,2026-04-26 03:22:49.921551,2,6906 FIELDSTONE DR BURR RIDGE IL 60527,
dupage,0924405027,2020-06-02,688800.0,DPSOA-55535,warranty,true,[],dupage_soa,https://propertylookup.dupagecounty.gov/datalets/datalet.aspx,2026-04-26 03:22:52.690667,2,6912 FIELDSTONE DR BURR RIDGE IL 60521,
dupage,0924405031,2013-12-17,13700000.0,DPSOA-166119,warranty,true,[],dupage_soa,https://propertylookup.dupagecounty.gov/datalets/datalet.aspx,2026-04-26 03:23:00.82216,2,FRONTAGE RD BURR RIDGE IL 60527,
dupage,0924406006,2024-12-05,3400000.0,DPSOA-24072548,warranty,true,[],dupage_soa,https://propertylookup.dupagecounty.gov/datalets/datalet.aspx,2026-04-26 03:23:11.463117,3,7075 VETERANS BLVD BURR RIDGE IL 60527,
dupage,0924407005,2014-04-23,260000.0,DPSOA-33354,warranty,true,[],dupage_soa,https://propertylookup.dupagecounty.gov/datalets/datalet.aspx,2026-04-26 03:23:25.552166,2,"7045 VETERANS BLVD # A-3 BURR RIDGE IL 60527",
dupage,0924408001,2015-01-20,285000.0,DPSOA-5613,warranty,true,[],dupage_soa,https://propertylookup.dupagecounty.gov/datalets/datalet.aspx,2026-04-26 03:23:28.914085,2,"7055 VETERANS BLVD # A BURR RIDGE IL 60527",
dupage,0924408004,2022-06-16,470000.0,DPSOA-58019,warranty,true,[],dupage_soa,https://propertylookup.dupagecounty.gov/datalets/datalet.aspx,2026-04-26 03:23:37.657587,3,"7055 VETERANS BLVD # D BURR RIDGE IL 60527",
dupage,0925102026,2019-10-07,568000.0,DPSOA-90052,warranty,true,[],dupage_soa,https://propertylookup.dupagecounty.gov/datalets/datalet.aspx,2026-04-26 03:23:52.636281,2,15W734 74TH ST BURR RIDGE IL 60527,
dupage,0925104015,2024-10-04,300000.0,DPSOA-24058563,warranty,true,[],dupage_soa,https://propertylookup.dupagecounty.gov/datalets/datalet.aspx,2026-04-26 03:24:14.233837,3,15W715 74TH ST HINSDALE IL 60521,
dupage,0925107046,2019-03-06,85000.0,DPSOA-15937,warranty,true,[],dupage_soa,https://propertylookup.dupagecounty.gov/datalets/datalet.aspx,2026-04-26 03:24:42.203045,2,1 NORMANDEE CT WILLOWBROOK IL 60527,
dupage,0925107054,2022-10-31,1150000.0,DPSOA-22097637,warranty,true,[],dupage_soa,https://propertylookup.dupagecounty.gov/datalets/datalet.aspx,2026-04-26 03:24:49.073876,3,8S255 NORMANDEE CT BURR RIDGE IL 60527,
dupage,0925108043,2020-11-06,630000.0,DPSOA-131951,warranty,true,[],dupage_soa,https://propertylookup.dupagecounty.gov/datalets/datalet.aspx,2026-04-26 03:25:51.86738,2,15W636 75TH ST BURR RIDGE IL 60527,
dupage,0925111005,2018-04-24,381000.0,DPSOA-35528,warranty,true,[],dupage_soa,https://propertylookup.dupagecounty.gov/datalets/datalet.aspx,2026-04-26 03:28:27.70022,2,7310 CHESTNUT HILLS BURR RIDGE IL 60527,
dupage,0925111006,2023-11-21,454500.0,DPSOA-23074893,warranty,true,[],dupage_soa,https://propertylookup.dupagecounty.gov/datalets/datalet.aspx,2026-04-26 03:28:30.333463,3,7308 CHESTNUT HILLS BURR RIDGE IL 60527,
dupage,0925111012,2019-08-20,372000.0,DPSOA-71510,warranty,true,[],dupage_soa,https://propertylookup.dupagecounty.gov/datalets/datalet.aspx,2026-04-26 03:28:46.171028,2,7320 CHESTNUT HILLS BURR RIDGE IL 60527,
dupage,0925111015,2015-04-29,325000.0,DPSOA-44843,warranty,true,[],dupage_soa,https://propertylookup.dupagecounty.gov/datalets/datalet.aspx,2026-04-26 03:28:53.996621,2,7332 CHESTNUT HILLS BURR RIDGE IL 60527,
dupage,0925111018,2018-09-07,310000.0,DPSOA-84380,warranty,true,[],dupage_soa,https://propertylookup.dupagecounty.gov/datalets/datalet.aspx,2026-04-26 03:29:02.024998,2,7205 CHESTNUT HILLS BURR RIDGE IL 60521,
dupage,0925111020,2019-09-27,327500.0,DPSOA-86920,warranty,true,[],dupage_soa,https://propertylookup.dupagecounty.gov/datalets/datalet.aspx,2026-04-26 03:29:07.479958,2,7209 CHESTNUT HILLS BURR RIDGE IL 60527,
dupage,0925111021,2014-07-14,283000.0,DPSOA-61008,warranty,true,[],dupage_soa,https://propertylookup.dupagecounty.gov/datalets/datalet.aspx,2026-04-26 03:29:10.262427,2,101 CHESTNUT HILLS BURR RIDGE IL 60527,
dupage,0925111023,2019-05-24,410500.0,DPSOA-40410,warranty,true,[],dupage_soa,https://propertylookup.dupagecounty.gov/datalets/datalet.aspx,2026-04-26 03:29:15.77315,2,105 CHESTNUT HILLS BURR RIDGE IL 60527,
dupage,0925111025,2019-05-16,300000.0,DPSOA-37651,warranty,true,[],dupage_soa,https://propertylookup.dupagecounty.gov/datalets/datalet.aspx,2026-04-26 03:29:21.427169,2,7215 CHESTNUT HILLS BURR RIDGE IL 60527,
dupage,0925111029,2017-09-13,343000.0,DPSOA-94568,warranty,true,[],dupage_soa,https://propertylookup.dupagecounty.gov/datalets/datalet.aspx,2026-04-26 03:29:32.497696,2,109 CHESTNUT HILLS BURR RIDGE IL 60527,
dupage,0925111030,2020-06-09,339000.0,DPSOA-58926,warranty,true,[],dupage_soa,https://propertylookup.dupagecounty.gov/datalets/datalet.aspx,2026-04-26 03:29:35.210576,2,111 CHESTNUT HILL CR BURR RIDGE IL 60521,
dupage,0925111034,2015-11-24,355000.0,DPSOA-128828,warranty,true,[],dupage_soa,https://propertylookup.dupagecounty.gov/datalets/datalet.aspx,2026-04-26 03:29:45.879029,2,152 CHESTNUT HILLS BURR RIDGE IL 60527,
dupage,0925111038,2019-10-22,399000.0,DPSOA-96314,warranty,true,[],dupage_soa,https://propertylookup.dupagecounty.gov/datalets/datalet.aspx,2026-04-26 03:29:56.63164,2,119 CHESTNUT HILLS BURR RIDGE IL 60527,
dupage,0925111039,2022-05-19,415000.0,DPSOA-49495,warranty,true,[],dupage_soa,https://propertylookup.dupagecounty.gov/datalets/datalet.aspx,2026-04-26 03:29:59.424862,3,148 CHESTNUT HILLS BURR RIDGE IL 60527,
dupage,0925111041,2014-08-22,387000.0,DPSOA-76022,warranty,true,[],dupage_soa,https://propertylookup.dupagecounty.gov/datalets/datalet.aspx,2026-04-26 03:30:04.924743,2,144 CHESTNUT HILLS BURR RIDGE IL 60521,
dupage,0925111046,2019-06-20,395000.0,DPSOA-49597,warranty,true,[],dupage_soa,https://propertylookup.dupagecounty.gov/datalets/datalet.aspx,2026-04-26 03:30:18.197847,2,140 CHESTNUTHILL CIR BURR RIDGE IL 60527,
dupage,0925111048,2018-10-12,405000.0,DPSOA-96416,warranty,true,[],dupage_soa,https://propertylookup.dupagecounty.gov/datalets/datalet.aspx,2026-04-26 03:30:23.789021,2,136 CHESTNUT HILLS BURR RIDGE IL 60527,
dupage,0925111054,2020-05-01,360000.0,DPSOA-43285,warranty,true,[],dupage_soa,https://propertylookup.dupagecounty.gov/datalets/datalet.aspx,2026-04-26 03:30:39.67185,2,124 CHESTNUT HILLS BURR RIDGE IL 60527,
dupage,0925111056,2021-06-22,432000.0,DPSOA-95964,warranty,true,[],dupage_soa,https://propertylookup.dupagecounty.gov/datalets/datalet.aspx,2026-04-26 03:30:44.834065,3,120 CHESTNUT HILLS BURR RIDGE IL 60527,
dupage,0925111057,2017-08-07,345000.0,DPSOA-80107,warranty,true,[],dupage_soa,https://propertylookup.dupagecounty.gov/datalets/datalet.aspx,2026-04-26 03:30:47.520515,2,121 CHESTNUT HILL CR BURR RIDGE IL 60527,
dupage,0925111059,2019-04-12,332000.0,DPSOA-27225,warranty,true,[],dupage_soa,https://propertylookup.dupagecounty.gov/datalets/datalet.aspx,2026-04-26 03:30:52.76089,2,125 CHESTNUT HILL CR BURR RIDGE IL 60527,
dupage,0925111060,2015-08-06,310000.0,DPSOA-86663,warranty,true,[],dupage_soa,https://propertylookup.dupagecounty.gov/datalets/datalet.aspx,2026-04-26 03:30:55.461022,2,127 CHESTNUT HILL DR BURR RIDGE IL 60521,
dupage,0925111067,2023-02-13,385000.0,DPSOA-23008750,warranty,true,[],dupage_soa,https://propertylookup.dupagecounty.gov/datalets/datalet.aspx,2026-04-26 03:33:35.662274,3,135 CHESTNUT HILLS CIR BURR RIDGE IL 60527,
dupage,0925111068,2016-10-04,315000.0,DPSOA-108229,warranty,true,[],dupage_soa,https://propertylookup.dupagecounty.gov/datalets/datalet.aspx,2026-04-26 03:33:38.325144,2,112 CHESTNUT HILL CIR BURR RIDGE IL 60527,
dupage,0925201006,2024-09-09,1870000.0,DPSOA-24052661,warranty,true,[],dupage_soa,https://propertylookup.dupagecounty.gov/datalets/datalet.aspx,2026-04-26 03:34:25.165236,3,7210 GIDDINGS AVE BURR RIDGE IL 60527,
dupage,0925202001,2014-04-03,168000.0,DPSOA-27098,warranty,true,[],dupage_soa,https://propertylookup.dupagecounty.gov/datalets/datalet.aspx,2026-04-26 03:34:38.535934,2,221 72ND ST BURR RIDGE IL 60527,
dupage,0925202003,2022-09-15,385000.0,DPSOA-22085292,warranty,true,[],dupage_soa,https://propertylookup.dupagecounty.gov/datalets/datalet.aspx,2026-04-26 03:34:43.760068,3,7213 GIDDINGS AVE BURR RIDGE IL 60527,
dupage,0925202004,2017-09-22,310000.0,DPSOA-98146,warranty,true,[],dupage_soa,https://propertylookup.dupagecounty.gov/datalets/datalet.aspx,2026-04-26 03:34:46.459256,2,7239 GIDDINGS AVE BURR RIDGE IL 60521,
dupage,0925202005,2017-09-22,94000.0,DPSOA-98148,warranty,true,[],dupage_soa,https://propertylookup.dupagecounty.gov/datalets/datalet.aspx,2026-04-26 03:34:49.222392,2,7239 GIDDINGS AVE BURR RIDGE IL 60527,
dupage,0925202009,2019-06-25,232000.0,DPSOA-50743,warranty,true,[],dupage_soa,https://propertylookup.dupagecounty.gov/datalets/datalet.aspx,2026-04-26 03:35:00.036071,2,7240 S PARK AVE BURR RIDGE IL 60527,
dupage,0925203009,2018-05-17,175000.0,DPSOA-43592,warranty,true,[],dupage_soa,https://propertylookup.dupagecounty.gov/datalets/datalet.aspx,2026-04-26 03:35:26.781551,2,7240 HAMILTON AVE BURR RIDGE IL 60521,
dupage,0925204001,2014-06-30,265000.0,DPSOA-56386,warranty,true,[],dupage_soa,https://propertylookup.dupagecounty.gov/datalets/datalet.aspx,2026-04-26 03:35:32.316763,2,7209 HAMILTON AVE BURR RIDGE IL 60527,
dupage,0925204006,2014-10-06,160000.0,DPSOA-91885,warranty,true,[],dupage_soa,https://propertylookup.dupagecounty.gov/datalets/datalet.aspx,2026-04-26 03:35:45.346261,2,7210 S ELM ST BURR RIDGE IL 60527,
dupage,0925205007,2019-02-05,160000.0,DPSOA-8642,warranty,true,[],dupage_soa,https://propertylookup.dupagecounty.gov/datalets/datalet.aspx,2026-04-26 03:36:14.534785,2,7310 GIDDINGS AVE BURR RIDGE IL 60527,
dupage,0925205011,2020-09-08,760000.0,DPSOA-99954,warranty,true,[],dupage_soa,https://propertylookup.dupagecounty.gov/datalets/datalet.aspx,2026-04-26 03:36:25.230541,2,7350 GIDDINGS AVE BURR RIDGE IL 60527,
dupage,0925206003,2013-05-29,156000.0,DPSOA-77325,warranty,true,[],dupage_soa,https://propertylookup.dupagecounty.gov/datalets/datalet.aspx,2026-04-26 03:36:35.893442,2,7329 GIDDINGS AVE BURR RIDGE IL 60527,
dupage,0925206007,2022-07-22,320000.0,DPSOA-22069785,warranty,true,[],dupage_soa,https://propertylookup.dupagecounty.gov/datalets/datalet.aspx,2026-04-26 03:38:52.167514,3,7310 S PARK AVE BURR RIDGE IL 60527,
dupage,0925207004,2023-08-24,335000.0,DPSOA-23054629,warranty,true,[],dupage_soa,https://propertylookup.dupagecounty.gov/datalets/datalet.aspx,2026-04-26 03:39:25.809148,3,7349 S PARK AVE BURR RIDGE IL 60527,
dupage,0925207007,2022-09-26,605000.0,DPSOA-22088174,warranty,true,[],dupage_soa,https://propertylookup.dupagecounty.gov/datalets/datalet.aspx,2026-04-26 03:39:31.263902,3,7330 HAMILTON AVE BURR RIDGE IL 60527,
dupage,0925207008,2016-03-17,160000.0,DPSOA-25178,warranty,true,[],dupage_soa,https://propertylookup.dupagecounty.gov/datalets/datalet.aspx,2026-04-26 03:39:34.19891,2,7340 S HAMILTON AVE BURR RIDGE IL 60527,
dupage,0925207009,2022-03-25,250000.0,DPSOA-31173,warranty,true,[],dupage_soa,https://propertylookup.dupagecounty.gov/datalets/datalet.aspx,2026-04-26 03:39:36.940847,3,7350 HAMILTON AVE BURR RIDGE IL 60527,
dupage,0925207015,2024-12-17,505000.0,DPSOA-24074666,warranty,true,[],dupage_soa,https://propertylookup.dupagecounty.gov/datalets/datalet.aspx,2026-04-26 03:39:47.584754,3,7320 HAMILTON AVE BURR RIDGE IL 60527,
dupage,0925207018,2023-12-12,1200000.0,DPSOA-23078992,warranty,true,[],dupage_soa,https://propertylookup.dupagecounty.gov/datalets/datalet.aspx,2026-04-26 03:39:55.943169,3,15W256 N FRONTAGE RD BURR RIDGE IL 60527,
dupage,0925208013,2021-08-02,375000.0,DPSOA-115889,warranty,true,[],dupage_soa,https://propertylookup.dupagecounty.gov/datalets/datalet.aspx,2026-04-26 03:40:19.95001,3,15W230 N FRONTAGE RD BURR RIDGE IL 60527,
dupage,0925210014,2024-08-01,600000.0,DPSOA-24043987,warranty,true,[],dupage_soa,https://propertylookup.dupagecounty.gov/datalets/datalet.aspx,2026-04-26 03:40:39.086874,3,15W320 FRONTAGE RD BURR RIDGE IL 60527,
dupage,0925301008,2016-12-19,1610000.0,DPSOA-140297,warranty,true,[],dupage_soa,https://propertylookup.dupagecounty.gov/datalets/datalet.aspx,2026-04-26 03:41:33.675161,2,7591 BRUSH HILL DR BURR RIDGE IL 60527,
dupage,0925302019,2023-03-03,1700000.0,DPSOA-23012208,warranty,true,[],dupage_soa,https://propertylookup.dupagecounty.gov/datalets/datalet.aspx,2026-04-26 03:41:50.026507,3,7750 S GRANT ST BURR RIDGE IL 60521,
dupage,0925304010,2013-04-22,490000.0,DPSOA-58175,warranty,true,[],dupage_soa,https://propertylookup.dupagecounty.gov/datalets/datalet.aspx,2026-04-26 03:45:07.545648,2,7728 S GRANT ST BURR RIDGE IL 60527,
dupage,0925304012,2018-06-11,269300.0,DPSOA-52031,warranty,true,[],dupage_soa,https://propertylookup.dupagecounty.gov/datalets/datalet.aspx,2026-04-26 03:45:13.082189,2,7736 S GRANT ST BURR RIDGE IL 60527,
dupage,0925400001,2022-01-24,255000.0,DPSOA-8118,warranty,true,[],dupage_soa,https://propertylookup.dupagecounty.gov/datalets/datalet.aspx,2026-04-26 03:45:18.953336,3,75TH HINSDALE IL 60521,
dupage,0925400003,2018-10-09,275000.0,DPSOA-94924,warranty,true,[],dupage_soa,https://propertylookup.dupagecounty.gov/datalets/datalet.aspx,2026-04-26 03:45:24.596007,2,7512 HAMILTON AVE BURR RIDGE IL 60527,
dupage,0925401022,2013-07-30,920000.0,DPSOA-110348,warranty,true,[],dupage_soa,https://propertylookup.dupagecounty.gov/datalets/datalet.aspx,2026-04-26 03:46:42.319425,2,7608 DREW AVE BURR RIDGE IL 60527,
dupage,0925401024,2014-09-16,338000.0,DPSOA-84664,warranty,true,[],dupage_soa,https://propertylookup.dupagecounty.gov/datalets/datalet.aspx,2026-04-26 03:46:47.925466,2,7616 DREW AVE BURR RIDGE IL 60527,
dupage,0925401025,2022-03-29,1080000.0,DPSOA-31999,warranty,true,[],dupage_soa,https://propertylookup.dupagecounty.gov/datalets/datalet.aspx,2026-04-26 03:46:50.711313,3,7620 DREW AVE BURR RIDGE IL 60527,
dupage,0925403007,2021-08-16,850000.0,DPSOA-122586,warranty,true,[],dupage_soa,https://propertylookup.dupagecounty.gov/datalets/datalet.aspx,2026-04-26 03:50:22.765781,3,7810 HAMILTON AVE BURR RIDGE IL 60527,
dupage,0925403013,2021-03-10,550000.0,DPSOA-38188,warranty,true,[],dupage_soa,https://propertylookup.dupagecounty.gov/datalets/datalet.aspx,2026-04-26 03:50:38.827207,3,311 79TH ST BURR RIDGE IL 60527,
dupage,0925403014,2022-10-12,775000.0,DPSOA-22092923,warranty,true,[],dupage_soa,https://propertylookup.dupagecounty.gov/datalets/datalet.aspx,2026-04-26 03:50:41.626249,3,307 79TH ST BURR RIDGE IL 60527,
dupage,0925404014,2024-06-03,905000.0,DPSOA-24030120,warranty,true,[],dupage_soa,https://propertylookup.dupagecounty.gov/datalets/datalet.aspx,2026-04-26 03:51:22.178329,3,7800 DREW AVE BURR RIDGE IL 60527,
dupage,0925404015,2022-04-18,760000.0,DPSOA-38627,warranty,true,[],dupage_soa,https://propertylookup.dupagecounty.gov/datalets/datalet.aspx,2026-04-26 03:51:25.044339,3,7804 DREW AVE BURR RIDGE IL 60527,
dupage,0925404016,2022-03-23,300000.0,DPSOA-29837,warranty,true,[],dupage_soa,https://propertylookup.dupagecounty.gov/datalets/datalet.aspx,2026-04-26 03:51:27.851671,3,227 79TH ST BURR RIDGE IL 60527,
dupage,0925404023,2022-04-11,680000.0,DPSOA-36274,warranty,true,[],dupage_soa,https://propertylookup.dupagecounty.gov/datalets/datalet.aspx,2026-04-26 03:51:47.100478,3,7816 DREW AVE BURR RIDGE IL 60527,
dupage,0925405001,2022-01-24,462000.0,DPSOA-8034,warranty,true,[],dupage_soa,https://propertylookup.dupagecounty.gov/datalets/datalet.aspx,2026-04-26 03:51:50.063704,3,7701 DREW AVE BURR RIDGE IL 60527,
dupage,0925405017,2024-11-26,460000.0,DPSOA-24070715,warranty,true,[],dupage_soa,https://propertylookup.dupagecounty.gov/datalets/datalet.aspx,2026-04-26 03:52:29.759645,3,7740 S COUNTY LINE RD BURR RIDGE IL 60527,
dupage,0925405024,2023-04-24,750000.0,DPSOA-23024577,warranty,true,[],dupage_soa,https://propertylookup.dupagecounty.gov/datalets/datalet.aspx,2026-04-26 03:54:38.843938,3,7820 S COUNTY LINE RD BURR RIDGE IL 60527,
dupage,0935203010,2014-12-02,625000.0,DPSOA-112793,warranty,true,[],dupage_soa,https://propertylookup.dupagecounty.gov/datalets/datalet.aspx,2026-04-26 03:55:18.620703,2,166 SHORE DR BURR RIDGE IL 60527,
dupage,0935204019,2016-09-08,1875000.0,DPSOA-96340,warranty,true,[],dupage_soa,https://propertylookup.dupagecounty.gov/datalets/datalet.aspx,2026-04-26 03:55:58.073149,2,340 SHORE DR BURR RIDGE IL 60527,
dupage,0935205034,2013-05-09,3419353.0,DPSOA-68094,warranty,true,[],dupage_soa,https://propertylookup.dupagecounty.gov/datalets/datalet.aspx,2026-04-26 03:57:27.643736,2,16W030 83RD ST BURR RIDGE IL 60527,
dupage,0935206001,2016-12-23,1130000.0,DPSOA-142400,warranty,true,[],dupage_soa,https://propertylookup.dupagecounty.gov/datalets/datalet.aspx,2026-04-26 03:57:51.813719,2,"116 SHORE DR # 1 BURR RIDGE IL 60527",
dupage,0935402007,2024-12-31,695000.0,DPSOA-24077848,warranty,true,[],dupage_soa,https://propertylookup.dupagecounty.gov/datalets/datalet.aspx,2026-04-26 04:01:46.29447,3,8351 MEADOWBROOK DR BURR RIDGE IL 60527,
dupage,0935402025,2019-04-25,1000000.0,DPSOA-30849,warranty,true,[],dupage_soa,https://propertylookup.dupagecounty.gov/datalets/datalet.aspx,2026-04-26 04:02:06.783104,2,8638 TIMBER RIDGE DR BURR RIDGE IL 60527,
dupage,0935402030,2020-04-21,705000.0,DPSOA-38996,warranty,true,[],dupage_soa,https://propertylookup.dupagecounty.gov/datalets/datalet.aspx,2026-04-26 04:02:20.507433,2,928 PRAIRIE RIDGE CT BURR RIDGE IL 60527,
dupage,0935404002,2021-04-08,1600000.0,DPSOA-56040,warranty,true,[],dupage_soa,https://propertylookup.dupagecounty.gov/datalets/datalet.aspx,2026-04-26 04:06:49.886841,3,812 LAKEVIEW LN BURR RIDGE IL 60527,
dupage,0935404005,2016-04-12,1190000.0,DPSOA-34688,warranty,true,[],dupage_soa,https://propertylookup.dupagecounty.gov/datalets/datalet.aspx,2026-04-26 04:06:57.917218,2,836 LAKEVIEW LN BURR RIDGE IL 60527,
dupage,0936100001,2024-03-27,318000.0,DPSOA-24016151,warranty,true,[],dupage_soa,https://propertylookup.dupagecounty.gov/datalets/datalet.aspx,2026-04-26 04:07:16.969008,3,15W773 79TH ST BURR RIDGE IL 60527,
dupage,0936100004,2022-03-11,695000.0,DPSOA-25978,warranty,true,[],dupage_soa,https://propertylookup.dupagecounty.gov/datalets/datalet.aspx,2026-04-26 04:07:25.051405,3,15W749 79TH ST BURR RIDGE IL 60527,
dupage,0936100005,2023-11-06,355000.0,DPSOA-23071578,warranty,true,[],dupage_soa,https://propertylookup.dupagecounty.gov/datalets/datalet.aspx,2026-04-26 04:07:27.768057,3,15W737 79TH ST HINSDALE IL 60521,
dupage,0936101005,2022-10-03,361000.0,DPSOA-22090188,warranty,true,[],dupage_soa,https://propertylookup.dupagecounty.gov/datalets/datalet.aspx,2026-04-26 04:08:00.398017,3,9S165 MADISON ST HINSDALE IL 60521,
dupage,0936102003,2022-01-14,300000.0,DPSOA-5205,warranty,true,[],dupage_soa,https://propertylookup.dupagecounty.gov/datalets/datalet.aspx,2026-04-26 04:08:38.75704,3,9S241 MADISON ST BURR RIDGE IL 60527,
dupage,0936102010,2014-10-08,285000.0,DPSOA-92846,warranty,true,[],dupage_soa,https://propertylookup.dupagecounty.gov/datalets/datalet.aspx,2026-04-26 04:08:58.271365,2,15W677 81ST ST BURR RIDGE IL 60527,
dupage,0936102012,2022-04-25,1045000.0,DPSOA-40888,warranty,true,[],dupage_soa,https://propertylookup.dupagecounty.gov/datalets/datalet.aspx,2026-04-26 04:09:10.030213,3,15W645 81ST ST BURR RIDGE IL 60527,
dupage,0936103002,2021-08-09,490000.0,DPSOA-119885,warranty,true,[],dupage_soa,https://propertylookup.dupagecounty.gov/datalets/datalet.aspx,2026-04-26 04:11:53.955461,3,15W739 82ND ST BURR RIDGE IL 60527,
dupage,0936103003,2013-03-26,340000.0,DPSOA-44534,warranty,true,[],dupage_soa,https://propertylookup.dupagecounty.gov/datalets/datalet.aspx,2026-04-26 04:11:56.833768,2,15W721 82ND ST HINSDALE IL 60521,
dupage,0936103005,2016-09-02,429000.0,DPSOA-94464,warranty,true,[],dupage_soa,https://propertylookup.dupagecounty.gov/datalets/datalet.aspx,2026-04-26 04:12:02.363343,2,15W675 82ND ST BURR RIDGE IL 60527,
dupage,0936103015,2018-12-04,440000.0,DPSOA-111351,warranty,true,[],dupage_soa,https://propertylookup.dupagecounty.gov/datalets/datalet.aspx,2026-04-26 04:12:29.640518,2,15W640 83RD ST BURR RIDGE IL 60521,
dupage,0936104038,2017-07-24,517000.0,DPSOA-74519,warranty,true,[],dupage_soa,https://propertylookup.dupagecounty.gov/datalets/datalet.aspx,2026-04-26 04:13:19.216872,2,18 PINE TREE LN BURR RIDGE IL 60527,
dupage,0936104048,2021-11-09,470000.0,DPSOA-163688,warranty,true,[],dupage_soa,https://propertylookup.dupagecounty.gov/datalets/datalet.aspx,2026-04-26 04:13:43.943846,3,42 PINE TREE LN BURR RIDGE IL 60527,
dupage,0936104049,2013-08-06,417000.0,DPSOA-114194,warranty,true,[],dupage_soa,https://propertylookup.dupagecounty.gov/datalets/datalet.aspx,2026-04-26 04:13:46.814175,2,44 PINE TREE LN BURR RIDGE IL 60521,
dupage,0936104059,2021-03-26,580000.0,DPSOA-48660,warranty,true,[],dupage_soa,https://propertylookup.dupagecounty.gov/datalets/datalet.aspx,2026-04-26 04:14:10.87753,3,63 PINE TREE LN BURR RIDGE IL 60527,
dupage,0936105024,2013-12-17,770000.0,DPSOA-166229,warranty,true,[],dupage_soa,https://propertylookup.dupagecounty.gov/datalets/datalet.aspx,2026-04-26 04:17:17.856552,2,8230 LAKE RIDGE DR BURR RIDGE IL 60527,
dupage,0936105025,2023-04-04,650000.0,DPSOA-23019909,warranty,true,[],dupage_soa,https://propertylookup.dupagecounty.gov/datalets/datalet.aspx,2026-04-26 04:17:20.802937,3,8250 LAKE RIDGE DR BURR RIDGE IL 60527,
dupage,0936106002,2019-05-31,730000.0,DPSOA-42442,warranty,true,[],dupage_soa,https://propertylookup.dupagecounty.gov/datalets/datalet.aspx,2026-04-26 04:17:37.25395,2,"15W345 81ST ST # 15W540 BURR RIDGE IL 60527",
dupage,0936106005,2021-05-27,870000.0,DPSOA-82082,warranty,true,[],dupage_soa,https://propertylookup.dupagecounty.gov/datalets/datalet.aspx,2026-04-26 04:17:45.61214,3,480 81ST ST BURR RIDGE IL 60527,
dupage,0936106008,2024-01-02,715000.0,DPSOA-24000132,warranty,true,[],dupage_soa,https://propertylookup.dupagecounty.gov/datalets/datalet.aspx,2026-04-26 04:17:53.903197,3,8130 RIDGEPOINTE DR BURR RIDGE IL 60527,
dupage,0936106011,2018-03-15,587500.0,DPSOA-22765,warranty,true,[],dupage_soa,https://propertylookup.dupagecounty.gov/datalets/datalet.aspx,2026-04-26 04:18:02.307034,2,8190 RIDGEPOINT DR BURR RIDGE IL 60527,
dupage,0936106012,2016-12-30,510625.0,DPSOA-144867,warranty,true,[],dupage_soa,https://propertylookup.dupagecounty.gov/datalets/datalet.aspx,2026-04-26 04:18:05.092994,2,8200 RIDGEPOINT DR BURR RIDGE IL 60527,
dupage,0936106016,2024-02-06,745000.0,DPSOA-24006396,warranty,true,[],dupage_soa,https://propertylookup.dupagecounty.gov/datalets/datalet.aspx,2026-04-26 04:18:16.939409,3,8282 RIDGEPOINTE DR BURR RIDGE IL 60521,
dupage,0936106023,2021-01-20,780000.0,DPSOA-9913,warranty,true,[],dupage_soa,https://propertylookup.dupagecounty.gov/datalets/datalet.aspx,2026-04-26 04:18:36.399134,3,4 LAKE RIDGE CT BURR RIDGE IL 60527,
dupage,0936106024,2013-06-12,625000.0,DPSOA-84992,warranty,true,[],dupage_soa,https://propertylookup.dupagecounty.gov/datalets/datalet.aspx,2026-04-26 04:18:39.152533,2,6 LAKE RIDGE CT BURR RIDGE IL 60527,
dupage,0936106025,2013-03-20,485000.0,DPSOA-41981,warranty,true,[],dupage_soa,https://propertylookup.dupagecounty.gov/datalets/datalet.aspx,2026-04-26 04:18:42.03576,2,8 LAKE RIDGE CT BURR RIDGE IL 60521,
dupage,0936107006,2024-12-12,695000.0,DPSOA-24074165,warranty,true,[],dupage_soa,https://propertylookup.dupagecounty.gov/datalets/datalet.aspx,2026-04-26 04:19:12.645853,3,8201 RIDGEPOINTE DR BURR RIDGE IL 60527,
dupage,0936107009,2020-07-27,500000.0,DPSOA-79822,warranty,true,[],dupage_soa,https://propertylookup.dupagecounty.gov/datalets/datalet.aspx,2026-04-26 04:19:20.855534,2,8261 RIDGEPOINTE DR BURR RIDGE IL 60521,
dupage,0936109015,2015-04-21,450000.0,DPSOA-41565,warranty,true,[],dupage_soa,https://propertylookup.dupagecounty.gov/datalets/datalet.aspx,2026-04-26 04:20:45.63337,2,15 LAKE RIDGE CLUB BURR RIDGE IL 60527,
dupage,0936109022,2014-08-06,560000.0,DPSOA-69549,warranty,true,[],dupage_soa,https://propertylookup.dupagecounty.gov/datalets/datalet.aspx,2026-04-26 04:22:46.775131,2,22 LAKE RIDGE CLUB BURR RIDGE IL 60527,
dupage,0936109023,2013-03-22,555000.0,DPSOA-43560,warranty,true,[],dupage_soa,https://propertylookup.dupagecounty.gov/datalets/datalet.aspx,2026-04-26 04:22:49.532871,2,23 LAKE RIDGE CLUB BURR RIDGE IL 60527,
dupage,0936109038,2017-08-07,749900.0,DPSOA-80232,warranty,true,[],dupage_soa,https://propertylookup.dupagecounty.gov/datalets/datalet.aspx,2026-04-26 04:23:29.886657,2,38 LANCASTER CT BURR RIDGE IL 60527,
dupage,0936109042,2024-10-10,940000.0,DPSOA-24059766,warranty,true,[],dupage_soa,https://propertylookup.dupagecounty.gov/datalets/datalet.aspx,2026-04-26 04:23:40.79735,3,42 DURHAM CT BURR RIDGE IL 60527,
dupage,0936109051,2019-09-12,550000.0,DPSOA-80296,warranty,true,[],dupage_soa,https://propertylookup.dupagecounty.gov/datalets/datalet.aspx,2026-04-26 04:24:05.416802,2,51 CHESTERFIELD CT BURR RIDGE IL 60527,
dupage,0936109064,2013-05-29,560000.0,DPSOA-77159,warranty,true,[],dupage_soa,https://propertylookup.dupagecounty.gov/datalets/datalet.aspx,2026-04-26 04:24:41.364421,2,64 BERKSHIRE CT BURR RIDGE IL 60527,
dupage,0936109065,2019-04-23,532500.0,DPSOA-29936,warranty,true,[],dupage_soa,https://propertylookup.dupagecounty.gov/datalets/datalet.aspx,2026-04-26 04:24:44.070432,2,65 BERKSHIRE CT BURR RIDGE IL 60527,
dupage,0936109066,2021-05-03,730000.0,DPSOA-68900,warranty,true,[],dupage_soa,https://propertylookup.dupagecounty.gov/datalets/datalet.aspx,2026-04-26 04:24:46.895,3,66 BERKSHIRE CT BURR RIDGE IL 60527,
dupage,0936109067,2022-10-26,715000.0,DPSOA-22096832,warranty,true,[],dupage_soa,https://propertylookup.dupagecounty.gov/datalets/datalet.aspx,2026-04-26 04:24:49.624302,3,67 BERKSHIRE CT BURR RIDGE IL 60527,
dupage,0936109069,2022-04-05,700000.0,DPSOA-34762,warranty,true,[],dupage_soa,https://propertylookup.dupagecounty.gov/datalets/datalet.aspx,2026-04-26 04:24:55.064245,3,15W641 81ST ST BURR RIDGE IL 60527,
dupage,0936109075,2022-03-10,735000.0,DPSOA-25545,warranty,true,[],dupage_soa,https://propertylookup.dupagecounty.gov/datalets/datalet.aspx,2026-04-26 04:25:11.570579,3,15W521 81ST ST BURR RIDGE IL 60527,
dupage,0936200011,2021-05-19,355000.0,DPSOA-78168,warranty,true,[],dupage_soa,https://propertylookup.dupagecounty.gov/datalets/datalet.aspx,2026-04-26 04:25:21.908899,3,7906 GARFIELD AVE BURR RIDGE IL 60527,
dupage,0936200014,2016-05-02,244000.0,DPSOA-42101,warranty,true,[],dupage_soa,https://propertylookup.dupagecounty.gov/datalets/datalet.aspx,2026-04-26 04:25:30.307913,2,7914 S GARFIELD AVE BURR RIDGE IL 60527,
dupage,0936200030,2021-10-18,1375000.0,DPSOA-153476,warranty,true,[],dupage_soa,https://propertylookup.dupagecounty.gov/datalets/datalet.aspx,2026-04-26 04:27:48.289918,3,351 HIGHLAND CT WILLOWBROOK IL 60527,
dupage,0936200036,2014-11-04,1650000.0,DPSOA-103453,warranty,true,[],dupage_soa,https://propertylookup.dupagecounty.gov/datalets/datalet.aspx,2026-04-26 04:28:04.830752,2,311 OLD OAK CT WILLOWBROOK IL 60527,
dupage,0936200037,2024-07-17,3500000.0,DPSOA-24040460,warranty,true,[],dupage_soa,https://propertylookup.dupagecounty.gov/datalets/datalet.aspx,2026-04-26 04:28:07.695647,3,367 OLD OAK CT BURR RIDGE IL 60527,
dupage,0936200041,2019-04-23,1070000.0,DPSOA-30046,warranty,true,[],dupage_soa,https://propertylookup.dupagecounty.gov/datalets/datalet.aspx,2026-04-26 04:28:18.51976,2,302 OLD OAK CT WILLOWBROOK IL 60527,
dupage,0936200042,2019-11-19,479000.0,DPSOA-107046,warranty,true,[],dupage_soa,https://propertylookup.dupagecounty.gov/datalets/datalet.aspx,2026-04-26 04:28:21.314961,2,7902 HAMILTON AVE BURR RIDGE IL 60527,
dupage,0936201017,2014-01-16,425000.0,DPSOA-4776,warranty,true,[],dupage_soa,https://propertylookup.dupagecounty.gov/datalets/datalet.aspx,2026-04-26 04:28:48.706991,2,8005 HAMILTON AVE BURR RIDGE IL 60527,
dupage,0936201018,2024-11-01,2500000.0,DPSOA-24065460,warranty,true,[],dupage_soa,https://propertylookup.dupagecounty.gov/datalets/datalet.aspx,2026-04-26 04:28:51.425176,3,8025 HAMILTON AVE BURR RIDGE IL 60527,
dupage,0936202003,2015-06-23,460000.0,DPSOA-67398,warranty,true,[],dupage_soa,https://propertylookup.dupagecounty.gov/datalets/datalet.aspx,2026-04-26 04:28:56.957459,2,116 W 79TH ST BURR RIDGE IL 60527,
dupage,0936202016,2024-02-27,320000.0,DPSOA-24010215,warranty,true,[],dupage_soa,https://propertylookup.dupagecounty.gov/datalets/datalet.aspx,2026-04-26 04:29:18.685654,3,7950 S COUNTY LINE RD BURR RIDGE IL 60527,
dupage,0936202017,2024-10-15,320000.0,DPSOA-24060821,warranty,true,[],dupage_soa,https://propertylookup.dupagecounty.gov/datalets/datalet.aspx,2026-04-26 04:29:21.371732,3,7954 S COUNTY LINE RD BURR RIDGE IL 60527,
dupage,0936203006,2017-01-09,490000.0,DPSOA-2981,warranty,true,[],dupage_soa,https://propertylookup.dupagecounty.gov/datalets/datalet.aspx,2026-04-26 04:29:42.962549,2,8118 GARFIELD AVE BURR RIDGE IL 60527,
dupage,0936203007,2020-06-24,475000.0,DPSOA-65758,warranty,true,[],dupage_soa,https://propertylookup.dupagecounty.gov/datalets/datalet.aspx,2026-04-26 04:29:45.932396,2,8124 S GARFIELD AVE BURR RIDGE IL 60527,
dupage,0936203008,2022-01-11,575000.0,DPSOA-3551,warranty,true,[],dupage_soa,https://propertylookup.dupagecounty.gov/datalets/datalet.aspx,2026-04-26 04:29:48.854449,3,8130 GARFIELD AVE BURR RIDGE IL 60527,
dupage,0936203010,2016-05-05,530000.0,DPSOA-43349,warranty,true,[],dupage_soa,https://propertylookup.dupagecounty.gov/datalets/datalet.aspx,2026-04-26 04:29:54.582713,2,8206 GARFIELD AVE BURR RIDGE IL 60521,
dupage,0936204010,2015-12-22,420000.0,DPSOA-138526,warranty,true,[],dupage_soa,https://propertylookup.dupagecounty.gov/datalets/datalet.aspx,2026-04-26 04:30:30.239695,2,8205 GARFIELD AVE BURR RIDGE IL 60527,
dupage,0936204015,2023-10-16,641600.0,DPSOA-23066883,warranty,true,[],dupage_soa,https://propertylookup.dupagecounty.gov/datalets/datalet.aspx,2026-04-26 04:30:44.193175,3,8130 S PARK AVE BURR RIDGE IL 60527,
dupage,0936205003,2022-03-14,450000.0,DPSOA-26604,warranty,true,[],dupage_soa,https://propertylookup.dupagecounty.gov/datalets/datalet.aspx,2026-04-26 04:33:54.979877,3,8200 KATHRYN CT BURR RIDGE IL 60527,
dupage,0936207004,2013-03-20,371000.0,DPSOA-42078,warranty,true,[],dupage_soa,https://propertylookup.dupagecounty.gov/datalets/datalet.aspx,2026-04-26 04:35:14.8027,2,8223 KATHRYN CT BURR RIDGE IL 60527,
dupage,0936208012,2021-11-22,775000.0,DPSOA-169507,warranty,true,[],dupage_soa,https://propertylookup.dupagecounty.gov/datalets/datalet.aspx,2026-04-26 04:35:46.766334,3,8223 WINDSOR CT BURR RIDGE IL 60527,
dupage,0936208013,2021-04-23,1230000.0,DPSOA-64167,warranty,true,[],dupage_soa,https://propertylookup.dupagecounty.gov/datalets/datalet.aspx,2026-04-26 04:35:49.454284,3,15W140 83RD ST BURR RIDGE IL 60527,
dupage,0936209007,2024-06-21,300000.0,DPSOA-24034792,warranty,true,[],dupage_soa,https://propertylookup.dupagecounty.gov/datalets/datalet.aspx,2026-04-26 04:36:26.18918,3,"15W345 81ST ST # 2-3 BURR RIDGE IL 60527",
dupage,0936209008,2014-06-19,77500.0,DPSOA-52318,warranty,true,[],dupage_soa,https://propertylookup.dupagecounty.gov/datalets/datalet.aspx,2026-04-26 04:36:28.854967,2,"15W345 81ST ST # 2-4 BURR RIDGE IL 60527",
dupage,0936209009,2023-10-12,250000.0,DPSOA-23065947,warranty,true,[],dupage_soa,https://propertylookup.dupagecounty.gov/datalets/datalet.aspx,2026-04-26 04:36:31.589028,3,"8090 GARFIELD AVE # 3-1 BURR RIDGE IL 60527",
dupage,0936209013,2015-05-22,180000.0,DPSOA-54626,warranty,true,[],dupage_soa,https://propertylookup.dupagecounty.gov/datalets/datalet.aspx,2026-04-26 04:37:23.217638,2,"8094 GARFIELD AVE # 4-1 BURR RIDGE IL 60527",
dupage,0936209014,2024-08-26,329000.0,DPSOA-24049385,warranty,true,[],dupage_soa,https://propertylookup.dupagecounty.gov/datalets/datalet.aspx,2026-04-26 04:38:01.026061,3,"8094 GARFIELD AVE # 4-2 BURR RIDGE IL 60527",
dupage,0936209019,2021-04-21,210000.0,DPSOA-62714,warranty,true,[],dupage_soa,https://propertylookup.dupagecounty.gov/datalets/datalet.aspx,2026-04-26 04:39:14.641162,3,"8098 GARFIELD AVE # 5-3 BURR RIDGE IL 60527",
dupage,0936209022,2024-10-24,285000.0,DPSOA-24063335,warranty,true,[],dupage_soa,https://propertylookup.dupagecounty.gov/datalets/datalet.aspx,2026-04-26 04:39:23.132313,3,"8082 S GARFIELD AVE # 6-2 BURR RIDGE IL 60527",
dupage,0936209023,2021-10-12,230000.0,DPSOA-149666,warranty,true,[],dupage_soa,https://propertylookup.dupagecounty.gov/datalets/datalet.aspx,2026-04-26 04:39:25.997502,3,"8082 GARFIELD AVE # 6-3 BURR RIDGE IL 60527",
dupage,0936209024,2016-07-15,166500.0,DPSOA-72699,warranty,true,[],dupage_soa,https://propertylookup.dupagecounty.gov/datalets/datalet.aspx,2026-04-26 04:39:28.785541,2,"8082 GARFIELD AVE # 6-4 BURR RIDGE IL 60521",
dupage,0936209025,2017-09-11,150000.0,DPSOA-93451,warranty,true,[],dupage_soa,https://propertylookup.dupagecounty.gov/datalets/datalet.aspx,2026-04-26 04:39:31.564254,2,"8086 GARFIELD AVE # 7-1 BURR RIDGE IL 60527",
dupage,0936209026,2015-01-26,165000.0,DPSOA-7662,warranty,true,[],dupage_soa,https://propertylookup.dupagecounty.gov/datalets/datalet.aspx,2026-04-26 04:39:34.345483,2,"8086 GARFIELD AVE # 7-2 BURR RIDGE IL 60521",
dupage,0936209038,2013-04-08,140000.0,DPSOA-51183,warranty,true,[],dupage_soa,https://propertylookup.dupagecounty.gov/datalets/datalet.aspx,2026-04-26 04:40:07.070849,2,"8070 GARFIELD AVE # 10-2 BURR RIDGE IL 60527",
dupage,0936209042,2014-10-27,150000.0,DPSOA-100789,warranty,true,[],dupage_soa,https://propertylookup.dupagecounty.gov/datalets/datalet.aspx,2026-04-26 04:40:18.114707,2,"8066 GARFIELD AVE # 2 BURR RIDGE IL 60527",
dupage,0936209043,2016-07-07,147500.0,DPSOA-69195,warranty,true,[],dupage_soa,https://propertylookup.dupagecounty.gov/datalets/datalet.aspx,2026-04-26 04:40:20.779916,2,"8066 GARFIELD AVE # 11-3 BURR RIDGE IL 60527",
dupage,0936209045,2014-07-15,137000.0,DPSOA-61122,warranty,true,[],dupage_soa,https://propertylookup.dupagecounty.gov/datalets/datalet.aspx,2026-04-26 04:40:26.329437,2,"7998 S GARFIELD AVE # 12-1 BURR RIDGE IL 60521",
dupage,0936209048,2019-10-09,165000.0,DPSOA-91766,warranty,true,[],dupage_soa,https://propertylookup.dupagecounty.gov/datalets/datalet.aspx,2026-04-26 04:40:34.512127,2,"7998 GARFIELD AVE # 12-4 BURR RIDGE IL 60527",
dupage,0936209050,2014-01-30,133000.0,DPSOA-8750,warranty,true,[],dupage_soa,https://propertylookup.dupagecounty.gov/datalets/datalet.aspx,2026-04-26 04:40:39.930684,2,"7994 GARFIELD AVE # 13-2 BURR RIDGE IL 60521",
dupage,0936209052,2017-09-08,162500.0,DPSOA-92847,warranty,true,[],dupage_soa,https://propertylookup.dupagecounty.gov/datalets/datalet.aspx,2026-04-26 04:40:45.464065,2,"7994 GARFIELD AVE # 13-4 BURR RIDGE IL 60527",
dupage,0936209056,2018-08-01,169500.0,DPSOA-71739,warranty,true,[],dupage_soa,https://propertylookup.dupagecounty.gov/datalets/datalet.aspx,2026-04-26 04:40:56.510144,2,"7990 GARFIELD AVE # 14-4 BURR RIDGE IL 60527",
dupage,0936209060,2021-02-11,216000.0,DPSOA-23419,warranty,true,[],dupage_soa,https://propertylookup.dupagecounty.gov/datalets/datalet.aspx,2026-04-26 04:41:06.97382,3,"7986 GARFIELD AVE # 15-4 BURR RIDGE IL 60527",
dupage,0936209061,2016-07-22,170000.0,DPSOA-75603,warranty,true,[],dupage_soa,https://propertylookup.dupagecounty.gov/datalets/datalet.aspx,2026-04-26 04:41:09.758916,2,"7982 GARFIELD AVE # 16-1 BURR RIDGE IL 60527",
dupage,0936209063,2015-07-21,205000.0,DPSOA-79249,warranty,true,[],dupage_soa,https://propertylookup.dupagecounty.gov/datalets/datalet.aspx,2026-04-26 04:41:15.154984,2,"7982 GARFIELD AVE # 16-3 BURR RIDGE IL 60521",
dupage,0936210002,2021-10-01,229000.0,DPSOA-146027,warranty,true,[],dupage_soa,https://propertylookup.dupagecounty.gov/datalets/datalet.aspx,2026-04-26 04:41:23.240352,3,"7970 GARFIELD AVE # 102 BURR RIDGE IL 60527",
dupage,0936210018,2023-06-06,200000.0,DPSOA-23034842,warranty,true,[],dupage_soa,https://propertylookup.dupagecounty.gov/datalets/datalet.aspx,2026-04-26 04:42:06.637295,3,"7962 S GARFIELD AVE # 110 BURR RIDGE IL 60521",
dupage,0936210019,2018-07-26,195000.0,DPSOA-69483,warranty,true,[],dupage_soa,https://propertylookup.dupagecounty.gov/datalets/datalet.aspx,2026-04-26 04:42:13.531034,2,"7966 GARFIELD AVE # 111 BURR RIDGE IL 60527",
dupage,0936210023,2016-05-20,232000.0,DPSOA-49497,warranty,true,[],dupage_soa,https://propertylookup.dupagecounty.gov/datalets/datalet.aspx,2026-04-26 04:44:33.596177,2,"7962 GARFIELD AVE # 209 BURR RIDGE IL 60527",
dupage,0936300005,2013-03-13,327000.0,DPSOA-38782,warranty,true,[],dupage_soa,https://propertylookup.dupagecounty.gov/datalets/datalet.aspx,2026-04-26 04:45:00.134694,2,15W719 83RD ST BURR RIDGE IL 60521,
dupage,0936300012,2022-12-29,660000.0,DPSOA-22111039,warranty,true,[],dupage_soa,https://propertylookup.dupagecounty.gov/datalets/datalet.aspx,2026-04-26 04:45:10.803119,3,750 CAMBRIDGE DR BURR RIDGE IL 60527,
dupage,0936300020,2019-06-06,511000.0,DPSOA-44347,warranty,true,[],dupage_soa,https://propertylookup.dupagecounty.gov/datalets/datalet.aspx,2026-04-26 04:45:32.476462,2,664 CAMELOT DR BURR RIDGE IL 60527,
dupage,0936300023,2019-09-03,435000.0,DPSOA-76559,warranty,true,[],dupage_soa,https://propertylookup.dupagecounty.gov/datalets/datalet.aspx,2026-04-26 04:45:40.476568,2,628 CAMELOT DR BURR RIDGE IL 60527,
dupage,0936300024,2016-01-14,2000000.0,DPSOA-4419,warranty,true,[],dupage_soa,https://propertylookup.dupagecounty.gov/datalets/datalet.aspx,2026-04-26 04:45:43.194263,2,8310 WATERVIEW CT BURR RIDGE IL 60527,
dupage,0936301023,2024-09-20,1575000.0,DPSOA-24055574,warranty,true,[],dupage_soa,https://propertylookup.dupagecounty.gov/datalets/datalet.aspx,2026-04-26 04:46:28.80602,3,7 SHILOH CT BURR RIDGE IL 60527,
dupage,0936301029,2014-08-08,1350000.0,DPSOA-70615,warranty,true,[],dupage_soa,https://propertylookup.dupagecounty.gov/datalets/datalet.aspx,2026-04-26 04:46:44.826972,2,114 KRAML DR BURR RIDGE IL 60527,
dupage,0936302006,2017-10-25,400000.0,DPSOA-109974,warranty,true,[],dupage_soa,https://propertylookup.dupagecounty.gov/datalets/datalet.aspx,2026-04-26 04:47:17.983739,2,8360 CLYNDERVEN RD BURR RIDGE IL 60527,
dupage,0936302011,2023-04-06,553000.0,DPSOA-23020487,warranty,true,[],dupage_soa,https://propertylookup.dupagecounty.gov/datalets/datalet.aspx,2026-04-26 04:47:32.001901,3,8448 CLYNDERVEN RD BURR RIDGE IL 60527,
dupage,0936302012,2016-05-03,445000.0,DPSOA-42538,warranty,true,[],dupage_soa,https://propertylookup.dupagecounty.gov/datalets/datalet.aspx,2026-04-26 04:47:37.765898,2,8460 CLYNDERVEN RD BURR RIDGE IL 60527,
dupage,0936302016,2019-08-06,512000.0,DPSOA-65977,warranty,true,[],dupage_soa,https://propertylookup.dupagecounty.gov/datalets/datalet.aspx,2026-04-26 04:49:12.896838,2,8449 CANTERBERRY DR BURR RIDGE IL 60527,
dupage,0936302017,2013-06-18,430000.0,DPSOA-88148,warranty,true,[],dupage_soa,https://propertylookup.dupagecounty.gov/datalets/datalet.aspx,2026-04-26 04:50:03.66185,2,8461 CANTERBERRY DR BURR RIDGE IL 60521,
dupage,0936303002,2020-05-08,400000.0,DPSOA-45825,warranty,true,[],dupage_soa,https://propertylookup.dupagecounty.gov/datalets/datalet.aspx,2026-04-26 04:50:15.569016,2,525 KIRKWOOD COVE BURR RIDGE IL 60527,
dupage,0936304004,2018-11-02,530000.0,DPSOA-102888,warranty,true,[],dupage_soa,https://propertylookup.dupagecounty.gov/datalets/datalet.aspx,2026-04-26 04:50:45.233651,2,8401 CLYNDERVEN RD BURR RIDGE IL 60521,
dupage,0936304007,2014-08-20,460000.0,DPSOA-75184,warranty,true,[],dupage_soa,https://propertylookup.dupagecounty.gov/datalets/datalet.aspx,2026-04-26 04:50:54.981525,2,8437 CLYNDERVEN RD BURR RIDGE IL 60527,
dupage,0936304011,2023-01-18,560000.0,DPSOA-23003586,warranty,true,[],dupage_soa,https://propertylookup.dupagecounty.gov/datalets/datalet.aspx,2026-04-26 04:51:06.634195,3,8485 CLYNDERVEN RD BURR RIDGE IL 60527,
dupage,0936304024,2021-09-29,525000.0,DPSOA-144543,warranty,true,[],dupage_soa,https://propertylookup.dupagecounty.gov/datalets/datalet.aspx,2026-04-26 04:51:44.403753,3,8499 CLYNDERVEN RD BURR RIDGE IL 60527,
dupage,0936304039,2023-09-25,785000.0,DPSOA-23061745,warranty,true,[],dupage_soa,https://propertylookup.dupagecounty.gov/datalets/datalet.aspx,2026-04-26 04:51:47.175987,3,8498 WALREDON AVE BURR RIDGE IL 60527,
dupage,0936304043,2018-05-07,515000.0,DPSOA-39636,warranty,true,[],dupage_soa,https://propertylookup.dupagecounty.gov/datalets/datalet.aspx,2026-04-26 04:51:55.167073,2,8513 CLYNDERVEN RD BURR RIDGE IL 60527,
dupage,0936304045,2014-07-15,575000.0,DPSOA-61541,warranty,true,[],dupage_soa,https://propertylookup.dupagecounty.gov/datalets/datalet.aspx,2026-04-26 04:52:00.432445,2,8537 CLYNDERVEN RD BURR RIDGE IL 60521,
dupage,0936304046,2022-05-04,480000.0,DPSOA-44560,warranty,true,[],dupage_soa,https://propertylookup.dupagecounty.gov/datalets/datalet.aspx,2026-04-26 04:52:03.115182,3,8549 CLYNDERVEN RD BURR RIDGE IL 60527,
dupage,0936304051,2017-04-17,650000.0,DPSOA-36413,warranty,true,[],dupage_soa,https://propertylookup.dupagecounty.gov/datalets/datalet.aspx,2026-04-26 04:52:16.033493,2,8548 WALDREDON AVE BURR RIDGE IL 60521,
dupage,0936304054,2017-03-08,490000.0,DPSOA-23252,warranty,true,[],dupage_soa,https://propertylookup.dupagecounty.gov/datalets/datalet.aspx,2026-04-26 04:52:24.067515,2,8512 WALREDON AVE BURR RIDGE IL 60521,
dupage,0936304055,2017-11-03,560000.0,DPSOA-113742,warranty,true,[],dupage_soa,https://propertylookup.dupagecounty.gov/datalets/datalet.aspx,2026-04-26 04:52:26.73418,2,8500 WALREDON AVE BURR RIDGE IL 60527,
dupage,0936305002,2016-12-29,450000.0,DPSOA-144276,warranty,true,[],dupage_soa,https://propertylookup.dupagecounty.gov/datalets/datalet.aspx,2026-04-26 04:52:33.06606,2,8349 WALREDON AVE BURR RIDGE IL 60527,
dupage,0936305011,2024-07-11,850000.0,DPSOA-24039048,warranty,true,[],dupage_soa,https://propertylookup.dupagecounty.gov/datalets/datalet.aspx,2026-04-26 04:52:57.830214,3,8336 DOLFOR CV BURR RIDGE IL 60527,
dupage,0936305012,2020-07-13,490000.0,DPSOA-73484,warranty,true,[],dupage_soa,https://propertylookup.dupagecounty.gov/datalets/datalet.aspx,2026-04-26 04:53:00.56871,2,8348 DOLFOR COVE BURR RIDGE IL 60527,
dupage,0936305019,2024-08-21,765000.0,DPSOA-24048314,warranty,true,[],dupage_soa,https://propertylookup.dupagecounty.gov/datalets/datalet.aspx,2026-04-26 04:55:25.723511,3,8460 DOLFOR CV BURR RIDGE IL 60527,
dupage,0936306004,2022-05-20,550000.0,DPSOA-50169,warranty,true,[],dupage_soa,https://propertylookup.dupagecounty.gov/datalets/datalet.aspx,2026-04-26 04:55:52.173405,3,401 KIRKWOOD COVE BURR RIDGE IL 60527,
dupage,0936307002,2017-07-28,485000.0,DPSOA-76682,warranty,true,[],dupage_soa,https://propertylookup.dupagecounty.gov/datalets/datalet.aspx,2026-04-26 04:55:57.53264,2,424 KIRKWOOD CV BURR RIDGE IL 60527,
dupage,0936307004,2021-06-04,525000.0,DPSOA-86183,warranty,true,[],dupage_soa,https://propertylookup.dupagecounty.gov/datalets/datalet.aspx,2026-04-26 04:56:02.873251,3,400 KIRKWOOD CV BURR RIDGE IL 60527,
dupage,0936307008,2017-03-21,372000.0,DPSOA-27245,warranty,true,[],dupage_soa,https://propertylookup.dupagecounty.gov/datalets/datalet.aspx,2026-04-26 04:56:13.535821,2,401 TAMERTON PKWY BURR RIDGE IL 60527,
dupage,0936309002,2014-04-25,561500.0,DPSOA-34308,warranty,true,[],dupage_soa,https://propertylookup.dupagecounty.gov/datalets/datalet.aspx,2026-04-26 04:56:35.672916,2,412 BENNACOTT LN BURR RIDGE IL 60521,
dupage,0936309003,2019-03-04,541000.0,DPSOA-15243,warranty,true,[],dupage_soa,https://propertylookup.dupagecounty.gov/datalets/datalet.aspx,2026-04-26 04:56:38.382432,2,424 BENNACOTT LN BURR RIDGE IL 60527,
dupage,0936309005,2019-10-28,465000.0,DPSOA-98162,warranty,true,[],dupage_soa,https://propertylookup.dupagecounty.gov/datalets/datalet.aspx,2026-04-26 04:56:43.747879,2,8495 DOLFOR CV BURR RIDGE IL 60527,
dupage,0936309008,2023-12-11,737000.0,DPSOA-23078580,warranty,true,[],dupage_soa,https://propertylookup.dupagecounty.gov/datalets/datalet.aspx,2026-04-26 04:56:51.623196,3,402 PARKVIEW PL BURR RIDGE IL 60527,
dupage,0936309026,2014-09-12,680000.0,DPSOA-83533,warranty,true,[],dupage_soa,https://propertylookup.dupagecounty.gov/datalets/datalet.aspx,2026-04-26 04:57:10.054624,2,8600 DOLFOR COVE BURR RIDGE IL 60521,
dupage,0936309028,2024-01-17,780000.0,DPSOA-24002811,warranty,true,[],dupage_soa,https://propertylookup.dupagecounty.gov/datalets/datalet.aspx,2026-04-26 04:57:15.391898,3,8560 DOLFOR COVE BURR RIDGE IL 60527,
dupage,0936310009,2024-10-29,845000.0,DPSOA-24064427,warranty,true,[],dupage_soa,https://propertylookup.dupagecounty.gov/datalets/datalet.aspx,2026-04-26 05:00:30.99635,3,8472 KIMBERLY CT BURR RIDGE IL 60527,
dupage,0936310031,2020-02-05,447500.0,DPSOA-12484,warranty,true,[],dupage_soa,https://propertylookup.dupagecounty.gov/datalets/datalet.aspx,2026-04-26 05:01:38.933581,2,731 CAMELOT DR BURR RIDGE IL 60527,
dupage,0936311014,2014-07-21,485000.0,DPSOA-63404,warranty,true,[],dupage_soa,https://propertylookup.dupagecounty.gov/datalets/datalet.aspx,2026-04-26 05:01:47.768952,2,512 LEONARD LN BURR RIDGE IL 60521,
dupage,0936311024,2013-06-04,558750.0,DPSOA-80843,warranty,true,[],dupage_soa,https://propertylookup.dupagecounty.gov/datalets/datalet.aspx,2026-04-26 05:02:17.088697,2,475 87TH ST BURR RIDGE IL 60527,
dupage,0936311028,2015-08-11,472000.0,DPSOA-89003,warranty,true,[],dupage_soa,https://propertylookup.dupagecounty.gov/datalets/datalet.aspx,2026-04-26 05:02:29.032876,2,15W525 87TH ST BURR RIDGE IL 60527,
dupage,0936311029,2016-01-13,516000.0,DPSOA-3888,warranty,true,[],dupage_soa,https://propertylookup.dupagecounty.gov/datalets/datalet.aspx,2026-04-26 05:02:31.797678,2,15W537 87TH ST BURR RIDGE IL 60527,
dupage,0936311031,2018-06-11,511400.0,DPSOA-51870,warranty,true,[],dupage_soa,https://propertylookup.dupagecounty.gov/datalets/datalet.aspx,2026-04-26 05:02:37.431192,2,561 87TH ST BURR RIDGE IL 60527,
dupage,0936311032,2022-04-18,553450.0,DPSOA-39088,warranty,true,[],dupage_soa,https://propertylookup.dupagecounty.gov/datalets/datalet.aspx,2026-04-26 05:02:40.202224,3,573 87TH ST BURR RIDGE IL 60527,
dupage,0936311034,2016-12-16,560000.0,DPSOA-139698,warranty,true,[],dupage_soa,https://propertylookup.dupagecounty.gov/datalets/datalet.aspx,2026-04-26 05:02:46.150025,2,8514 CLYNDERVEN RD BURR RIDGE IL 60527,
dupage,0936311035,2015-08-06,585000.0,DPSOA-86902,warranty,true,[],dupage_soa,https://propertylookup.dupagecounty.gov/datalets/datalet.aspx,2026-04-26 05:02:49.102756,2,8526 CLYNDERVEN RD BURR RIDGE IL 60527,
dupage,0936311042,2021-08-25,780000.0,DPSOA-127539,warranty,true,[],dupage_soa,https://propertylookup.dupagecounty.gov/datalets/datalet.aspx,2026-04-26 05:03:09.35418,3,560 CONWAY CT BURR RIDGE IL 60527,
dupage,0936312002,2015-10-09,1300000.0,DPSOA-112182,warranty,true,[],dupage_soa,https://propertylookup.dupagecounty.gov/datalets/datalet.aspx,2026-04-26 05:03:21.058157,2,129 KRAML DR BURR RIDGE IL 60521,
dupage,0936312006,2023-11-13,1325000.0,DPSOA-23072979,warranty,true,[],dupage_soa,https://propertylookup.dupagecounty.gov/datalets/datalet.aspx,2026-04-26 05:03:32.730267,3,4 ROANOKE CT BURR RIDGE IL 60527,
dupage,0936312008,2021-02-19,1280000.0,DPSOA-27425,warranty,true,[],dupage_soa,https://propertylookup.dupagecounty.gov/datalets/datalet.aspx,2026-04-26 05:03:38.290661,3,3 ROANOKE CT BURR RIDGE IL 60527,
dupage,0936312011,2021-10-25,265000.0,DPSOA-156697,warranty,true,[],dupage_soa,https://propertylookup.dupagecounty.gov/datalets/datalet.aspx,2026-04-26 05:03:46.451815,3,105 KRAML DR WILLOWBROOK IL 60527,
dupage,0936312014,2014-06-30,1180000.0,DPSOA-56395,warranty,true,[],dupage_soa,https://propertylookup.dupagecounty.gov/datalets/datalet.aspx,2026-04-26 05:06:07.140423,2,143 KRAML DR BURR RIDGE IL 60527,
dupage,0936312015,2022-05-11,950000.0,DPSOA-47051,warranty,true,[],dupage_soa,https://propertylookup.dupagecounty.gov/datalets/datalet.aspx,2026-04-26 05:06:31.957073,3,141 KRAML DR BURR RIDGE IL 60527,
dupage,0936400023,2018-05-21,950000.0,DPSOA-44528,warranty,true,[],dupage_soa,https://propertylookup.dupagecounty.gov/datalets/datalet.aspx,2026-04-26 05:07:12.685697,2,8670 S COUNTY LINE RD BURR RIDGE IL 60527,
dupage,0936400038,2022-04-08,725000.0,DPSOA-36098,warranty,true,[],dupage_soa,https://propertylookup.dupagecounty.gov/datalets/datalet.aspx,2026-04-26 05:07:29.802406,3,8300 S COUNTY LINE RD BURR RIDGE IL 60527,
dupage,0936402010,2021-07-14,480000.0,DPSOA-106776,warranty,true,[],dupage_soa,https://propertylookup.dupagecounty.gov/datalets/datalet.aspx,2026-04-26 05:08:11.985779,3,333 TAMERTON PKWY BURR RIDGE IL 60527,
dupage,0936403003,2017-06-27,338000.0,DPSOA-64041,warranty,true,[],dupage_soa,https://propertylookup.dupagecounty.gov/datalets/datalet.aspx,2026-04-26 05:08:23.480227,2,364 TAMERTON PKWY BURR RIDGE IL 60527,
dupage,0936403006,2018-09-05,500000.0,DPSOA-83472,warranty,true,[],dupage_soa,https://propertylookup.dupagecounty.gov/datalets/datalet.aspx,2026-04-26 05:08:32.277554,2,316 TAMERTON PKWY BURR RIDGE IL 60521,
dupage,0936403015,2022-01-03,590000.0,DPSOA-577,warranty,true,[],dupage_soa,https://propertylookup.dupagecounty.gov/datalets/datalet.aspx,2026-04-26 05:08:57.5046,3,8424 S PARK AVE BURR RIDGE IL 60527,
dupage,0936404002,2023-06-22,555000.0,DPSOA-23038990,warranty,true,[],dupage_soa,https://propertylookup.dupagecounty.gov/datalets/datalet.aspx,2026-04-26 05:09:17.150622,3,8313 PARK AVE BURR RIDGE IL 60527,
dupage,0936404005,2024-08-08,720000.0,DPSOA-24045537,warranty,true,[],dupage_soa,https://propertylookup.dupagecounty.gov/datalets/datalet.aspx,2026-04-26 05:09:25.676746,3,8349 S PARK AVE BURR RIDGE IL 60527,
dupage,0936404006,2020-01-03,470000.0,DPSOA-852,warranty,true,[],dupage_soa,https://propertylookup.dupagecounty.gov/datalets/datalet.aspx,2026-04-26 05:09:28.574202,2,8361 S PARK AVE BURR RIDGE IL 60527,
dupage,0936404008,2019-02-05,450000.0,DPSOA-8527,warranty,true,[],dupage_soa,https://propertylookup.dupagecounty.gov/datalets/datalet.aspx,2026-04-26 05:09:40.254548,2,8413 S PARK AVE BURR RIDGE IL 60527,
dupage,0936404009,2014-08-08,461000.0,DPSOA-70894,warranty,true,[],dupage_soa,https://propertylookup.dupagecounty.gov/datalets/datalet.aspx,2026-04-26 05:10:04.171774,2,8425 S PARK AVE BURR RIDGE IL 60521,
dupage,0936404011,2021-09-01,779000.0,DPSOA-131729,warranty,true,[],dupage_soa,https://propertylookup.dupagecounty.gov/datalets/datalet.aspx,2026-04-26 05:11:28.923015,3,8449 S PARK AVE BURR RIDGE IL 60527,
dupage,0936404017,2024-10-02,651600.0,DPSOA-24057879,warranty,true,[],dupage_soa,https://propertylookup.dupagecounty.gov/datalets/datalet.aspx,2026-04-26 05:12:34.027925,3,217 LAKEWOOD CIR BURR RIDGE IL 60527,
dupage,0936404030,2014-06-17,703500.0,DPSOA-51426,warranty,true,[],dupage_soa,https://propertylookup.dupagecounty.gov/datalets/datalet.aspx,2026-04-26 05:13:09.250362,2,32 DEER PATH TR BURR RIDGE IL 60527,
dupage,0936404033,2019-05-23,582000.0,DPSOA-40101,warranty,true,[],dupage_soa,https://propertylookup.dupagecounty.gov/datalets/datalet.aspx,2026-04-26 05:13:17.391712,2,20 DEER PATH TRL BURR RIDGE IL 60527,
dupage,0936404037,2020-11-10,1275000.0,DPSOA-133245,warranty,true,[],dupage_soa,https://propertylookup.dupagecounty.gov/datalets/datalet.aspx,2026-04-26 05:13:30.977118,2,39 HIDDEN LAKE DR BURR RIDGE IL 60527,
dupage,0936404043,2022-04-29,910000.0,DPSOA-43201,warranty,true,[],dupage_soa,https://propertylookup.dupagecounty.gov/datalets/datalet.aspx,2026-04-26 05:13:47.268613,3,11 COVE CT BURR RIDGE IL 60527,
dupage,0936404047,2024-08-09,1550000.0,DPSOA-24045740,warranty,true,[],dupage_soa,https://propertylookup.dupagecounty.gov/datalets/datalet.aspx,2026-04-26 05:13:58.405704,3,9 HIDDEN LAKE DR BURR RIDGE IL 60527,
dupage,0936404048,2016-04-29,750000.0,DPSOA-41402,warranty,true,[],dupage_soa,https://propertylookup.dupagecounty.gov/datalets/datalet.aspx,2026-04-26 05:14:01.194756,2,1 HIDDEN LAKE DR BURR RIDGE IL 60527,
dupage,0936405002,2018-10-16,533000.0,DPSOA-97353,warranty,true,[],dupage_soa,https://propertylookup.dupagecounty.gov/datalets/datalet.aspx,2026-04-26 05:14:06.701808,2,8474 HEATHER DR BURR RIDGE IL 60527,
dupage,0936405005,2022-07-15,665000.0,DPSOA-22067848,warranty,true,[],dupage_soa,https://propertylookup.dupagecounty.gov/datalets/datalet.aspx,2026-04-26 05:14:14.790731,3,8532 HEATHER DR BURR RIDGE IL 60527,
dupage,0936405006,2013-08-14,550000.0,DPSOA-118490,warranty,true,[],dupage_soa,https://propertylookup.dupagecounty.gov/datalets/datalet.aspx,2026-04-26 05:14:17.65096,2,8548 HEATHER DR BURR RIDGE IL 60527,
dupage,0936405011,2023-05-11,729000.0,DPSOA-23028876,warranty,true,[],dupage_soa,https://propertylookup.dupagecounty.gov/datalets/datalet.aspx,2026-04-26 05:14:31.273028,3,8648 HEATHER DR BURR RIDGE IL 60527,
dupage,0936405013,2022-10-18,550000.0,DPSOA-22094407,warranty,true,[],dupage_soa,https://propertylookup.dupagecounty.gov/datalets/datalet.aspx,2026-04-26 05:14:36.912509,3,8680 HEATHER DR BURR RIDGE IL 60527,
dupage,0936406005,2024-06-27,830000.0,DPSOA-24036143,warranty,true,[],dupage_soa,https://propertylookup.dupagecounty.gov/datalets/datalet.aspx,2026-04-26 05:14:50.626362,3,8565 HEATHER DR BURR RIDGE IL 60527,
dupage,0936406007,2017-03-28,540000.0,DPSOA-29694,warranty,true,[],dupage_soa,https://propertylookup.dupagecounty.gov/datalets/datalet.aspx,2026-04-26 05:14:56.161244,2,8617 HEATHER DR BURR RIDGE IL 60521,
dupage,0936406008,2022-03-28,775000.0,DPSOA-31369,warranty,true,[],dupage_soa,https://propertylookup.dupagecounty.gov/datalets/datalet.aspx,2026-04-26 05:14:58.896336,3,8633 HEATHER DR BURR RIDGE IL 60527,
dupage,0936406013,2014-11-12,725000.0,DPSOA-106518,warranty,true,[],dupage_soa,https://propertylookup.dupagecounty.gov/datalets/datalet.aspx,2026-04-26 05:15:17.189941,2,282 LAKEWOOD CIR BURR RIDGE IL 60527,
dupage,0936406014,2014-08-26,585000.0,DPSOA-77189,warranty,true,[],dupage_soa,https://propertylookup.dupagecounty.gov/datalets/datalet.aspx,2026-04-26 05:15:20.053718,2,266 LAKEWOOD CIR BURR RIDGE IL 60527,
dupage,0936406015,2023-05-11,715000.0,DPSOA-23028724,warranty,true,[],dupage_soa,https://propertylookup.dupagecounty.gov/datalets/datalet.aspx,2026-04-26 05:15:22.910651,3,250 LAKEWOOD CIR BURR RIDGE IL 60527,
dupage,0936406017,2023-11-28,899000.0,DPSOA-23075770,warranty,true,[],dupage_soa,https://propertylookup.dupagecounty.gov/datalets/datalet.aspx,2026-04-26 05:16:41.758925,3,105 LAKEWOOD CIR BURR RIDGE IL 60521,
dupage,0936406023,2024-12-24,660500.0,DPSOA-24076675,warranty,true,[],dupage_soa,https://propertylookup.dupagecounty.gov/datalets/datalet.aspx,2026-04-26 05:17:56.074904,3,8564 WEDGEWOOD DR BURR RIDGE IL 60527,
dupage,0936407018,2020-03-18,891111.0,DPSOA-27161,warranty,true,[],dupage_soa,https://propertylookup.dupagecounty.gov/datalets/datalet.aspx,2026-04-26 05:18:44.553828,2,16 HIDDEN LAKE DR BURR RIDGE IL 60527,
dupage,0936407020,2022-09-29,1200000.0,DPSOA-22089189,warranty,true,[],dupage_soa,https://propertylookup.dupagecounty.gov/datalets/datalet.aspx,2026-04-26 05:18:50.191403,3,2 HIDDEN LAKE DR BURR RIDGE IL 60527,
dupage,0936407023,2016-01-21,2050000.0,DPSOA-6644,warranty,true,[],dupage_soa,https://propertylookup.dupagecounty.gov/datalets/datalet.aspx,2026-04-26 05:18:58.37,2,8601 WEDGEWOOD DR BURR RIDGE IL 60527,
dupage,0936407024,2014-06-20,2500000.0,DPSOA-52665,warranty,true,[],dupage_soa,https://propertylookup.dupagecounty.gov/datalets/datalet.aspx,2026-04-26 05:19:01.199739,2,8657 WEDGEWOOD DR BURR RIDGE IL 60527,
dupage,0936408008,2019-11-13,819500.0,DPSOA-104527,warranty,true,[],dupage_soa,https://propertylookup.dupagecounty.gov/datalets/datalet.aspx,2026-04-26 05:19:22.589657,2,39 FAWN CT BURR RIDGE IL 60527,
dupage,0936408020,2013-07-16,1420000.0,DPSOA-102802,warranty,true,[],dupage_soa,https://propertylookup.dupagecounty.gov/datalets/datalet.aspx,2026-04-26 05:19:51.793745,2,8350 FARS COVE BURR RIDGE IL 60527,
dupage,0936408023,2023-03-20,700000.0,DPSOA-23016809,warranty,true,[],dupage_soa,https://propertylookup.dupagecounty.gov/datalets/datalet.aspx,2026-04-26 05:19:54.470443,3,8324 S COUNTY LINE RD BURR RIDGE IL 60527,
dupage,0936408024,2020-11-06,980000.0,DPSOA-131816,warranty,true,[],dupage_soa,https://propertylookup.dupagecounty.gov/datalets/datalet.aspx,2026-04-26 05:19:57.219647,2,8370 FARS CV BURR RIDGE IL 60527,
dupage,1001100030,2015-06-11,812500.0,DPSOA-62538,warranty,true,[],dupage_soa,https://propertylookup.dupagecounty.gov/datalets/datalet.aspx,2026-04-26 05:20:34.492348,2,8720 POLO RIDGE CT BURR RIDGE IL 60527,
dupage,1001100035,2020-06-17,1105000.0,DPSOA-62718,warranty,true,[],dupage_soa,https://propertylookup.dupagecounty.gov/datalets/datalet.aspx,2026-04-26 05:20:45.430295,2,15W760 89TH ST BURR RIDGE IL 60527,
dupage,1001102003,2015-01-06,315000.0,DPSOA-1353,warranty,true,[],dupage_soa,https://propertylookup.dupagecounty.gov/datalets/datalet.aspx,2026-04-26 05:23:52.330345,2,VINE ST BURR RIDGE IL 60527,
dupage,1001102004,2015-10-02,755000.0,DPSOA-109712,warranty,true,[],dupage_soa,https://propertylookup.dupagecounty.gov/datalets/datalet.aspx,2026-04-26 05:23:55.00466,2,10S265 S VINE ST BURR RIDGE IL 60527,
dupage,1001103008,2013-06-17,670000.0,DPSOA-87294,warranty,true,[],dupage_soa,https://propertylookup.dupagecounty.gov/datalets/datalet.aspx,2026-04-26 05:24:13.940207,2,9080 TURNBERRY DR BURR RIDGE IL 60527,
dupage,1001103011,2019-10-24,850000.0,DPSOA-97212,warranty,true,[],dupage_soa,https://propertylookup.dupagecounty.gov/datalets/datalet.aspx,2026-04-26 05:24:21.920817,2,9020 TURNBERRY DR BURR RIDGE IL 60527,
dupage,1001103012,2021-05-24,990000.0,DPSOA-80056,warranty,true,[],dupage_soa,https://propertylookup.dupagecounty.gov/datalets/datalet.aspx,2026-04-26 05:24:24.593987,3,9000 TURNBERRY DR BURR RIDGE IL 60527,
dupage,1001103013,2020-01-06,875000.0,DPSOA-1566,warranty,true,[],dupage_soa,https://propertylookup.dupagecounty.gov/datalets/datalet.aspx,2026-04-26 05:24:27.348842,2,15W696 90TH ST BURR RIDGE IL 60527,
dupage,1001104014,2017-01-30,300000.0,DPSOA-10588,warranty,true,[],dupage_soa,https://propertylookup.dupagecounty.gov/datalets/datalet.aspx,2026-04-26 05:24:45.443584,2,15W601 89TH ST HINSDALE IL 60521,
dupage,1001104020,2015-07-14,692500.0,DPSOA-76233,warranty,true,[],dupage_soa,https://propertylookup.dupagecounty.gov/datalets/datalet.aspx,2026-04-26 05:24:58.489702,2,4 TURNBERRY CT BURR RIDGE IL 60527,
dupage,1001104023,2016-12-20,1250000.0,DPSOA-141055,warranty,true,[],dupage_soa,https://propertylookup.dupagecounty.gov/datalets/datalet.aspx,2026-04-26 05:25:06.473413,2,15W599 89TH ST BURR RIDGE IL 60527,
dupage,1001105007,2024-07-08,984000.0,DPSOA-24038290,warranty,true,[],dupage_soa,https://propertylookup.dupagecounty.gov/datalets/datalet.aspx,2026-04-26 05:25:30.124209,3,8749 AINTREE LN BURR RIDGE IL 60527,
dupage,1001105009,2014-03-21,550000.0,DPSOA-23347,warranty,true,[],dupage_soa,https://propertylookup.dupagecounty.gov/datalets/datalet.aspx,2026-04-26 05:25:35.568533,2,8725 AINTREE LN BURR RIDGE IL 60527,
dupage,1001106002,2021-04-30,620000.0,DPSOA-68058,warranty,true,[],dupage_soa,https://propertylookup.dupagecounty.gov/datalets/datalet.aspx,2026-04-26 05:25:45.977475,3,1 HUNTER CT BURR RIDGE IL 60527,
dupage,1001106007,2023-03-20,885000.0,DPSOA-23016596,warranty,true,[],dupage_soa,https://propertylookup.dupagecounty.gov/datalets/datalet.aspx,2026-04-26 05:25:59.519743,3,2 HUNTER CT BURR RIDGE IL 60527,
dupage,1001106034,2017-05-18,840000.0,DPSOA-48614,warranty,true,[],dupage_soa,https://propertylookup.dupagecounty.gov/datalets/datalet.aspx,2026-04-26 05:29:31.510431,2,5 TODOR CT BURR RIDGE IL 60527,
dupage,1001107004,2019-08-20,730500.0,DPSOA-71794,warranty,true,[],dupage_soa,https://propertylookup.dupagecounty.gov/datalets/datalet.aspx,2026-04-26 05:29:42.029677,2,8811 S GRANT ST BURR RIDGE IL 60521,
dupage,1001107009,2021-02-16,520000.0,DPSOA-24472,warranty,true,[],dupage_soa,https://propertylookup.dupagecounty.gov/datalets/datalet.aspx,2026-04-26 05:29:55.547979,3,500 DEVON DR BURR RIDGE IL 60527,
dupage,1001107011,2014-09-02,619500.0,DPSOA-79197,warranty,true,[],dupage_soa,https://propertylookup.dupagecounty.gov/datalets/datalet.aspx,2026-04-26 05:30:00.758405,2,440 DEVON DR BURR RIDGE IL 60527,
dupage,1001107017,2016-12-01,660000.0,DPSOA-133001,warranty,true,[],dupage_soa,https://propertylookup.dupagecounty.gov/datalets/datalet.aspx,2026-04-26 05:30:16.334424,2,8712 AINTREE LN BURR RIDGE IL 60527,
dupage,1001109010,2013-03-18,655000.0,DPSOA-40717,warranty,true,[],dupage_soa,https://propertylookup.dupagecounty.gov/datalets/datalet.aspx,2026-04-26 05:31:23.831717,2,6 MORGAN CT BURR RIDGE IL 60527,
dupage,1001109011,2016-07-12,565000.0,DPSOA-71120,warranty,true,[],dupage_soa,https://propertylookup.dupagecounty.gov/datalets/datalet.aspx,2026-04-26 05:31:26.586246,2,4 MORGAN CT BURR RIDGE IL 60527,
dupage,1001109012,2018-10-18,546000.0,DPSOA-98221,warranty,true,[],dupage_soa,https://propertylookup.dupagecounty.gov/datalets/datalet.aspx,2026-04-26 05:31:29.307044,2,430 WESTMINSTER DR BURR RIDGE IL 60527,
dupage,1001109015,2023-09-07,899000.0,DPSOA-23057707,warranty,true,[],dupage_soa,https://propertylookup.dupagecounty.gov/datalets/datalet.aspx,2026-04-26 05:31:37.357138,3,8 MORGAN CT BURR RIDGE IL 60527,
dupage,1001202005,2013-05-14,681000.0,DPSOA-70019,warranty,true,[],dupage_soa,https://propertylookup.dupagecounty.gov/datalets/datalet.aspx,2026-04-26 05:35:02.858965,2,8840 ROYAL DR BURR RIDGE IL 60527,
dupage,1001203006,2017-06-26,520000.0,DPSOA-63433,warranty,true,[],dupage_soa,https://propertylookup.dupagecounty.gov/datalets/datalet.aspx,2026-04-26 05:35:21.492697,2,4 BRIDLE CT BURR RIDGE IL 60521,
dupage,1001203013,2017-12-19,525000.0,DPSOA-129553,warranty,true,[],dupage_soa,https://propertylookup.dupagecounty.gov/datalets/datalet.aspx,2026-04-26 05:35:40.198816,2,221 DEVON DR BURR RIDGE IL 60527,
dupage,1001203014,2020-02-11,640000.0,DPSOA-14277,warranty,true,[],dupage_soa,https://propertylookup.dupagecounty.gov/datalets/datalet.aspx,2026-04-26 05:35:42.911242,2,211 DEVON DR BURR RIDGE IL 60527,
dupage,1001203016,2015-08-03,675000.0,DPSOA-85000,warranty,true,[],dupage_soa,https://propertylookup.dupagecounty.gov/datalets/datalet.aspx,2026-04-26 05:35:48.375656,2,8710 WEDGEWOOD DR BURR RIDGE IL 60527,
dupage,1001203017,2023-02-01,690000.0,DPSOA-23006290,warranty,true,[],dupage_soa,https://propertylookup.dupagecounty.gov/datalets/datalet.aspx,2026-04-26 05:35:51.194684,3,2 HANOVER CT BURR RIDGE IL 60527,
dupage,1001203022,2020-07-10,535000.0,DPSOA-73045,warranty,true,[],dupage_soa,https://propertylookup.dupagecounty.gov/datalets/datalet.aspx,2026-04-26 05:36:04.600721,2,8720 WEDGEWOOD DR BURR RIDGE IL 60527,
dupage,1001204004,2019-11-12,537500.0,DPSOA-103576,warranty,true,[],dupage_soa,https://propertylookup.dupagecounty.gov/datalets/datalet.aspx,2026-04-26 05:36:44.548848,2,2 SADDLE CT BURR RIDGE IL 60527,
dupage,1001204006,2022-08-01,795000.0,DPSOA-22072398,warranty,true,[],dupage_soa,https://propertylookup.dupagecounty.gov/datalets/datalet.aspx,2026-04-26 05:36:49.962916,3,8721 WEDGEWOOD DR BURR RIDGE IL 60527,
dupage,1001204007,2022-08-01,795000.0,DPSOA-22072398,warranty,true,[],dupage_soa,https://propertylookup.dupagecounty.gov/datalets/datalet.aspx,2026-04-26 05:36:52.62955,3,8721 WEDGEWOOD DR BURR RIDGE IL 60527,
dupage,1001205001,2024-08-02,910000.0,DPSOA-24044311,warranty,true,[],dupage_soa,https://propertylookup.dupagecounty.gov/datalets/datalet.aspx,2026-04-26 05:37:11.470944,3,8920 ROYAL DR BURR RIDGE IL 60521,
dupage,1001207004,2020-07-16,464500.0,DPSOA-75607,warranty,true,[],dupage_soa,https://propertylookup.dupagecounty.gov/datalets/datalet.aspx,2026-04-26 05:37:29.908695,2,240 DEVON DR BURR RIDGE IL 60527,
dupage,1001207005,2024-02-06,1075000.0,DPSOA-24006590,warranty,true,[],dupage_soa,https://propertylookup.dupagecounty.gov/datalets/datalet.aspx,2026-04-26 05:37:32.66993,3,230 DEVON DR BURR RIDGE IL 60527,
dupage,1001207008,2018-04-27,619000.0,DPSOA-36657,warranty,true,[],dupage_soa,https://propertylookup.dupagecounty.gov/datalets/datalet.aspx,2026-04-26 05:39:29.895407,2,8931 ROYAL DR BURR RIDGE IL 60527,
dupage,1001207009,2018-10-15,560000.0,DPSOA-96838,warranty,true,[],dupage_soa,https://propertylookup.dupagecounty.gov/datalets/datalet.aspx,2026-04-26 05:40:02.687903,2,8941 ROYAL DR BURR RIDGE IL 60527,
dupage,1001207011,2024-03-13,825000.0,DPSOA-24013317,warranty,true,[],dupage_soa,https://propertylookup.dupagecounty.gov/datalets/datalet.aspx,2026-04-26 05:40:08.851008,3,9001 ROYAL DR BURR RIDGE IL 60527,
dupage,1001207025,2015-01-20,650000.0,DPSOA-5609,warranty,true,[],dupage_soa,https://propertylookup.dupagecounty.gov/datalets/datalet.aspx,2026-04-26 05:40:45.896066,2,8960 ENCLAVE DR BURR RIDGE IL 60527,
dupage,1001207035,2024-11-19,950000.0,DPSOA-24069164,warranty,true,[],dupage_soa,https://propertylookup.dupagecounty.gov/datalets/datalet.aspx,2026-04-26 05:41:12.826925,3,9011 ENCLAVE DR BURR RIDGE IL 60527,
dupage,1001207037,2023-08-15,890000.0,DPSOA-23052055,warranty,true,[],dupage_soa,https://propertylookup.dupagecounty.gov/datalets/datalet.aspx,2026-04-26 05:41:18.280137,3,3 ENCLAVE CT BURR RIDGE IL 60527,
dupage,1001207050,2013-05-29,830000.0,DPSOA-77303,warranty,true,[],dupage_soa,https://propertylookup.dupagecounty.gov/datalets/datalet.aspx,2026-04-26 05:41:52.462242,2,141 ASHTON DR BURR RIDGE IL 60521,
dupage,1001207057,2024-05-06,925000.0,DPSOA-24024516,warranty,true,[],dupage_soa,https://propertylookup.dupagecounty.gov/datalets/datalet.aspx,2026-04-26 05:42:11.815913,3,202 ASHTON DR BURR RIDGE IL 60527,
dupage,1001207059,2020-05-27,560000.0,DPSOA-53100,warranty,true,[],dupage_soa,https://propertylookup.dupagecounty.gov/datalets/datalet.aspx,2026-04-26 05:42:17.135456,2,172 ASHTON DR BURR RIDGE IL 60527,
dupage,1001207064,2021-11-17,1800000.0,DPSOA-167775,warranty,true,[],dupage_soa,https://propertylookup.dupagecounty.gov/datalets/datalet.aspx,2026-04-26 05:42:30.864051,3,102 ASHTON DR HINSDALE IL 60521,
dupage,1001207068,2022-01-03,1200000.0,DPSOA-376,warranty,true,[],dupage_soa,https://propertylookup.dupagecounty.gov/datalets/datalet.aspx,2026-04-26 05:42:36.186819,3,20 ASHTON DR BURR RIDGE IL 60527,
dupage,1001207073,2022-05-09,285000.0,DPSOA-46222,warranty,true,[],dupage_soa,https://propertylookup.dupagecounty.gov/datalets/datalet.aspx,2026-04-26 05:42:49.503432,3,140 GLENMORA DR HINSDALE IL 60521,
dupage,1001207075,2021-11-04,1000000.0,DPSOA-161728,warranty,true,[],dupage_soa,https://propertylookup.dupagecounty.gov/datalets/datalet.aspx,2026-04-26 05:42:54.722689,3,80 ASHTON DR BURR RIDGE IL 60527,
dupage,1001207081,2023-09-08,215000.0,DPSOA-23057956,warranty,true,[],dupage_soa,https://propertylookup.dupagecounty.gov/datalets/datalet.aspx,2026-04-26 05:43:44.845492,3,15W050 91ST ST BURR RIDGE IL 60527,
dupage,1001208001,2016-06-16,765000.0,DPSOA-60375,warranty,true,[],dupage_soa,https://propertylookup.dupagecounty.gov/datalets/datalet.aspx,2026-04-26 05:45:42.785389,2,8963 ENCLAVE DR BURR RIDGE IL 60527,
dupage,1001209005,2017-07-26,1550000.0,DPSOA-75596,warranty,true,[],dupage_soa,https://propertylookup.dupagecounty.gov/datalets/datalet.aspx,2026-04-26 05:45:58.984169,2,21 ASHTON DR BURR RIDGE IL 60527,
dupage,1001209006,2023-06-09,931000.0,DPSOA-23035978,warranty,true,[],dupage_soa,https://propertylookup.dupagecounty.gov/datalets/datalet.aspx,2026-04-26 05:46:01.811575,3,8945 GLENMORA LN BURR RIDGE IL 60521,
dupage,1001209007,2021-02-04,219000.0,DPSOA-19536,warranty,true,[],dupage_soa,https://propertylookup.dupagecounty.gov/datalets/datalet.aspx,2026-04-26 05:46:04.567073,3,115 GLENMORA DR BURR RIDGE IL 60527,
dupage,1001209008,2015-02-12,860000.0,DPSOA-13791,warranty,true,[],dupage_soa,https://propertylookup.dupagecounty.gov/datalets/datalet.aspx,2026-04-26 05:46:07.22995,2,125 GLENMORA DR BURR RIDGE IL 60521,
dupage,1001209012,2017-07-27,335000.0,DPSOA-76001,warranty,true,[],dupage_soa,https://propertylookup.dupagecounty.gov/datalets/datalet.aspx,2026-04-26 05:46:17.902078,2,6 SHENANDOAH CT BURR RIDGE IL 60527,
dupage,1001210004,2024-09-16,350000.0,DPSOA-24054122,warranty,true,[],dupage_soa,https://propertylookup.dupagecounty.gov/datalets/datalet.aspx,2026-04-26 05:46:33.712749,3,1 SHENANDOAH CT BURR RIDGE IL 60527,
dupage,1001210009,2021-02-26,850000.0,DPSOA-30987,warranty,true,[],dupage_soa,https://propertylookup.dupagecounty.gov/datalets/datalet.aspx,2026-04-26 05:46:44.609977,3,9 SHENANDOAH CT BURR RIDGE IL 60527,
dupage,1001300001,2021-01-29,210000.0,DPSOA-15881,warranty,true,[],dupage_soa,https://propertylookup.dupagecounty.gov/datalets/datalet.aspx,2026-04-26 05:46:47.291663,3,10S411 MADISON ST BURR RIDGE IL 60527,
dupage,1001301001,2024-09-25,950000.0,DPSOA-24056568,warranty,true,[],dupage_soa,https://propertylookup.dupagecounty.gov/datalets/datalet.aspx,2026-04-26 05:47:13.897655,3,10S501 MADISON ST BURR RIDGE IL 60527,
dupage,1001301002,2024-01-31,387000.0,DPSOA-24005405,warranty,true,[],dupage_soa,https://propertylookup.dupagecounty.gov/datalets/datalet.aspx,2026-04-26 05:47:16.66092,3,10S513 MADISON ST BURR RIDGE IL 60527,
dupage,1001301006,2017-06-13,420000.0,DPSOA-58102,warranty,true,[],dupage_soa,https://propertylookup.dupagecounty.gov/datalets/datalet.aspx,2026-04-26 05:47:26.999725,2,10S571 MADISON ST BURR RIDGE IL 60521,
dupage,1001301007,2024-10-23,575000.0,DPSOA-24063032,warranty,true,[],dupage_soa,https://propertylookup.dupagecounty.gov/datalets/datalet.aspx,2026-04-26 05:47:29.675882,3,10S581 MADISON ST BURR RIDGE IL 60521,
dupage,1001301010,2015-08-03,363000.0,DPSOA-84578,warranty,true,[],dupage_soa,https://propertylookup.dupagecounty.gov/datalets/datalet.aspx,2026-04-26 05:47:37.117565,2,10S512 GLENN DR BURR RIDGE IL 60527,
dupage,1001301013,2019-06-24,395000.0,DPSOA-50251,warranty,true,[],dupage_soa,https://propertylookup.dupagecounty.gov/datalets/datalet.aspx,2026-04-26 05:47:45.431317,2,10S550 GLENN DR BURR RIDGE IL 60527,
dupage,1001301015,2023-09-15,835000.0,DPSOA-23059839,warranty,true,[],dupage_soa,https://propertylookup.dupagecounty.gov/datalets/datalet.aspx,2026-04-26 05:47:50.530781,3,10S580 GLENN DR BURR RIDGE IL 60527,
dupage,1001301022,2024-08-21,948000.0,DPSOA-24048470,warranty,true,[],dupage_soa,https://propertylookup.dupagecounty.gov/datalets/datalet.aspx,2026-04-26 05:48:09.299658,3,9305 S MADISON ST BURR RIDGE IL 60527,
dupage,1001302006,2014-03-06,449000.0,DPSOA-18624,warranty,true,[],dupage_soa,https://propertylookup.dupagecounty.gov/datalets/datalet.aspx,2026-04-26 05:48:38.839762,2,10S501 GLENN DR BURR RIDGE IL 60521,
dupage,1001302015,2022-04-14,695000.0,DPSOA-37809,warranty,true,[],dupage_soa,https://propertylookup.dupagecounty.gov/datalets/datalet.aspx,2026-04-26 05:51:13.107152,3,10S667 GLENN DR BURR RIDGE IL 60527,
dupage,1001302024,2024-07-25,885000.0,DPSOA-24042413,warranty,true,[],dupage_soa,https://propertylookup.dupagecounty.gov/datalets/datalet.aspx,2026-04-26 05:51:23.553443,3,2 KERI LN BURR RIDGE IL 60527,
dupage,1001302025,2022-02-25,745000.0,DPSOA-20614,warranty,true,[],dupage_soa,https://propertylookup.dupagecounty.gov/datalets/datalet.aspx,2026-04-26 05:51:26.197348,3,4 KERI LN BURR RIDGE IL 60527,
dupage,1001302028,2018-08-14,640000.0,DPSOA-76302,warranty,true,[],dupage_soa,https://propertylookup.dupagecounty.gov/datalets/datalet.aspx,2026-04-26 05:51:28.903017,2,111 OAK RIDGE DR E BURR RIDGE IL 60527,
dupage,1001302029,2021-01-13,640000.0,DPSOA-6951,warranty,true,[],dupage_soa,https://propertylookup.dupagecounty.gov/datalets/datalet.aspx,2026-04-26 05:51:31.644617,3,113 OAK RIDGE DR E BURR RIDGE IL 60527,
dupage,1001302048,2020-08-18,635000.0,DPSOA-90396,warranty,true,[],dupage_soa,https://propertylookup.dupagecounty.gov/datalets/datalet.aspx,2026-04-26 05:52:13.514495,2,114 CIRCLE RIDGE DR BURR RIDGE IL 60527,
dupage,1001302054,2019-06-05,710000.0,DPSOA-43883,warranty,true,[],dupage_soa,https://propertylookup.dupagecounty.gov/datalets/datalet.aspx,2026-04-26 05:52:28.682329,2,126 CIRCLE RIDGE DR BURR RIDGE IL 60527,
dupage,1001302058,2019-03-08,570000.0,DPSOA-17016,warranty,true,[],dupage_soa,https://propertylookup.dupagecounty.gov/datalets/datalet.aspx,2026-04-26 05:52:39.291206,2,134 CIRCLE RIDGE DR BURR RIDGE IL 60527,
dupage,1001302065,2024-02-23,1010000.0,DPSOA-24009396,warranty,true,[],dupage_soa,https://propertylookup.dupagecounty.gov/datalets/datalet.aspx,2026-04-26 05:52:57.853186,3,148 CIRCLE RIDGE DR BURR RIDGE IL 60527,
dupage,1001302073,2017-09-06,605000.0,DPSOA-92032,warranty,true,[],dupage_soa,https://propertylookup.dupagecounty.gov/datalets/datalet.aspx,2026-04-26 05:53:18.750138,2,9101 DEVON RIDGE DR BURR RIDGE IL 60527,
dupage,1001302076,2015-05-28,1140500.0,DPSOA-56177,warranty,true,[],dupage_soa,https://propertylookup.dupagecounty.gov/datalets/datalet.aspx,2026-04-26 05:53:26.838556,2,1 KERI LN BURR RIDGE IL 60521,
dupage,1001304009,2024-05-13,775000.0,DPSOA-24026121,warranty,true,[],dupage_soa,https://propertylookup.dupagecounty.gov/datalets/datalet.aspx,2026-04-26 05:53:44.753404,3,780 W 94TH ST BURR RIDGE IL 60527,
dupage,1001304010,2018-08-10,450000.0,DPSOA-75209,warranty,true,[],dupage_soa,https://propertylookup.dupagecounty.gov/datalets/datalet.aspx,2026-04-26 05:53:47.51015,2,760 94TH ST BURR RIDGE IL 60527,
dupage,1001304015,2017-08-18,670000.0,DPSOA-85081,warranty,true,[],dupage_soa,https://propertylookup.dupagecounty.gov/datalets/datalet.aspx,2026-04-26 05:54:00.667644,2,103 OAK RIDGE DR W BURR RIDGE IL 60527,
dupage,1001304017,2022-05-24,1137500.0,DPSOA-51030,warranty,true,[],dupage_soa,https://propertylookup.dupagecounty.gov/datalets/datalet.aspx,2026-04-26 05:54:39.29707,3,701 PROVENCAL DR BURR RIDGE IL 60527,
dupage,1001304018,2017-09-08,670000.0,DPSOA-92792,warranty,true,[],dupage_soa,https://propertylookup.dupagecounty.gov/datalets/datalet.aspx,2026-04-26 05:55:04.100177,2,725 PROVENCAL DR BURR RIDGE IL 60527,
dupage,1001304020,2024-01-29,1020000.0,DPSOA-24004959,warranty,true,[],dupage_soa,https://propertylookup.dupagecounty.gov/datalets/datalet.aspx,2026-04-26 05:56:22.597741,3,801 PROVENCAL DR BURR RIDGE IL 60527,
dupage,1001304021,2023-06-16,1000000.0,DPSOA-23037589,warranty,true,[],dupage_soa,https://propertylookup.dupagecounty.gov/datalets/datalet.aspx,2026-04-26 05:56:29.287951,3,9425 S MADISON ST BURR RIDGE IL 60521,
dupage,1001306007,2020-01-07,501000.0,DPSOA-2124,warranty,true,[],dupage_soa,https://propertylookup.dupagecounty.gov/datalets/datalet.aspx,2026-04-26 05:56:42.760223,2,122 OAK RIDGE DR E BURR RIDGE IL 60527,
dupage,1001306008,2013-03-26,828400.0,DPSOA-44594,warranty,true,[],dupage_soa,https://propertylookup.dupagecounty.gov/datalets/datalet.aspx,2026-04-26 05:56:45.505489,2,124 OAK RIDGE DR E BURR RIDGE IL 60527,
dupage,1001307005,2019-06-17,827000.0,DPSOA-47474,warranty,true,[],dupage_soa,https://propertylookup.dupagecounty.gov/datalets/datalet.aspx,2026-04-26 05:57:10.903135,2,117 CIRCLE RIDGE DR BURR RIDGE IL 60527,
dupage,1001307019,2020-08-12,650000.0,DPSOA-87812,warranty,true,[],dupage_soa,https://propertylookup.dupagecounty.gov/datalets/datalet.aspx,2026-04-26 05:57:47.936458,2,1 DEVON RIDGE CT BURR RIDGE IL 60527,
dupage,1001307022,2017-01-05,910000.0,DPSOA-1765,warranty,true,[],dupage_soa,https://propertylookup.dupagecounty.gov/datalets/datalet.aspx,2026-04-26 05:57:55.9651,2,4 DEVON RIDGE CT BURR RIDGE IL 60527,
dupage,1001308003,2024-12-17,745000.0,DPSOA-24074951,warranty,true,[],dupage_soa,https://propertylookup.dupagecounty.gov/datalets/datalet.aspx,2026-04-26 05:58:04.064022,3,5 BEL AIRE CT BURR RIDGE IL 60527,
dupage,1001308004,2024-06-20,750000.0,DPSOA-24034453,warranty,true,[],dupage_soa,https://propertylookup.dupagecounty.gov/datalets/datalet.aspx,2026-04-26 05:58:06.766748,3,6 BEL AIRE CT BURR RIDGE IL 60527,
dupage,1001308016,2019-09-16,495000.0,DPSOA-81350,warranty,true,[],dupage_soa,https://propertylookup.dupagecounty.gov/datalets/datalet.aspx,2026-04-26 05:58:38.548915,2,41 RED OAK CT BURR RIDGE IL 60527,
dupage,1001308020,2019-04-23,480000.0,DPSOA-30076,warranty,true,[],dupage_soa,https://propertylookup.dupagecounty.gov/datalets/datalet.aspx,2026-04-26 05:58:48.987078,2,45 OAK CREEK CT BURR RIDGE IL 60527,
dupage,1001308021,2024-05-16,525000.0,DPSOA-24026900,warranty,true,[],dupage_soa,https://propertylookup.dupagecounty.gov/datalets/datalet.aspx,2026-04-26 05:58:51.659822,3,46 OAK CREEK DR BURR RIDGE IL 60527,
dupage,1001308025,2018-12-06,395000.0,DPSOA-112474,warranty,true,[],dupage_soa,https://propertylookup.dupagecounty.gov/datalets/datalet.aspx,2026-04-26 05:59:02.17992,2,50 OAK CREEK DR BURR RIDGE IL 60527,
dupage,1001308027,2020-09-02,378500.0,DPSOA-98062,warranty,true,[],dupage_soa,https://propertylookup.dupagecounty.gov/datalets/datalet.aspx,2026-04-26 05:59:07.411147,2,52 OAK CREEK DR BURR RIDGE IL 60527,
dupage,1001308028,2020-08-04,442500.0,DPSOA-84188,warranty,true,[],dupage_soa,https://propertylookup.dupagecounty.gov/datalets/datalet.aspx,2026-04-26 05:59:10.098776,2,53 OAK CREEK DR BURR RIDGE IL 60527,
dupage,1001308030,2023-09-11,515000.0,DPSOA-23058651,warranty,true,[],dupage_soa,https://propertylookup.dupagecounty.gov/datalets/datalet.aspx,2026-04-26 05:59:15.42206,3,55 OAK CREEK DR BURR RIDGE IL 60527,
dupage,1001308033,2021-11-09,575000.0,DPSOA-164356,warranty,true,[],dupage_soa,https://propertylookup.dupagecounty.gov/datalets/datalet.aspx,2026-04-26 05:59:23.402001,3,58 MALIBU CT BURR RIDGE IL 60527,
dupage,1001308037,2022-08-03,555000.0,DPSOA-22073291,warranty,true,[],dupage_soa,https://propertylookup.dupagecounty.gov/datalets/datalet.aspx,2026-04-26 05:59:58.227257,3,62 MALIBU CT BURR RIDGE IL 60527,
dupage,1001401002,2014-06-02,818000.0,DPSOA-45979,warranty,true,[],dupage_soa,https://propertylookup.dupagecounty.gov/datalets/datalet.aspx,2026-04-26 06:02:03.250165,2,9381 S GARFIELD AVE BURR RIDGE IL 60527,
dupage,1001401005,2024-09-05,339900.0,DPSOA-24051967,warranty,true,[],dupage_soa,https://propertylookup.dupagecounty.gov/datalets/datalet.aspx,2026-04-26 06:02:06.024682,3,15W271 91ST ST BURR RIDGE IL 60527,
dupage,1001401031,2023-07-07,140000.0,DPSOA-23042471,warranty,true,[],dupage_soa,https://propertylookup.dupagecounty.gov/datalets/datalet.aspx,2026-04-26 06:02:27.115469,3,9250 FOREST EDGE DR BURR RIDGE IL 60527,
dupage,1001401033,2023-04-04,1180000.0,DPSOA-23019864,warranty,true,[],dupage_soa,https://propertylookup.dupagecounty.gov/datalets/datalet.aspx,2026-04-26 06:02:32.444308,3,9290 FOREST EDGE LN BURR RIDGE IL 60527,
dupage,1001401041,2024-03-11,1700000.0,DPSOA-24012599,warranty,true,[],dupage_soa,https://propertylookup.dupagecounty.gov/datalets/datalet.aspx,2026-04-26 06:02:54.558681,3,9125 FOREST EDGE DR BURR RIDGE IL 60527,
dupage,1001401046,2023-01-04,2150000.0,DPSOA-23000328,warranty,true,[],dupage_soa,https://propertylookup.dupagecounty.gov/datalets/datalet.aspx,2026-04-26 06:03:07.666992,3,220 FOREST EDGE CT BURR RIDGE IL 60527,
dupage,1001401050,2014-07-17,1290000.0,DPSOA-62629,warranty,true,[],dupage_soa,https://propertylookup.dupagecounty.gov/datalets/datalet.aspx,2026-04-26 06:03:18.108316,2,250 FOREST EDGE CT BURR RIDGE IL 60527,
dupage,1001401053,2023-12-07,1375000.0,DPSOA-23078051,warranty,true,[],dupage_soa,https://propertylookup.dupagecounty.gov/datalets/datalet.aspx,2026-04-26 06:03:26.352849,3,9121 S GARFIELD AVE BURR RIDGE IL 60527,
dupage,1001401058,2017-09-14,879000.0,DPSOA-95122,warranty,true,[],dupage_soa,https://propertylookup.dupagecounty.gov/datalets/datalet.aspx,2026-04-26 06:03:40.538616,2,9227 GARFIELD AVE BURR RIDGE IL 60527,
dupage,1001401060,2024-05-02,665000.0,DPSOA-24023998,warranty,true,[],dupage_soa,https://propertylookup.dupagecounty.gov/datalets/datalet.aspx,2026-04-26 06:03:43.198599,3,15W287 91ST ST BURR RIDGE IL 60527,
dupage,1001403006,2018-08-07,260000.0,DPSOA-73772,warranty,true,[],dupage_soa,https://propertylookup.dupagecounty.gov/datalets/datalet.aspx,2026-04-26 06:04:02.06667,2,10S521 DREW AVE BURR RIDGE IL 60527,
dupage,1001406003,2016-05-31,507000.0,DPSOA-52888,warranty,true,[],dupage_soa,https://propertylookup.dupagecounty.gov/datalets/datalet.aspx,2026-04-26 06:04:23.478166,2,14 LAUREL OAK CT BURR RIDGE IL 60527,
dupage,1001406009,2024-06-10,550000.0,DPSOA-24032145,warranty,true,[],dupage_soa,https://propertylookup.dupagecounty.gov/datalets/datalet.aspx,2026-04-26 06:04:39.625732,3,18 LAUREL OAK CT BURR RIDGE IL 60527,
dupage,1001406012,2022-02-14,200000.0,DPSOA-16560,warranty,true,[],dupage_soa,https://propertylookup.dupagecounty.gov/datalets/datalet.aspx,2026-04-26 06:04:47.715963,3,28 PIN OAK CT BURR RIDGE IL 60527,
dupage,1001406014,2017-04-11,505000.0,DPSOA-34521,warranty,true,[],dupage_soa,https://propertylookup.dupagecounty.gov/datalets/datalet.aspx,2026-04-26 06:05:20.175677,2,20 RODEO DR BURR RIDGE IL 60521,
dupage,1001406015,2024-03-25,605000.0,DPSOA-24015497,warranty,true,[],dupage_soa,https://propertylookup.dupagecounty.gov/datalets/datalet.aspx,2026-04-26 06:06:17.991916,3,21 RODEO DR BURR RIDGE IL 60527,
dupage,1001406016,2014-04-28,500000.0,DPSOA-35110,warranty,true,[],dupage_soa,https://propertylookup.dupagecounty.gov/datalets/datalet.aspx,2026-04-26 06:07:29.773114,2,22 RODEO DR BURR RIDGE IL 60527,
dupage,1001406017,2017-01-09,425000.0,DPSOA-2816,warranty,true,[],dupage_soa,https://propertylookup.dupagecounty.gov/datalets/datalet.aspx,2026-04-26 06:07:44.666878,2,23 RODEO DR BURR RIDGE IL 60527,
dupage,1001406018,2022-10-12,460000.0,DPSOA-22092587,warranty,true,[],dupage_soa,https://propertylookup.dupagecounty.gov/datalets/datalet.aspx,2026-04-26 06:07:47.330784,3,24 RODEO DR BURR RIDGE IL 60527,
dupage,1002211002,2016-07-01,1875000.0,DPSOA-67165,warranty,true,[],dupage_soa,https://propertylookup.dupagecounty.gov/datalets/datalet.aspx,2026-04-26 06:08:00.316094,2,16W122 91ST ST BURR RIDGE IL 60527,
dupage,1002400019,2018-10-16,956726.0,DPSOA-97504,warranty,true,[],dupage_soa,https://propertylookup.dupagecounty.gov/datalets/datalet.aspx,2026-04-26 06:08:36.391263,2,91ST ST BURR RIDGE IL 60527,
dupage,1002401009,2022-03-18,366000.0,DPSOA-28588,warranty,true,[],dupage_soa,https://propertylookup.dupagecounty.gov/datalets/datalet.aspx,2026-04-26 06:08:49.754691,3,16W324 93RD PL BURR RIDGE IL 60527,
dupage,1002401015,2024-03-18,605000.0,DPSOA-24014110,warranty,true,[],dupage_soa,https://propertylookup.dupagecounty.gov/datalets/datalet.aspx,2026-04-26 06:09:05.290586,3,10S650 OAK HILL CT BURR RIDGE IL 60527,
dupage,1002401019,2020-11-17,689000.0,DPSOA-137925,warranty,true,[],dupage_soa,https://propertylookup.dupagecounty.gov/datalets/datalet.aspx,2026-04-26 06:09:13.066249,2,16W380 93RD PL BURR RIDGE IL 60527,
dupage,1002402001,2019-10-15,180000.0,DPSOA-93257,warranty,true,[],dupage_soa,https://propertylookup.dupagecounty.gov/datalets/datalet.aspx,2026-04-26 06:09:15.870198,2,10S659 S JACKSON ST BURR RIDGE IL 60527,
dupage,1002402006,2014-01-21,210000.0,DPSOA-5740,warranty,true,[],dupage_soa,https://propertylookup.dupagecounty.gov/datalets/datalet.aspx,2026-04-26 06:09:23.898842,2,16W351 93RD PL BURR RIDGE IL 60527,
dupage,1002402009,2023-10-30,325600.0,DPSOA-23070211,warranty,true,[],dupage_soa,https://propertylookup.dupagecounty.gov/datalets/datalet.aspx,2026-04-26 06:09:32.626904,3,16W331 93RD PL BURR RIDGE IL 60527,
dupage,1002402011,2024-12-23,452000.0,DPSOA-24076514,warranty,true,[],dupage_soa,https://propertylookup.dupagecounty.gov/datalets/datalet.aspx,2026-04-26 06:09:38.04371,3,16W311 93RD PL BURR RIDGE IL 60527,
dupage,1002402012,2015-08-25,379900.0,DPSOA-94937,warranty,true,[],dupage_soa,https://propertylookup.dupagecounty.gov/datalets/datalet.aspx,2026-04-26 06:09:40.725317,2,16W227 93RD PL BURR RIDGE IL 60527,
dupage,1002402015,2018-11-09,370000.0,DPSOA-105104,warranty,true,[],dupage_soa,https://propertylookup.dupagecounty.gov/datalets/datalet.aspx,2026-04-26 06:09:48.882976,2,10S666 OAK HILL CT BURR RIDGE IL 60527,
dupage,1002402028,2021-01-11,322000.0,DPSOA-4579,warranty,true,[],dupage_soa,https://propertylookup.dupagecounty.gov/datalets/datalet.aspx,2026-04-26 06:10:14.695165,3,16W320 94TH ST BURR RIDGE IL 60527,
dupage,1002403011,2017-05-17,249000.0,DPSOA-48144,warranty,true,[],dupage_soa,https://propertylookup.dupagecounty.gov/datalets/datalet.aspx,2026-04-26 06:11:36.093135,2,16W281 94TH ST BURR RIDGE IL 60527,
dupage,1002403014,2018-10-17,330000.0,DPSOA-97737,warranty,true,[],dupage_soa,https://propertylookup.dupagecounty.gov/datalets/datalet.aspx,2026-04-26 06:13:22.151378,2,16W253 94TH ST BURR RIDGE IL 60527,
dupage,1002403019,2019-01-25,215000.0,DPSOA-5937,warranty,true,[],dupage_soa,https://propertylookup.dupagecounty.gov/datalets/datalet.aspx,2026-04-26 06:13:29.857993,2,16W350 94TH PL BURR RIDGE IL 60527,
dupage,1002403021,2023-11-08,310000.0,DPSOA-23072098,warranty,true,[],dupage_soa,https://propertylookup.dupagecounty.gov/datalets/datalet.aspx,2026-04-26 06:13:35.13713,3,16W330 94TH PL BURR RIDGE IL 60527,
dupage,1002403024,2016-07-19,280000.0,DPSOA-73763,warranty,true,[],dupage_soa,https://propertylookup.dupagecounty.gov/datalets/datalet.aspx,2026-04-26 06:13:42.967791,2,16W270 94TH PL BURR RIDGE IL 60527,
dupage,1002403030,2017-05-09,479900.0,DPSOA-44838,warranty,true,[],dupage_soa,https://propertylookup.dupagecounty.gov/datalets/datalet.aspx,2026-04-26 06:13:51.150114,2,16W270 94TH PL BURR RIDGE IL 60527,
dupage,1002404011,2017-07-24,420000.0,DPSOA-74363,warranty,true,[],dupage_soa,https://propertylookup.dupagecounty.gov/datalets/datalet.aspx,2026-04-26 06:14:19.728105,2,16W280 94TH PL BURR RIDGE IL 60527,
dupage,1002408003,2020-07-13,787500.0,DPSOA-73699,warranty,true,[],dupage_soa,https://propertylookup.dupagecounty.gov/datalets/datalet.aspx,2026-04-26 06:15:14.716115,2,2 CASCADE CT E BURR RIDGE IL 60521,
dupage,1002408012,2019-09-06,750000.0,DPSOA-78252,warranty,true,[],dupage_soa,https://propertylookup.dupagecounty.gov/datalets/datalet.aspx,2026-04-26 06:15:39.052069,2,9284 CASCADE CIR BURR RIDGE IL 60527,
dupage,1002408024,2020-07-13,869000.0,DPSOA-73975,warranty,true,[],dupage_soa,https://propertylookup.dupagecounty.gov/datalets/datalet.aspx,2026-04-26 06:16:11.849524,2,9390 CASCADE CIR BURR RIDGE IL 60527,
dupage,1002409001,2021-02-19,1500000.0,DPSOA-27385,warranty,true,[],dupage_soa,https://propertylookup.dupagecounty.gov/datalets/datalet.aspx,2026-04-26 06:16:14.593835,3,9286 FALLING WATERS BURR RIDGE IL 60527,
dupage,1002409005,2023-11-22,315000.0,DPSOA-23075066,warranty,true,[],dupage_soa,https://propertylookup.dupagecounty.gov/datalets/datalet.aspx,2026-04-26 06:17:10.263382,3,9224 FALLING WATERS DR E BURR RIDGE IL 60527,
dupage,1002409014,2021-08-31,820000.0,DPSOA-130417,warranty,true,[],dupage_soa,https://propertylookup.dupagecounty.gov/datalets/datalet.aspx,2026-04-26 06:18:54.265358,3,8 SYLVAN GLEN CT BURR RIDGE IL 60527,
dupage,1002409015,2024-07-12,290000.0,DPSOA-24039629,warranty,true,[],dupage_soa,https://propertylookup.dupagecounty.gov/datalets/datalet.aspx,2026-04-26 06:18:56.930416,3,10 SYLVAN CT BURR RIDGE IL 60527,
dupage,1002409016,2023-03-17,1325000.0,DPSOA-23016464,warranty,true,[],dupage_soa,https://propertylookup.dupagecounty.gov/datalets/datalet.aspx,2026-04-26 06:18:59.630109,3,12 SYLVAN GLEN CT BURR RIDGE IL 60527,
dupage,1002409021,2018-01-26,1000000.0,DPSOA-8154,warranty,true,[],dupage_soa,https://propertylookup.dupagecounty.gov/datalets/datalet.aspx,2026-04-26 06:19:13.703838,2,3 SYLVAN GLEN CT BURR RIDGE IL 60527,
dupage,1002409023,2015-07-28,1115000.0,DPSOA-82968,warranty,true,[],dupage_soa,https://propertylookup.dupagecounty.gov/datalets/datalet.aspx,2026-04-26 06:19:23.181555,2,9321 FALLING WATERS DR W BURR RIDGE IL 60527,
dupage,1002409029,2016-06-07,1450000.0,DPSOA-56046,warranty,true,[],dupage_soa,https://propertylookup.dupagecounty.gov/datalets/datalet.aspx,2026-04-26 06:19:39.420526,2,9465 FALLING WATERS W BURR RIDGE IL 60527,
dupage,1002409031,2018-03-22,250000.0,DPSOA-24983,warranty,true,[],dupage_soa,https://propertylookup.dupagecounty.gov/datalets/datalet.aspx,2026-04-26 06:19:44.754329,2,9476 FALLING WATERS BURR RIDGE IL 60527,
dupage,1002409032,2023-05-10,375000.0,DPSOA-23028558,warranty,true,[],dupage_soa,https://propertylookup.dupagecounty.gov/datalets/datalet.aspx,2026-04-26 06:19:47.396333,3,9450 FALLING WATERS DR E BURR RIDGE IL 60527,
dupage,1002409034,2021-10-27,675000.0,DPSOA-157992,warranty,true,[],dupage_soa,https://propertylookup.dupagecounty.gov/datalets/datalet.aspx,2026-04-26 06:19:52.732036,3,9400 FALLING WATER DR BURR RIDGE IL 60527,
dupage,1002409037,2013-06-11,2475000.0,DPSOA-84066,warranty,true,[],dupage_soa,https://propertylookup.dupagecounty.gov/datalets/datalet.aspx,2026-04-26 06:20:00.87731,2,9326 FALLINGWATER DR BURR RIDGE IL 60527,
dupage,1002410004,2022-03-17,1225000.0,DPSOA-27844,warranty,true,[],dupage_soa,https://propertylookup.dupagecounty.gov/datalets/datalet.aspx,2026-04-26 06:20:11.802958,3,9171 FALLING WATERS BURR RIDGE IL 60527,
dupage,1002411005,2023-04-13,917000.0,DPSOA-23022212,warranty,true,[],dupage_soa,https://propertylookup.dupagecounty.gov/datalets/datalet.aspx,2026-04-26 06:20:59.847409,3,9 ARCADIA CT BURR RIDGE IL 60527,
dupage,1002411007,2016-04-19,820000.0,DPSOA-37445,warranty,true,[],dupage_soa,https://propertylookup.dupagecounty.gov/datalets/datalet.aspx,2026-04-26 06:21:05.099036,2,5 ARCADIA CT BURR RIDGE IL 60527,
dupage,1002412002,2020-07-29,751265.0,DPSOA-81285,warranty,true,[],dupage_soa,https://propertylookup.dupagecounty.gov/datalets/datalet.aspx,2026-04-26 06:21:23.414565,2,9366 FALLING WATER DR BURR RIDGE IL 60521,
dupage,1002412005,2023-02-16,1155000.0,DPSOA-23009477,warranty,true,[],dupage_soa,https://propertylookup.dupagecounty.gov/datalets/datalet.aspx,2026-04-26 06:21:31.346977,3,4 TUMBLEBROOK CT BURR RIDGE IL 60527,
dupage,1002412006,2021-01-13,772500.0,DPSOA-6090,warranty,true,[],dupage_soa,https://propertylookup.dupagecounty.gov/datalets/datalet.aspx,2026-04-26 06:21:33.985829,3,6 TUMBLEBROOK CT BURR RIDGE IL 60527,
dupage,1011200002,2023-04-28,365000.0,DPSOA-23025607,warranty,true,[],dupage_soa,https://propertylookup.dupagecounty.gov/datalets/datalet.aspx,2026-04-26 06:24:27.807969,3,16W370 95TH PL BURR RIDGE IL 60527,
dupage,1011200005,2023-05-08,490000.0,DPSOA-23027939,warranty,true,[],dupage_soa,https://propertylookup.dupagecounty.gov/datalets/datalet.aspx,2026-04-26 06:24:35.608478,3,16W348 95TH PL BURR RIDGE IL 60527,
dupage,1011200007,2023-08-31,398000.0,DPSOA-23056238,warranty,true,[],dupage_soa,https://propertylookup.dupagecounty.gov/datalets/datalet.aspx,2026-04-26 06:24:40.790333,3,16W328 95TH PL BURR RIDGE IL 60527,
dupage,1011200008,2013-08-14,75000.0,DPSOA-118435,warranty,true,[],dupage_soa,https://propertylookup.dupagecounty.gov/datalets/datalet.aspx,2026-04-26 06:24:43.415827,2,16W318 95TH PL BURR RIDGE IL 60527,
dupage,1011200011,2019-11-07,365000.0,DPSOA-102743,warranty,true,[],dupage_soa,https://propertylookup.dupagecounty.gov/datalets/datalet.aspx,2026-04-26 06:24:48.757863,2,16W256 95TH PL BURR RIDGE IL 60527,
dupage,1011200014,2017-10-23,521000.0,DPSOA-109023,warranty,true,[],dupage_soa,https://propertylookup.dupagecounty.gov/datalets/datalet.aspx,2026-04-26 06:24:54.072816,2,16W280 95TH PL BURR RIDGE IL 60527,
dupage,1011201002,2019-04-04,235000.0,DPSOA-24540,warranty,true,[],dupage_soa,https://propertylookup.dupagecounty.gov/datalets/datalet.aspx,2026-04-26 06:24:56.804924,2,16W361 95TH PL BURR RIDGE IL 60527,
dupage,1011201003,2013-04-01,250200.0,DPSOA-47229,warranty,true,[],dupage_soa,https://propertylookup.dupagecounty.gov/datalets/datalet.aspx,2026-04-26 06:24:59.55918,2,16W347 95TH PL BURR RIDGE IL 60527,
dupage,1011201008,2022-01-24,895000.0,DPSOA-8415,warranty,true,[],dupage_soa,https://propertylookup.dupagecounty.gov/datalets/datalet.aspx,2026-04-26 06:25:12.870438,3,16W307 95TH PL BURR RIDGE IL 60527,
dupage,1011206001,2024-06-20,1720000.0,DPSOA-24034159,warranty,true,[],dupage_soa,https://propertylookup.dupagecounty.gov/datalets/datalet.aspx,2026-04-26 06:25:41.95481,3,9520 FALLING WATER DR E BURR RIDGE IL 60527,
dupage,1011207002,2023-08-07,205000.0,DPSOA-23049918,warranty,true,[],dupage_soa,https://propertylookup.dupagecounty.gov/datalets/datalet.aspx,2026-04-26 06:25:50.117086,3,9508 FALLING WATERS DR W BURR RIDGE IL 60527,
dupage,1011207006,2024-02-27,2012500.0,DPSOA-24010262,warranty,true,[],dupage_soa,https://propertylookup.dupagecounty.gov/datalets/datalet.aspx,2026-04-26 06:26:00.764106,3,9600 PACIFIC CT BURR RIDGE IL 60527,
dupage,1011207010,2020-11-23,119000.0,DPSOA-141870,warranty,true,[],dupage_soa,https://propertylookup.dupagecounty.gov/datalets/datalet.aspx,2026-04-26 06:26:11.322608,2,9680 PACIFIC CT BURR RIDGE IL 60527,
dupage,1011207012,2021-01-11,1388890.0,DPSOA-4455,warranty,true,[],dupage_soa,https://propertylookup.dupagecounty.gov/datalets/datalet.aspx,2026-04-26 06:26:16.635625,3,9705 PACIFIC CT BURR RIDGE IL 60527,
dupage,1011207018,2015-01-13,1625000.0,DPSOA-3237,warranty,true,[],dupage_soa,https://propertylookup.dupagecounty.gov/datalets/datalet.aspx,2026-04-26 06:26:32.321514,2,9555 PACIFIC CT BURR RIDGE IL 60527,
dupage,1011207020,2022-01-12,1200000.0,DPSOA-4265,warranty,true,[],dupage_soa,https://propertylookup.dupagecounty.gov/datalets/datalet.aspx,2026-04-26 06:26:37.848731,3,9515 FALLING WATERS BURR RIDGE IL 60527,
dupage,1012100007,2022-03-01,112000.0,DPSOA-21892,warranty,true,[],dupage_soa,https://propertylookup.dupagecounty.gov/datalets/datalet.aspx,2026-04-26 06:26:48.371648,3,34 MARISSA CT BURR RIDGE IL 60527,
