county,pin_normalized,sale_date,sale_price,document_number,deed_type,is_arms_length,confidence_score,address_normalized,building_sqft,year_built,bedrooms,bathrooms,lot_sqft,assessed_value
dupage,1001308021,2026-02-26,615000.0,R2026-017184,warranty,true,3,46 OAK CREEK DR BURR RIDGE IL 60527,,,,,2613.6,201143.0
dupage,0925404018,2026-02-23,540000.0,DECL-20260202200396,warranty,true,3,219 79TH ST BURR RIDGE IL 60527,,,,,40075.200000000004,180192.0
dupage,0935402048,2026-02-20,1900000.0,DECL-20260202297380,warranty,true,3,817 LAKEVIEW LN BURR RIDGE IL 60527,,,,,31363.199999999997,635978.0
dupage,0935204016,2026-03-16,999999.0,DECL-20260102284935,warranty,true,3,221 SHORE CT BURR RIDGE IL 60527,,,,,66646.8,593616.0
dupage,0936201007,2026-02-20,1070000.0,R2026-012257,trustee,false,3,9S174 DREW AVE BURR RIDGE IL 60527,,,,,106722.00000000001,492499.0
dupage,0936106018,2026-03-17,860000.0,DECL-20260302222960,trustee,false,3,8261 LAKE RIDGE DR BURR RIDGE IL 60527,,,,,20037.600000000002,328282.0
dupage,0936300030,2026-04-17,1900000.0,DECL-20260402244934,trustee,false,3,8363 WATERVIEW CT BURR RIDGE IL 60527,,,,,50093.99999999999,584767.0
dupage,0936403014,2026-02-20,0.0,DECL-20260202204860,other,false,2,8447 HEATHER CT BURR RIDGE IL 60527,,,,,16552.8,227951.0
dupage,0936209015,2026-02-18,315000.0,DECL-20260202200113,warranty,true,3,"8094 GARFIELD AVE # 4-3 BURR RIDGE IL 60527",,,,,235659.6,80026.0
cook,18181010080000,2016-02-18,582000.0,1607046206,warranty,true,3,,3168,1987,4,2.5,,49815.0
cook,18181010080000,2025-09-22,965000.0,2530714066,warranty,true,3,,,,,,,68000.0
cook,18181030170000,2019-04-09,740000.0,1910218034,warranty,true,3,,3354,1978,4,2.5,,69576.0
cook,18181040010000,2022-06-17,627000.0,2217833189,trustee,false,3,,2360,,,,,48200.0
cook,18181040170000,2026-01-30,2000000.0,2604102174,warranty,true,3,,,,,,,
cook,18181040210000,2026-01-30,2000000.0,2604102174,warranty,true,2,,,,,,,
cook,18181040250000,2018-07-11,685000.0,1820018030,warranty,true,3,,1973,1972,4,3.5,,53315.0
cook,18181040250000,2017-04-21,670000.0,1714347007,warranty,true,3,,1973,1972,4,3.5,,53315.0
cook,18181040260000,2013-05-31,640000.0,1318426045,trustee,false,3,,1505,1973,4,2.5,,43408.0
cook,18181040390000,2015-01-30,615000.0,1504126047,trustee,false,3,,2759,1975,4,3.0,,45488.0
cook,18181050040000,2022-02-18,440000.0,2206120034,warranty,true,3,,1743,,,,,41241.0
cook,18181070230000,2014-06-20,470000.0,1421626014,warranty,true,3,,1633,1957,3,2.5,,36995.0
cook,18183020180000,2013-03-25,1040000.0,1316217013,trustee,false,3,,4247,1984,5,4.0,,116875.0
cook,18183020180000,2022-03-28,1274000.0,2209834017,warranty,true,3,,4247,,,,,73683.0
cook,18183020300000,2020-07-17,890000.0,2025439062,warranty,true,3,,4450,1981,6,2.5,,89470.0
cook,18183020300000,2014-09-07,1025000.0,1427610061,warranty,true,3,,4450,1981,6,2.5,,95581.0
cook,18183020300000,2025-05-01,1475000.0,2515420264,trustee,false,3,,,,,,,95471.0
cook,18183020330000,2014-07-01,930000.0,1421755066,warranty,true,2,,3620,1982,4,2.5,,64181.0
cook,18183030060000,2015-11-16,407500.0,1533719046,trustee,false,3,,2002,1969,4,2.5,,33736.0
cook,18183030060000,2016-02-25,475000.0,1606333024,warranty,true,3,,2002,1969,4,2.5,,33736.0
cook,18183040210000,2014-03-28,900000.0,1412742031,warranty,true,3,,4596,1983,6,4.5,,79942.0
cook,18191000210000,2023-03-27,2000000.0,2309606008,trustee,false,3,,8566,,,,,218000.0
cook,18191000210000,2018-05-01,645000.0,1813549070,warranty,true,3,,,,,,,23508.0
cook,18191020180000,2019-11-06,660000.0,1933610009,trustee,false,3,,4466,1993,4,3.5,,101910.0
cook,18191030760000,2020-11-06,3000000.0,2035922059,trustee,false,3,,17958,2007,8,9.5,,339543.0
cook,18191030800000,2018-12-21,625000.0,1901006190,warranty,true,3,,,,,,,24259.0
cook,18191030800000,2016-03-01,1.0,1607822011,warranty,false,1,,,,,,,7464.0
cook,18191040040000,2017-03-02,1200000.0,1707529108,warranty,true,3,,5850,1991,5,4.5,,143344.0
cook,18193040210000,2014-10-01,295000.0,1430354073,trustee,false,2,,3444,1968,3,3.5,,56633.0
cook,18193040210000,2025-04-29,855000.0,2514820266,trustee,false,3,,,,,,,60000.0
cook,18193040220000,2017-05-08,540000.0,1714239083,warranty,true,3,,2626,1966,5,2.5,,54028.0
cook,18193060040000,2023-08-28,680000.0,2325540212,trustee,false,3,,2239,,,,,61500.0
cook,18193080060000,2015-09-01,540000.0,1526017034,warranty,true,3,,2220,1994,3,2.5,,38422.0
cook,18193080100000,2014-05-29,345000.0,1415755028,warranty,true,3,,2607,1992,3,2.5,,42550.0
cook,18193080250000,2024-03-11,535000.0,2407902430,trustee,false,3,,2607,,,,,55000.0
cook,18193080270000,2019-12-12,485000.0,1935347030,trustee,false,3,,2220,1992,3,2.5,,47952.0
cook,18193080370000,2020-02-27,1.0,2019121001,other,false,2,,2220,1993,3,2.5,,44082.0
cook,18293000040000,2014-06-09,387000.0,1500801000,warranty,true,3,,794,1941,2,1.0,,22326.0
cook,18301010080000,2020-07-15,714900.0,2024107571,warranty,true,3,,2276,2016,3,2.5,,68423.0
cook,18301010090000,2019-11-01,779900.0,1931045025,warranty,true,3,,2336,2018,2,2.5,,36056.0
cook,18301010110000,2020-07-20,860274.0,2025307211,warranty,true,3,,2436,2019,2,2.5,,37557.0
cook,18301010420000,2022-04-11,1066900.0,2211533484,warranty,true,3,,,,,,,2283.0
cook,18302000050000,2016-02-12,350000.0,1604956135,other,false,3,,1650,1950,3,1.0,,29792.0
cook,18302000200000,2017-03-06,1.0,1706939132,quit_claim,false,2,,1424,1955,3,1.0,,27204.0
cook,18302000200000,2022-02-01,485000.0,2203539003,warranty,true,3,,1424,,,,,27325.0
cook,18302000240000,2019-06-28,284200.0,1918608144,warranty,true,3,,921,1953,3,1.5,,21309.0
cook,18302030190000,2021-02-22,350000.0,2107817233,warranty,true,3,,,,,,,18700.0
dupage,1001308021,2026-02-26,615000.0,DECL-20260202203555,warranty,true,3,46 OAK CREEK DR BURR RIDGE IL 60527,,,,,2613.6,201143.0
dupage,0925404018,2026-02-23,540000.0,R2026-011940,warranty,true,3,219 79TH ST BURR RIDGE IL 60527,,,,,40075.200000000004,180192.0
dupage,0935402048,2026-02-16,1880000.0,R2026-011796,warranty,true,3,817 LAKEVIEW LN BURR RIDGE IL 60527,,,,,31363.199999999997,635978.0
dupage,0935204016,2026-02-26,3400000.0,R2026-016261,warranty,true,3,221 SHORE CT BURR RIDGE IL 60527,,,,,66646.8,593616.0
dupage,0936106018,2026-03-17,860000.0,R2026-019163,trustee,false,3,8261 LAKE RIDGE DR BURR RIDGE IL 60527,,,,,20037.600000000002,328282.0
dupage,0936403014,2026-01-29,0.0,DECL-20260102284273,other,false,2,8447 HEATHER CT BURR RIDGE IL 60527,,,,,16552.8,227951.0
dupage,0936209015,2026-02-17,302000.0,DECL-20260202200113,warranty,true,3,"8094 GARFIELD AVE # 4-3 BURR RIDGE IL 60527",,,,,235659.6,80026.0
dupage,0935204016,2026-02-26,3400000.0,DECL-20260102284935,warranty,true,3,221 SHORE CT BURR RIDGE IL 60527,,,,,66646.8,593616.0
dupage,0936209015,2026-02-17,302000.0,R2026-014660,warranty,true,3,"8094 GARFIELD AVE # 4-3 BURR RIDGE IL 60527",,,,,235659.6,80026.0
dupage,0935204016,2026-02-25,3400000.0,DECL-20260102284935,warranty,true,3,221 SHORE CT BURR RIDGE IL 60527,,,,,66646.8,593616.0
cook,18302040090000,2016-07-11,360000.0,1619622128,warranty,true,3,,955,1955,2,1.0,,18032.0
cook,18302060080000,2016-03-11,249000.0,1607519004,other,false,3,,951,1955,3,1.0,,17834.0
cook,18302060110000,2015-12-17,217500.0,1535549065,trustee,false,3,,1309,1955,3,1.0,,22544.0
cook,18302060110000,2020-12-07,339900.0,2110633109,warranty,true,3,,1309,1955,3,1.0,,27428.0
cook,18302060110000,2016-11-18,305000.0,1634104110,warranty,true,3,,1309,1955,3,1.0,,22544.0
cook,18302070050000,2014-02-01,295100.0,1406650013,trustee,false,2,,1330,1956,3,1.5,,22470.0
cook,18302070150000,2014-10-01,316500.0,1432119100,warranty,true,2,,1284,1956,3,1.0,,22341.0
cook,18302080210000,2019-12-02,1.0,1935433164,quit_claim,false,2,,1979,1956,3,2.5,,40981.0
cook,18302080220000,2024-08-28,473000.0,2427024174,executor,false,2,,1158,,,,,31987.0
cook,18302080250000,2020-09-01,300000.0,2032240003,warranty,true,3,,1303,1956,3,1.0,,30198.0
cook,18303000450000,2019-01-01,15000000.0,1903510029,other,false,2,,,,,,,867241.0
cook,18303060020000,2022-01-17,1425000.0,2202513335,warranty,true,3,,5233,,,,,123809.0
cook,18303060110000,2013-03-29,1399999.0,1311641043,trustee,false,3,,5674,1995,6,4.5,,127441.0
cook,18303060110000,2019-10-25,1270000.0,1930446046,warranty,true,3,,5674,1995,6,4.5,,142174.0
cook,18303060120000,2015-03-27,1640000.0,1509819156,trustee,false,3,,7263,2001,4,3.5,,132388.0
cook,18303060120000,2022-03-15,1480000.0,2207717151,trustee,false,3,,7263,,,,,123035.0
cook,18303060120000,2016-08-19,1380000.0,1626501040,warranty,true,3,,7263,2001,4,3.5,,132388.0
cook,18303060280000,2014-06-20,475000.0,1420635078,other,false,3,,,,,,,17898.0
cook,18303060520000,2020-11-10,1273750.0,2110921034,warranty,true,3,,4590,1990,5,4.0,,102727.0
cook,18303060520000,2018-03-21,1075000.0,1808601233,warranty,true,3,,4590,1990,5,4.0,,112756.0
cook,18303060590000,2022-01-07,1140000.0,2202546152,warranty,true,3,,5680,,,,,102079.0
cook,18303060610000,2015-02-11,1250000.0,1506356004,warranty,true,3,,4335,1998,4,3.5,,102564.0
cook,18304020170000,2023-05-18,2440000.0,2315628185,trustee,false,3,,5418,,,,,204000.0
cook,18304020170000,2014-09-16,3100000.0,1428210009,warranty,true,3,,5418,2001,5,4.5,,142458.0
cook,18304020220000,2016-07-28,726500.0,1621839039,warranty,true,3,,3360,1992,5,3.0,,73488.0
cook,18304020340000,2024-09-11,1699000.0,2426210004,warranty,true,3,,4465,,,,,165000.0
cook,18304020340000,2018-03-01,379000.0,1809646192,warranty,true,2,,,,,,,18678.0
cook,18304050060000,2014-04-10,520000.0,1411326101,warranty,true,3,,3530,2004,4,3.5,,81771.0
cook,18304070040000,2022-04-07,745000.0,2211728049,warranty,true,3,,3091,,,,,62055.0
cook,18304080230000,2017-01-30,787500.0,1703447064,warranty,true,3,,4831,1985,5,4.5,,98118.0
cook,18304090120000,2014-03-31,585000.0,1409246099,warranty,true,3,,2739,1986,4,3.0,,60616.0
cook,18304100020000,2024-09-10,986000.0,2426122010,warranty,true,3,,2666,,,,,63301.0
cook,18304100020000,2020-11-16,765000.0,2035617339,warranty,true,3,,2666,1983,4,2.5,,55009.0
cook,18304100120000,2017-10-03,1.0,1728406072,quit_claim,false,2,,2895,1982,4,3.5,,68361.0
cook,18311020190000,2019-05-14,1188000.0,1913541015,warranty,true,3,,6165,1998,5,6.0,,140508.0
cook,18311030190000,2013-02-27,651000.0,1306516075,other,false,3,,3799,2005,5,4.0,,80205.0
cook,18311030190000,2025-07-14,1350000.0,2535021006,warranty,true,3,,,,,,,108111.0
cook,18311040030000,2015-08-10,619000.0,1526042079,warranty,true,3,,3776,1985,3,3.0,,65490.0
cook,18311040030000,2022-09-21,799000.0,2227240033,warranty,true,3,,3776,,,,,61537.0
cook,18311050010000,2019-10-23,1.0,1929755036,trustee,false,2,,3364,2001,4,3.5,,71031.0
cook,18311050060000,2018-01-03,1.0,1800506098,other,false,2,,3911,1985,4,3.5,,88372.0
cook,18311050360000,2013-07-26,750000.0,1322533138,trustee,false,3,,4231,1986,4,2.5,,72581.0
cook,18311050370000,2020-02-17,1.0,2029017056,other,false,2,,4099,1986,4,3.0,,94061.0
cook,18311080010000,2023-03-09,775000.0,2308045271,trustee,false,3,,3189,,,,,94000.0
cook,18311080100000,2013-09-11,1050000.0,1328933092,trustee,false,3,,7178,1992,6,4.5,,138001.0
cook,18312110030000,2013-11-01,794444.0,1332229112,other,false,2,,,,,,,2076.0
cook,18312110030000,2014-10-01,799000.0,1431049078,other,false,2,,,,,,,2076.0
cook,18312110140000,2013-06-01,883389.0,1317649024,other,false,2,,3514,2010,4,3.0,,62051.0
cook,18312110140000,2024-07-16,1225000.0,2420130001,trustee,false,3,,3514,,,,,99000.0
cook,18312110150000,2013-07-01,914500.0,1322049013,other,false,2,,,,,,,2199.0
cook,18312110200000,2015-09-29,940000.0,1529629006,warranty,true,3,,3507,2013,4,2.5,,49365.0
cook,18312110200000,2013-11-01,794444.0,1332229112,other,false,2,,,,,,,2077.0
cook,18312110240000,2013-05-01,762500.0,1315549025,other,false,2,,3514,2010,4,3.0,,66765.0
cook,18312110240000,2017-09-08,895000.0,1725615117,other,false,3,,3166,2010,3,2.5,,70675.0
cook,18312110240000,2018-06-01,762500.0,1815701092,trustee,false,3,,3166,2010,3,2.5,,70675.0
cook,18312110460000,2013-05-01,794444.0,1313639073,other,false,2,,,,,,,2199.0
cook,18312110530000,2021-03-04,1075000.0,2108207626,trustee,false,3,,3225,2009,3,3.5,,67283.0
cook,18312110530000,2013-11-01,422000.0,1331808232,warranty,true,2,,3225,2007,3,3.5,,89264.0
cook,18312110530000,2014-08-15,1162500.0,1425933023,warranty,true,3,,3225,2007,3,3.5,,14335.0
cook,18313000140000,2021-04-06,675000.0,2110439035,other,false,2,,,,,,,7895.0
cook,18313000140000,2024-10-02,900000.0,2430523094,trustee,false,2,,,,,,,4356.0
cook,18313000140000,2014-04-01,775000.0,1410656020,trustee,false,2,,,,,,,6261.0
cook,18313030090000,2020-12-23,1365000.0,2107804069,trustee,false,3,,5780,1986,5,5.0,,168667.0
cook,18313030110000,2019-12-30,1025000.0,2000755177,warranty,true,3,,6276,1986,4,5.0,,158099.0
cook,18313040230000,2026-02-20,400000.0,2605630125,trustee,false,2,,,,,,,
cook,18313050110000,2021-12-01,202500.0,2135408165,trustee,false,3,,,,,,,21750.0
cook,18313050110000,2023-12-15,395000.0,2335533149,trustee,false,3,,,,,,,24750.0
cook,18313060060000,2013-04-17,1300000.0,1312112166,warranty,true,3,,4962,2001,4,4.5,,112813.0
cook,18313060100000,2016-05-10,1127000.0,1614557011,warranty,true,3,,4918,2001,4,5.5,,109133.0
cook,18313060250000,2021-03-31,1550000.0,2112646032,warranty,true,3,,6247,2001,5,4.5,,136789.0
cook,18313060270000,2015-11-30,1000000.0,1534455015,other,false,3,,5628,2005,5,3.5,,113149.0
cook,18313070050000,2016-06-01,1435500.0,1617355224,warranty,true,2,,5368,2004,4,5.0,,115172.0
cook,18313070290000,2021-11-06,1380000.0,2203447077,warranty,true,3,,4447,2001,4,5.0,,115452.0
cook,18313070290000,2022-12-06,1400000.0,2234908068,warranty,true,3,,4447,,,,,115452.0
cook,18314020060000,2015-05-26,1100000.0,1518810036,trustee,false,3,,5051,1986,4,4.5,,132004.0
cook,18314090080000,2022-09-01,245000.0,2227841043,warranty,true,3,,,,,,,11122.0
cook,23061010280000,2021-05-24,1200000.0,2122412051,warranty,true,3,,,,,,,1122.0
cook,23061010280000,2013-12-01,1615000.0,1400735027,warranty,true,2,,,,,,,5770.0
cook,23061080010000,2022-06-22,1599000.0,2217834151,warranty,true,3,,4688,,,,,76213.0
cook,23061080060000,2021-02-26,1275000.0,2107422024,warranty,true,3,,4263,2001,3,3.5,,71613.0
cook,18181010120000,2020-04-14,450000.0,2012039228,trustee,false,3,,2830,1987,3,2.5,,52024.0
cook,18181030100000,2021-06-24,923228.0,2120457020,warranty,true,3,,1990,1968,4,2.5,,53767.0
cook,18181030120000,2021-01-11,715000.0,2104201371,trustee,false,3,,3152,1969,4,3.5,,61554.0
cook,18181040100000,2019-09-03,1.0,1927055369,warranty,false,2,,2285,1956,4,2.5,,50275.0
cook,18181040100000,2025-04-29,850000.0,2515730035,trustee,false,3,,,,,,,49980.0
cook,18181040120000,2020-07-15,555250.0,2026739168,trustee,false,3,,1661,1964,3,2.0,,34246.0
cook,18181040380000,2013-05-15,596200.0,1316441006,warranty,true,3,,2461,1974,4,2.0,,43532.0
cook,18181040380000,2016-08-01,635000.0,1622946006,warranty,true,3,,2461,1974,4,2.0,,42187.0
cook,18181040410000,2026-01-30,2000000.0,2604102174,warranty,true,2,,,,,,,
cook,18181070200000,2025-11-21,500000.0,2533718157,warranty,true,3,,,,,,,66001.0
cook,18183010080000,2014-08-08,710000.0,1424039007,trustee,false,3,,3010,1985,4,2.5,,50974.0
cook,18183020130000,2013-06-28,650000.0,1322426084,other,false,3,,3735,1978,4,2.5,,64597.0
cook,18183020130000,2022-08-30,1250000.0,2228455060,warranty,true,3,,3735,,,,,76365.0
cook,18183020190000,2021-02-02,527000.0,2105407250,warranty,false,2,,2208,1979,4,2.5,,52701.0
cook,18183020190000,2020-06-24,527000.0,2023001021,trustee,false,3,,2208,1979,4,2.5,,70971.0
cook,18183040120000,2019-11-12,21500.0,2018121004,warranty,true,3,,3471,1984,6,3.0,,69893.0
cook,18183060030000,2018-02-01,740000.0,1804044045,warranty,true,3,,4465,1964,6,3.5,,92243.0
cook,18191020040000,2019-06-04,250000.0,1916212036,other,false,3,,3741,1989,4,3.5,,74025.0
cook,18191020040000,2022-06-15,825000.0,2218121406,trustee,false,3,,3741,,,,,77966.0
cook,18311050060000,2018-12-05,750000.0,1834033068,trustee,false,3,,3911,1985,4,3.5,,88372.0
cook,18311080010000,2023-04-05,975000.0,2311029016,warranty,true,3,,3189,,,,,94000.0
cook,18312110460000,2013-12-01,752500.0,1335255002,other,false,2,,,,,,,2199.0
cook,18313050110000,2021-12-03,202500.0,2135408164,trustee,false,2,,,,,,,21750.0
cook,18183040120000,2019-05-21,1.0,1916946007,other,false,2,,3471,1984,6,3.0,,69893.0
cook,18191020160000,2019-11-13,56200.0,2202019014,warranty,true,3,,,,,,,50572.0
cook,18191030450000,2019-09-27,1.0,1928446118,quit_claim,false,2,,4453,1987,4,4.5,,67250.0
cook,18191030450000,2017-11-09,575000.0,1731846115,warranty,true,3,,4453,1987,4,4.5,,119015.0
cook,18191030540000,2016-10-03,2575000.0,1627822042,warranty,true,3,,6696,2010,5,8.0,,138082.0
cook,18191030710000,2015-06-09,2050000.0,1519722017,warranty,true,3,,,,,,,8024.0
cook,18191030710000,2022-03-18,6900000.0,2208706174,trustee,false,3,,8305,,,,,184809.0
cook,18193010050000,2017-07-01,2900000.0,1720508177,warranty,true,2,,,,,,,355394.0
cook,18193020060000,2016-04-29,500000.0,1612610085,trustee,false,3,,2645,1973,4,2.0,,43369.0
cook,18193020100000,2013-10-08,550000.0,1330415014,warranty,true,3,,3396,1969,3,2.5,,67601.0
cook,18193040010000,2020-06-29,545000.0,2025939029,warranty,true,3,,2448,1966,4,2.5,,53942.0
cook,18193040020000,2017-04-25,535000.0,1712406110,warranty,true,3,,2896,1972,4,2.5,,53500.0
cook,18193040060000,2024-11-27,680000.0,2433918139,trustee,false,3,,3458,,,,,69001.0
cook,18193040060000,2022-12-15,337500.0,2236241103,trustee,false,3,,3458,,,,,62024.0
cook,18193040100000,2021-09-24,635000.0,2127708183,warranty,true,3,,3033,1966,5,4.0,,62653.0
cook,18193040100000,2016-04-29,525000.0,1616150091,trustee,false,3,,3033,1966,5,4.0,,49026.0
cook,18193050060000,2017-09-28,590000.0,1728417091,warranty,true,3,,3602,1986,4,2.5,,75547.0
cook,18193080210000,2024-06-06,650000.0,2417014531,warranty,true,3,,2220,,,,,48689.0
cook,18193080220000,2020-12-17,420000.0,2102655292,trustee,false,3,,2809,1990,3,2.5,,52105.0
cook,18193080260000,2018-03-09,425000.0,1807446215,warranty,true,3,,2220,1989,3,3.5,,54031.0
cook,18193080340000,2024-05-17,650000.0,2415820290,warranty,true,3,,2607,,,,,55000.0
cook,18301010020000,2022-06-16,875000.0,2217328001,warranty,true,3,,2336,,,,,74493.0
cook,18301010120000,2019-09-01,877415.0,1928046208,warranty,true,2,,3353,2018,3,2.5,,26892.0
cook,18302010180000,2022-06-23,395000.0,2221713091,trustee,false,2,,2446,,,,,39694.0
cook,18302010200000,2022-06-23,395000.0,2221713091,trustee,false,2,,768,,,,,20266.0
cook,18302010440000,2020-12-19,252000.0,2102617068,trustee,false,2,,,,,,,1490.0
cook,18302050010000,2017-02-01,1.0,1703322137,quit_claim,false,2,,1736,1956,4,2.0,,40507.0
cook,18302050010000,2016-06-09,405000.0,1618117072,warranty,true,3,,1736,1956,4,2.0,,27526.0
cook,18302050060000,2021-08-02,110000.0,2127125177,trustee,false,3,,1444,1954,3,1.0,,28218.0
cook,18302050060000,2022-04-11,270000.0,2229233026,trustee,false,3,,1444,,,,,28218.0
cook,18302060100000,2015-12-02,375000.0,1600517006,trustee,false,3,,2109,1958,4,2.0,,30781.0
cook,18302070070000,2020-05-07,245000.0,2018147009,warranty,true,3,,809,1953,3,1.0,,15915.0
cook,18302080060000,2017-11-27,1.0,1733344029,quit_claim,false,2,,1403,1956,3,1.0,,32335.0
cook,18302080100000,2023-01-30,320000.0,2306657018,warranty,true,3,,3782,,,,,69000.0
cook,18302080310000,2015-09-14,605236.0,1527544060,other,false,3,,3180,1996,4,2.5,,45391.0
cook,18302080310000,2016-01-13,725000.0,1601449095,warranty,true,3,,3180,1996,4,2.5,,45391.0
cook,18303020040000,2023-12-29,6750000.0,2401722024,other,false,2,,,,,,,87360.0
cook,18303060320000,2013-04-01,0.0,1311516070,other,false,1,,4820,1999,4,4.0,,114758.0
cook,18303060420000,2018-12-26,1.0,1925934099,quit_claim,false,2,,5557,2004,5,6.0,,152270.0
cook,18303060420000,2022-08-26,2066725.0,2224204315,warranty,true,3,,5557,,,,,98388.0
cook,18303060420000,2017-12-07,2000000.0,1735249337,warranty,true,3,,5557,2004,5,6.0,,152270.0
cook,18303060480000,2017-09-13,1100000.0,1726115039,warranty,true,3,,7227,1992,6,4.5,,193377.0
cook,18304010180000,2017-02-17,295000.0,1707918034,warranty,true,3,,1788,1956,4,1.5,,42909.0
cook,18304010300000,2015-12-11,490000.0,1600412020,warranty,true,3,,,,,,,46201.0
cook,18304010300000,2013-06-14,350000.0,1317816054,warranty,true,3,,,,,,,46201.0
cook,18304020010000,2020-03-17,575000.0,2015021189,warranty,true,3,,3888,1991,4,3.5,,71965.0
cook,18304020010000,2017-06-14,680000.0,1716655086,warranty,true,3,,3888,1990,4,3.5,,86855.0
cook,18304030160000,2024-04-12,957000.0,2410824076,trustee,false,3,,3390,,,,,71000.0
cook,18304050010000,2019-12-10,395000.0,1935208361,warranty,true,3,,1446,1956,3,1.0,,32861.0
cook,18304060070000,2013-01-23,500000.0,1303535026,other,false,3,,4183,2008,4,4.0,,76785.0
cook,18304060070000,2022-10-17,1325000.0,2229445092,warranty,true,3,,4183,,,,,75990.0
cook,18304060130000,2023-11-27,865000.0,2335313159,executor,false,2,,3671,,,,,84000.0
cook,18304060130000,2020-09-25,345000.0,2031710039,warranty,true,3,,3671,1956,5,2.5,,55424.0
cook,18304070050000,2018-10-02,623000.0,1833257032,trustee,false,3,,2853,1981,4,2.5,,68100.0
cook,18304070230000,2014-09-03,745000.0,1426917006,warranty,true,3,,3806,1986,4,3.5,,72117.0
cook,18304080150000,2020-05-26,571000.0,2020233257,warranty,true,3,,2806,1982,4,2.5,,60864.0
cook,18304080180000,2020-06-10,1.0,2020239190,other,false,2,,3990,1983,4,3.5,,72050.0
cook,18304080240000,2014-10-23,580000.0,1430347046,warranty,true,3,,4108,1986,4,2.5,,71096.0
cook,18304090090000,2020-07-20,665000.0,2029620203,warranty,true,3,,3326,1983,4,3.5,,60120.0
cook,18304100080000,2014-06-20,460000.0,1427422025,trustee,false,3,,2609,1980,4,2.0,,57575.0
cook,18304100090000,2022-03-08,895000.0,2207721105,warranty,true,3,,4236,,,,,68353.0
cook,18304100090000,2019-09-26,840000.0,1927457073,trustee,false,3,,4236,1983,4,3.5,,73384.0
cook,18311030140000,2020-07-28,1050000.0,2028234187,trustee,false,3,,5559,1998,5,3.5,,157965.0
cook,18311030200000,2021-10-21,1200000.0,2129933271,trustee,false,3,,3416,1987,4,3.5,,94066.0
cook,18311060150000,2014-09-15,715000.0,1428241009,warranty,true,3,,4231,1986,4,2.5,,92875.0
cook,18311090030000,2013-09-06,1225000.0,1327701006,warranty,true,3,,4440,2010,4,3.5,,16731.0
cook,18312100040000,2023-07-24,1425000.0,2320713249,warranty,true,3,,4666,,,,,98000.0
cook,18312110050000,2013-01-01,680000.0,1305349047,other,false,2,,2633,2010,2,2.5,,85895.0
cook,18312110070000,2015-07-31,900000.0,1521916035,warranty,true,3,,3514,2010,4,3.0,,72725.0
cook,18312110070000,2013-01-01,757000.0,1303855013,other,false,2,,3514,2010,4,3.0,,102123.0
cook,18312110160000,2013-06-01,856000.0,1316349035,other,false,2,,,,,,,2206.0
cook,18312110190000,2013-11-01,794444.0,1332229112,other,false,2,,,,,,,2199.0
cook,18312110290000,2013-08-01,771500.0,1324755007,other,false,2,,,,,,,2199.0
cook,18312110290000,2022-08-15,925000.0,2223113172,trustee,false,3,,2666,,,,,67766.0
cook,18312110400000,2014-02-01,794500.0,1404519108,other,false,2,,,,,,,2077.0
cook,18312110400000,2022-09-21,1075000.0,2227245110,trustee,false,3,,3379,,,,,69727.0
cook,18312110450000,2013-05-01,794444.0,1313639073,other,false,2,,,,,,,2076.0
cook,18312110540000,2013-08-01,794444.0,1323339115,other,false,2,,,,,,,2077.0
cook,18312110540000,2019-01-11,950000.0,1903218085,warranty,true,3,,3495,2013,4,2.5,,99390.0
cook,18312110540000,2014-07-01,992500.0,1420249000,other,false,2,,3495,2013,4,2.5,,53977.0
cook,18312110540000,2022-03-25,1100000.0,2209421184,warranty,true,3,,3495,,,,,84253.0
cook,18313000050000,2024-06-27,2275000.0,2419302339,warranty,true,3,,4962,,,,,155760.0
cook,18313000070000,2015-01-21,895000.0,1503333024,trustee,false,3,,3100,1949,5,4.0,,69562.0
cook,18313000160000,2026-02-20,400000.0,2605630125,trustee,false,3,,,,,,,
cook,18313020100000,2021-04-06,675000.0,2110439035,other,false,3,,1311,1942,3,1.5,,187727.0
cook,18313020100000,2024-10-02,900000.0,2430523094,trustee,false,3,,,,,,,87120.0
cook,18313020100000,2014-04-01,775000.0,1410656020,trustee,false,2,,1311,1941,3,1.5,,56692.0
cook,18313050020000,2021-05-29,1487500.0,2117206104,warranty,true,3,,5935,1992,6,4.5,,105296.0
cook,18313050120000,2014-04-11,880000.0,1411126082,warranty,true,3,,4435,1992,4,4.5,,103417.0
cook,18191030450000,2017-12-19,672500.0,1736247083,warranty,true,3,,4453,1987,4,4.5,,119015.0
cook,18303060320000,2013-09-10,777000.0,1326039031,other,false,3,,4820,1999,4,4.0,,114758.0
cook,18312110450000,2013-09-01,742500.0,1327449011,other,false,2,,,,,,,2076.0
cook,18313070030000,2020-02-24,1.0,2010103219,other,false,2,,6764,2002,5,6.0,,143233.0
cook,18313070030000,2013-01-01,1411000.0,1306415038,other,false,2,,6764,2001,5,6.0,,159548.0
cook,18313070150000,2015-01-29,1720000.0,1504046162,warranty,true,3,,5114,2001,5,6.0,,120076.0
cook,18313070200000,2020-06-26,1.0,2023307360,other,false,2,,5729,1999,5,3.5,,127868.0
cook,18314000290000,2022-09-08,250000.0,2301116005,other,false,3,,,,,,,30981.0
cook,18314020080000,2022-02-25,2350000.0,2207320423,warranty,true,3,,10040,,,,,332400.0
cook,18314020170000,2015-09-30,2750000.0,1534356010,other,false,3,,8821,2005,7,11.5,,231587.0
cook,18314020170000,2014-01-01,2500000.0,1401754053,warranty,true,2,,8821,2005,7,11.5,,231587.0
cook,18314090060000,2022-05-31,675000.0,2215704189,warranty,true,3,,,,,,,11133.0
cook,18181000130000,2020-03-06,585000.0,2009307418,warranty,true,3,,4341,1979,5,3.0,,74033.0
cook,18181000130000,2013-01-25,500000.0,1303055020,executor,false,2,,4341,1979,5,3.0,,63366.0
cook,18181000160000,2021-01-08,560000.0,2101913094,warranty,true,3,,2722,1974,5,2.5,,59190.0
cook,18181000160000,2024-12-30,1190000.0,2502720260,warranty,true,3,,2722,,,,,51867.0
cook,18181000190000,2018-03-22,725000.0,1809347041,trustee,false,3,,2310,1973,4,2.5,,57437.0
cook,18181010050000,2016-04-19,585000.0,1611656034,trustee,false,3,,2574,1987,4,2.5,,44041.0
cook,18181010070000,2015-04-06,465000.0,1509946086,trustee,false,3,,2812,1987,3,2.5,,48879.0
cook,18181010070000,2023-05-25,612500.0,2317106268,warranty,true,3,,2812,,,,,61000.0
cook,18181010100000,2014-04-01,510000.0,1409446056,warranty,true,3,,2574,1987,4,2.5,,44041.0
cook,18181010130000,2015-05-05,490000.0,1514115054,warranty,true,3,,2620,1987,3,2.5,,45488.0
cook,18181030020000,2019-04-16,1.0,1933846419,quit_claim,false,2,,1758,1959,3,2.5,,47256.0
cook,18181070210000,2013-06-27,475000.0,1323101077,trustee,false,3,,2060,1970,4,2.5,,40288.0
cook,18183020050000,2024-07-01,690650.0,2419214385,trustee,false,3,,2119,,,,,66000.0
cook,18183020100000,2014-07-01,740000.0,1421149052,warranty,true,2,,4346,1983,8,3.5,,69843.0
cook,18183020160000,2013-08-12,900000.0,1324634074,trustee,false,3,,4532,1983,5,4.0,,88785.0
cook,18183020370000,2016-08-01,1350000.0,1624301062,trustee,false,3,,4149,1981,5,3.0,,91349.0
cook,18183030020000,2013-07-25,610000.0,1322045048,warranty,true,3,,2700,1969,4,2.5,,53913.0
cook,18183070050000,2023-12-01,2750000.0,2335341157,other,false,3,,5940,,,,,250001.0
cook,18183070050000,2017-06-14,2700000.0,1719210031,warranty,true,3,,5940,2001,4,5.0,,165054.0
cook,18191020050000,2014-10-15,806000.0,1430815016,other,false,3,,3513,1986,4,2.5,,58841.0
cook,18191020050000,2020-04-22,1.0,2019857020,other,false,2,,3513,1986,4,2.5,,67923.0
cook,18191020130000,2019-10-21,36450.0,2002422005,warranty,true,3,,3804,1989,4,3.5,,96873.0
cook,18191020190000,2018-03-08,830000.0,1807101038,warranty,true,3,,4022,1989,4,3.5,,83000.0
cook,18191020190000,2016-07-19,685000.0,1622810093,warranty,true,3,,4022,1989,4,3.5,,92644.0
cook,18191030600000,2020-12-18,1370000.0,2104039188,warranty,true,3,,5839,1993,6,6.0,,132517.0
cook,18191030600000,2014-04-23,1590000.0,1412035007,warranty,true,3,,5839,1993,6,4.0,,130912.0
cook,18191030790000,2016-03-02,3350000.0,1607822009,trustee,false,3,,,,,,,30592.0
cook,18191030790000,2017-07-14,750000.0,1721339105,warranty,true,3,,,,,,,34583.0
cook,18191030820000,2019-06-01,1220000.0,1918317151,warranty,true,2,,,,,,,19051.0
cook,18191030820000,2016-03-01,1.0,1607822011,warranty,false,1,,,,,,,5862.0
cook,18191030850000,2018-10-25,1.0,1832319022,other,false,2,,,,,,,27602.0
cook,18191030850000,2014-12-02,570000.0,1504849048,warranty,true,3,,,,,,,24417.0
cook,18191040030000,2020-04-18,1113000.0,2014103214,warranty,true,3,,5776,1990,4,4.0,,112800.0
cook,18193000260000,2019-01-01,5425000.0,1901434049,other,false,2,,,,,,,66164.0
cook,18193000340000,2013-04-01,6900000.0,1311922100,other,false,2,,,,,,,1175220.0
cook,18193010040000,2017-07-01,2900000.0,1720508177,warranty,true,2,,,,,,,303919.0
cook,18193030010000,2016-01-01,575000.0,1601349368,warranty,true,2,,2035,1968,4,2.5,,39119.0
cook,18193040120000,2022-11-16,525000.0,2233928333,other,false,3,,4593,,,,,76926.0
cook,18193060030000,2021-08-23,645000.0,2127225194,warranty,true,3,,2989,1967,4,2.5,,54001.0
cook,18193060030000,2018-09-26,540000.0,1828419286,warranty,true,3,,2989,1966,4,2.5,,60176.0
cook,18193060210000,2017-08-18,490000.0,1723049280,trustee,false,3,,2981,1966,4,2.5,,60018.0
cook,18193080080000,2023-05-31,728000.0,2316045101,trustee,false,3,,2809,,,,,66000.0
cook,18193080090000,2019-07-18,1.0,1928408107,quit_claim,false,2,,2220,1992,3,2.5,,47952.0
cook,18193080090000,2016-06-14,495000.0,1616856131,trustee,false,3,,2220,1992,3,2.5,,34577.0
cook,18193080110000,2013-10-23,425000.0,1329855057,trustee,false,3,,2809,1992,3,2.5,,41080.0
cook,18193080320000,2016-12-05,516000.0,1636318117,trustee,false,3,,2607,1993,3,2.5,,36982.0
cook,18193080330000,2021-09-22,485000.0,2127828478,warranty,true,3,,2220,1994,3,2.5,,43216.0
cook,18293000240000,2018-01-01,175000.0,1803349254,warranty,true,2,,,,,,,21405.0
cook,18293000240000,2014-03-21,155000.0,1409842035,other,false,3,,1000,1942,2,1.0,,19337.0
cook,18301010010000,2023-05-12,1050000.0,2314245118,warranty,true,3,,2436,,,,,104000.0
cook,18301010010000,2021-06-03,879900.0,2115907320,warranty,true,3,,2436,2016,2,2.5,,77799.0
cook,18301010310000,2021-03-01,864900.0,2110301133,warranty,true,3,,,,,,,2279.0
cook,18301010360000,2020-12-21,904900.0,2102139309,warranty,true,3,,,,,,,2518.0
cook,18301010400000,2021-03-31,864000.0,2110318227,warranty,true,3,,2336,2019,2,2.5,,76685.0
cook,18301010410000,2022-03-04,1003745.0,2206906256,warranty,true,3,,,,,,,2284.0
cook,18301010430000,2021-05-26,899900.0,2116728661,warranty,true,3,,,,,,,2519.0
cook,18302010240000,2018-12-20,1.0,1905019067,other,false,2,,1454,1962,3,2.0,,33276.0
cook,18302040100000,2015-09-08,375000.0,1526447039,warranty,true,3,,1419,1957,3,1.0,,21219.0
cook,18303000320000,2019-01-01,15000000.0,1903510029,other,false,2,,,,,,,2558641.0
cook,18303000420000,2019-01-01,15000000.0,1903510029,other,false,2,,,,,,,799636.0
cook,18303000440000,2019-01-01,15000000.0,1903510029,other,false,2,,,,,,,1090828.0
cook,18303000480000,2019-01-01,15000000.0,1903510029,other,false,2,,,,,,,403962.0
cook,18303000500000,2019-01-01,15000000.0,1903510029,other,false,2,,,,,,,816288.0
cook,18303020010000,2023-12-29,6750000.0,2401722024,other,false,2,,,,,,,193278.0
cook,18303030160000,2025-11-03,825000.0,2530818194,other,false,3,,,,,,,86262.0
cook,18303060270000,2017-02-23,1.0,1706116045,quit_claim,false,2,,6127,2001,4,4.0,,151332.0
cook,18303060340000,2017-04-27,950000.0,1712504013,trustee,false,3,,5353,1992,5,4.5,,142454.0
cook,18303060390000,2017-10-04,1507500.0,1729301218,warranty,true,3,,6814,1996,5,5.0,,170072.0
cook,18304010150000,2017-03-03,600000.0,1706606053,trustee,false,3,,3352,1978,6,3.5,,90258.0
cook,18304030130000,2025-05-12,1190000.0,2514916024,warranty,true,3,,,,,,,91446.0
cook,18304040010000,2024-11-12,900000.0,2432407002,warranty,true,3,,3101,,,,,74000.0
cook,18304040070000,2020-03-09,1.0,2007228033,other,false,2,,,,,,,16269.0
cook,18304040070000,2017-05-02,229900.0,1713255084,other,false,3,,1536,1957,4,2.0,,43138.0
cook,18304050120000,2015-12-29,1.0,1608545017,warranty,false,2,,1692,1955,3,2.5,,43059.0
cook,18304050120000,2014-07-07,320000.0,1420615184,warranty,true,3,,1692,1955,3,2.5,,43059.0
cook,18304060020000,2020-01-16,629000.0,2002208342,warranty,true,3,,3339,1964,5,3.5,,60937.0
cook,18304070060000,2021-04-07,673000.0,2114104437,trustee,false,3,,2958,1983,4,2.5,,52161.0
cook,18304070100000,2019-05-13,1.0,1913446114,trustee,false,2,,2322,1981,4,2.5,,52875.0
cook,18304070290000,2018-02-15,450000.0,1805415057,trustee,false,3,,3057,1985,6,2.5,,62055.0
cook,18304070370000,2023-08-21,950000.0,2325734055,warranty,true,3,,4774,,,,,87000.0
cook,18304070380000,2015-01-30,700000.0,1504801038,warranty,true,3,,4564,1986,4,3.5,,62881.0
cook,18304070380000,2021-03-30,726000.0,2112739061,warranty,true,3,,4564,1986,4,3.5,,70838.0
cook,18313070030000,2013-09-19,1600000.0,1328942142,warranty,true,3,,6764,2001,5,6.0,,159548.0
cook,18181030020000,2019-03-29,425000.0,1911533006,warranty,true,3,,1758,1959,3,2.5,,47256.0
cook,18304080170000,2016-05-20,570000.0,1614819054,trustee,false,3,,2411,1982,4,2.0,,61672.0
cook,18304080260000,2020-09-22,870000.0,2035610033,warranty,true,3,,4115,1982,6,3.5,,82812.0
cook,18304100140000,2018-05-23,677000.0,1814529076,warranty,true,3,,4470,1982,5,3.5,,83562.0
cook,18311030110000,2015-10-13,940000.0,1529346071,warranty,true,3,,4781,1993,3,2.5,,107268.0
cook,18311030110000,2019-10-30,725000.0,1930834154,warranty,true,3,,4781,1993,5,4.5,,94000.0
cook,18311040020000,2022-01-04,784000.0,2201118062,warranty,true,3,,4555,,,,,67798.0
cook,18311050080000,2017-06-23,540000.0,1717455146,warranty,true,3,,3372,1985,4,3.5,,72618.0
cook,18311050300000,2020-09-11,1.0,2030517400,other,false,2,,3592,1987,4,3.5,,63465.0
cook,18311050300000,2018-06-12,1.0,1817216067,other,false,2,,3592,1986,4,3.5,,65923.0
cook,18311050300000,2017-08-08,561464.0,1723013043,other,false,3,,3592,1986,4,3.5,,74090.0
cook,18311050300000,2016-10-13,1.0,1629813007,warranty,false,2,,3592,1986,4,3.5,,65653.0
cook,18311060140000,2019-07-05,1.0,1931749400,other,false,2,,3926,1986,4,4.0,,92471.0
cook,18311070030000,2020-07-01,720000.0,2022606344,trustee,false,3,,4142,1985,4,2.5,,71547.0
cook,18312010180000,2017-10-27,462363.0,1730739096,trustee,false,3,,1643,1968,3,1.5,,46194.0
cook,18312100130000,2020-07-29,1.0,2028839176,other,false,2,,6577,2005,4,4.0,,130810.0
cook,18312110020000,2013-11-01,794444.0,1332229112,other,false,2,,,,,,,2197.0
cook,18312110040000,2014-02-01,794444.0,1404519108,other,false,2,,,,,,,2199.0
cook,18312110120000,2014-02-01,794500.0,1404519108,other,false,2,,,,,,,2199.0
cook,18312110120000,2019-09-20,1.0,1930455050,quit_claim,false,2,,3507,2013,4,2.5,,80192.0
cook,18312110350000,2013-09-01,892000.0,1326949012,other,false,2,,,,,,,2199.0
cook,18312110350000,2014-08-05,860000.0,1424710084,other,false,3,,2622,2013,2,2.5,,75006.0
cook,18312110470000,2013-08-01,794444.0,1323339115,other,false,2,,,,,,,2199.0
cook,18312110490000,2021-11-08,880000.0,2203521002,trustee,false,3,,2622,2013,2,2.5,,67709.0
cook,18312110490000,2013-08-01,794444.0,1323339115,other,false,2,,,,,,,2004.0
cook,18312110490000,2019-03-01,1.0,1910913137,trustee,false,1,,2622,2013,2,2.5,,66330.0
cook,18313040010000,2021-02-08,1147500.0,2106107084,warranty,true,3,,5780,1992,5,4.5,,98124.0
cook,18313040160000,2017-09-11,1300000.0,1727008124,warranty,true,3,,6184,1998,6,4.0,,164588.0
cook,18313050070000,2015-12-23,590000.0,1536504176,trustee,false,3,,3190,1992,4,3.0,,69555.0
cook,18313060080000,2023-03-01,1200000.0,2307433031,warranty,true,3,,4165,,,,,120000.0
cook,18313070080000,2023-04-19,1700000.0,2311629143,warranty,true,3,,4921,,,,,145000.0
cook,18313070080000,2025-05-29,1950000.0,2515418090,warranty,true,3,,,,,,,145000.0
cook,18313070300000,2020-04-10,1.0,2022507433,other,false,2,,4145,2005,4,4.5,,98559.0
cook,18313070300000,2014-01-10,1175000.0,1405516018,warranty,true,3,,4145,2004,4,4.5,,104396.0
cook,18314000230000,2019-05-29,1565000.0,1915057065,trustee,false,3,,3387,2007,2,2.5,,89985.0
cook,18314020180000,2015-01-06,450000.0,1502757108,trustee,false,3,,,,,,,8973.0
cook,18314090010000,2024-08-13,295000.0,2424302146,warranty,true,3,,,,,,,16312.0
cook,18314090050000,2022-10-19,205000.0,2229301235,warranty,true,3,,,,,,,11139.0
cook,18181010040000,2020-12-07,705000.0,2036540153,warranty,true,3,,2574,1987,4,2.5,,47403.0
cook,18181010040000,2014-10-31,480000.0,1431057119,warranty,true,3,,2574,1987,4,2.5,,44041.0
cook,18181010040000,2017-09-19,1.0,1726417029,quit_claim,false,2,,2574,1987,4,2.5,,57770.0
cook,18181010180000,2021-03-25,625000.0,2109901173,warranty,true,3,,2830,1987,3,2.5,,50395.0
cook,18181030160000,2013-04-01,487700.0,1310826112,warranty,true,3,,2145,1973,4,2.0,,40220.0
cook,18181040400000,2021-08-06,718000.0,2123534155,warranty,true,2,,,,,,,2169.0
cook,18181040400000,2025-07-21,925000.0,2521022233,trustee,false,2,,,,,,,2490.0
cook,18181070020000,2022-01-05,550000.0,2201813343,trustee,false,3,,2270,,,,,45555.0
cook,18183020090000,2014-03-11,670000.0,1409241065,trustee,false,3,,4038,1987,3,4.5,,67518.0
cook,18183030070000,2017-06-20,485000.0,1717849029,trustee,false,3,,2191,1968,4,2.5,,52628.0
cook,18183040030000,2019-03-26,1.0,1909517092,warranty,false,2,,2643,1983,4,2.5,,59529.0
cook,18183040030000,2024-08-23,755250.0,2426820135,trustee,false,3,,2643,,,,,76001.0
cook,18183040160000,2016-07-28,650000.0,1624404067,warranty,true,3,,3811,1983,4,3.5,,92214.0
cook,18183040200000,2013-10-17,430000.0,1331241042,warranty,true,3,,,,,,,4800.0
cook,18183050030000,2015-01-15,660000.0,1502804061,trustee,false,3,,4131,1983,4,3.5,,78916.0
cook,18183050030000,2020-05-20,745000.0,2019906470,warranty,true,3,,4131,1983,4,3.5,,69244.0
cook,18191020110000,2019-12-13,33150.0,2014820041,warranty,true,3,,6501,2004,5,5.5,,144621.0
cook,18191020110000,2013-01-18,850000.0,1302912111,other,false,3,,6501,2004,5,5.5,,136626.0
cook,18191020120000,2019-10-19,59650.0,2002717007,warranty,true,3,,3332,1986,4,3.0,,68193.0
cook,18191030230000,2020-05-27,855000.0,2023107113,warranty,true,3,,4450,1986,4,3.0,,96212.0
cook,18191030570000,2013-10-25,2150000.0,1332635067,warranty,true,3,,7840,2010,4,7.0,,206916.0
cook,18191030580000,2020-08-19,1291875.0,2029357019,trustee,false,3,,7345,1995,6,4.0,,187560.0
cook,18191030770000,2020-11-06,3000000.0,2035922059,trustee,false,2,,17958,2008,8,9.5,,340049.0
cook,18191030810000,2019-06-01,1220000.0,1918317151,warranty,true,2,,,,,,,20452.0
cook,18191030810000,2016-03-01,1.0,1607822011,warranty,false,1,,,,,,,18092.0
cook,18191030910000,2021-06-10,990000.0,2126746278,warranty,true,3,,,,,,,67142.0
cook,18191030910000,2022-03-16,1400000.0,2208121089,warranty,true,3,,,,,,,67142.0
cook,18193030060000,2020-11-12,246000.0,2035028067,trustee,false,2,,3044,1967,5,3.5,,53339.0
cook,18193040160000,2021-12-06,685000.0,2204012072,warranty,true,3,,3468,1968,4,2.5,,61791.0
cook,18193060020000,2020-07-14,527500.0,2026021077,trustee,false,3,,2164,1967,4,2.5,,45612.0
cook,18193080050000,2023-04-27,550000.0,2313633076,trustee,false,3,,2607,,,,,56000.0
cook,18193080070000,2019-06-03,1.0,1915522094,other,false,2,,2607,1995,3,2.5,,44130.0
cook,18193080130000,2016-03-17,525000.0,1608904063,warranty,true,3,,2607,1996,3,2.5,,36982.0
cook,18193080140000,2020-06-25,1.0,2023813065,other,false,2,,2220,1996,3,2.5,,48154.0
cook,18193080150000,2013-05-24,350000.0,1316433159,trustee,false,3,,2607,1995,3,2.5,,39935.0
cook,18301000120000,2017-05-01,3753750.0,1713913043,other,false,2,,,,,,,651508.0
cook,18301010060000,2021-07-07,700000.0,2021.21271,warranty,true,3,,,,,,,2284.0
cook,18301010230000,2019-12-13,929900.0,1935755056,warranty,true,3,,,,,,,2047.0
cook,18301010370000,2019-12-18,957033.0,1936055005,warranty,true,3,,,,,,,2258.0
cook,18301010380000,2024-02-27,1390000.0,2406707236,trustee,false,3,,3175,,,,,85829.0
cook,18301010380000,2020-07-30,864900.0,2027420104,warranty,true,3,,3175,2019,3,2.5,,89033.0
cook,18302000060000,2022-03-17,365000.0,2208804149,warranty,true,3,,1487,,,,,23086.0
cook,18302000100000,2019-03-16,1.0,1911416021,other,false,2,,2394,1990,4,2.5,,46678.0
cook,18302010680000,2022-09-16,345000.0,2229345114,trustee,false,3,,1342,,,,,28912.0
cook,18302020030000,2020-04-10,857000.0,2016449112,warranty,true,3,,3080,1998,4,3.0,,62308.0
cook,18302020030000,2016-04-01,830000.0,1610249005,warranty,true,2,,3080,1998,4,3.0,,46371.0
cook,18302050200000,2020-01-01,1.0,2001413166,other,false,1,,,,,,,28.0
cook,18312110350000,2013-02-01,794444.0,1305922100,other,false,2,,,,,,,2199.0
cook,18193030060000,2020-11-05,246000.0,2035028066,trustee,false,3,,3044,1967,5,3.5,,53339.0
cook,18303000260000,2023-12-29,6750000.0,2401722024,other,false,3,,,,,,,579073.0
cook,18303000370000,2019-01-01,15000000.0,1903510029,other,false,2,,,,,,,150107.0
cook,18303000380000,2019-01-01,15000000.0,1903510029,other,false,2,,,,,,,326587.0
cook,18303020020000,2023-12-29,6750000.0,2401722024,other,false,2,,,,,,,805648.0
cook,18303040030000,2019-11-25,4619072.0,1935440034,other,false,3,,,,,,,449999.0
cook,18304020140000,2022-09-27,1820000.0,2229408013,warranty,true,3,,4970,,,,,97820.0
cook,18304020240000,2020-08-25,800000.0,2036616050,trustee,false,3,,4890,1957,4,2.5,,78703.0
cook,18304020280000,2014-06-01,730000.0,1418812003,trustee,false,2,,4006,1990,6,4.0,,73451.0
cook,18304020290000,2019-04-16,1.0,1915116003,other,false,2,,4086,1990,5,3.5,,65000.0
cook,18304020290000,2016-04-22,650000.0,1613110095,trustee,false,3,,4086,1990,5,3.5,,64368.0
cook,18304030020000,2017-05-11,1.0,1713855125,quit_claim,false,2,,4987,2016,4,5.5,,96982.0
cook,18304030020000,2014-12-01,401000.0,1435355043,other,false,2,,1648,1956,3,2.5,,42847.0
cook,18304040020000,2020-03-04,1.0,2007613117,other,false,2,,1284,1957,3,1.0,,37986.0
cook,18304050020000,2018-08-19,600000.0,1824719407,warranty,true,3,,3196,1956,4,2.5,,65731.0
cook,18304050070000,2021-12-21,348700.0,2205907036,trustee,false,3,,1233,1956,3,1.0,,36032.0
cook,18304060010000,2018-06-29,475000.0,1818733130,warranty,true,3,,2054,1958,4,2.5,,52141.0
cook,18304060010000,2016-07-01,501000.0,1619646063,trustee,false,3,,2054,1958,4,2.5,,37160.0
cook,18304070090000,2020-04-23,1.0,2028208154,other,false,2,,2925,1979,5,2.5,,51996.0
cook,18304070160000,2022-07-13,915000.0,2220120223,trustee,false,3,,4021,,,,,65863.0
cook,18304080200000,2017-10-12,588000.0,1729055017,warranty,true,3,,3601,1982,4,2.5,,75751.0
cook,18311030210000,2024-04-24,302000.0,2412214356,warranty,true,3,,,,,,,47358.0
cook,18311030210000,2022-04-28,322500.0,2212501094,trustee,false,3,,,,,,,41618.0
cook,18311040010000,2013-12-01,580000.0,1401715018,warranty,true,2,,4999,1986,4,4.0,,105264.0
cook,18311050200000,2020-08-29,760000.0,2033341071,warranty,true,3,,4263,1986,4,3.5,,69433.0
cook,18311050200000,2017-12-18,724000.0,1800206050,warranty,true,3,,4263,1986,4,3.5,,101644.0
cook,18311060080000,2016-09-23,590000.0,1628046102,warranty,true,3,,3023,1985,4,2.5,,51488.0
cook,18311070020000,2014-07-10,650000.0,1422701004,warranty,true,3,,3971,1985,4,2.5,,94001.0
cook,18311070110000,2016-11-07,640000.0,1632722127,warranty,true,3,,4040,1985,4,4.0,,88620.0
cook,18311080080000,2016-06-30,1350000.0,1624445040,warranty,true,3,,6908,1992,4,4.0,,139630.0
cook,18312010330000,2016-10-03,484000.0,1627818000,trustee,false,3,,2177,1936,4,4.5,,50134.0
cook,18312010330000,2014-01-13,400000.0,1403012006,warranty,true,3,,2177,1936,4,4.5,,50134.0
cook,18312110010000,2020-09-29,1057000.0,2029557022,warranty,true,3,,3379,2013,3,3.5,,66591.0
cook,18312110010000,2013-08-01,794444.0,1323339115,other,false,2,,,,,,,2199.0
cook,18312110010000,2014-03-01,807500.0,1409349005,other,false,2,,3379,2013,3,3.5,,60884.0
cook,18312110210000,2013-11-01,794444.0,1332229112,other,false,2,,,,,,,2199.0
cook,18312110210000,2014-08-01,956000.0,1423455056,other,false,2,,,,,,,2199.0
cook,18312110250000,2013-02-01,794444.0,1305922100,other,false,2,,,,,,,2077.0
cook,18312110250000,2014-03-01,794000.0,1409349013,other,false,2,,2666,2013,2,2.5,,56935.0
cook,18312110310000,2013-04-01,808065.0,1311455001,other,false,2,,3514,2010,4,3.0,,66765.0
cook,18312110340000,2013-04-01,955000.0,1313749048,other,false,2,,3514,2010,4,3.0,,66765.0
cook,18312110340000,2014-11-05,920000.0,1433510007,trustee,false,3,,3514,2010,4,3.0,,90341.0
cook,18312110360000,2013-07-01,794000.0,1321049009,other,false,2,,,,,,,2199.0
cook,18312110510000,2013-08-01,794444.0,1323339115,other,false,2,,,,,,,2199.0
cook,18312110510000,2014-11-01,901000.0,1432349018,other,false,2,,,,,,,2199.0
cook,18313000040000,2017-04-20,800000.0,1712349045,trustee,false,3,,,,,,,65340.0
cook,18313040020000,2020-09-29,840000.0,2034619042,other,false,3,,6990,1992,6,7.0,,148849.0
cook,18313040020000,2019-03-06,1.0,1907357211,other,false,2,,6990,1992,6,7.0,,167397.0
cook,18313040110000,2018-06-15,1062500.0,1817049038,warranty,true,3,,5952,1996,5,4.0,,149542.0
cook,18313040120000,2022-05-13,1202500.0,2213818180,warranty,true,3,,5606,,,,,122690.0
cook,18313060070000,2025-10-07,1475000.0,2528830162,warranty,true,3,,,,,,,107187.0
cook,18313060130000,2017-06-21,1275000.0,1718008232,warranty,true,3,,4558,2001,5,3.5,,118025.0
cook,18313060140000,2020-12-16,1325000.0,2106204194,warranty,true,3,,5014,2005,4,4.5,,91417.0
cook,18313060190000,2019-05-15,1.0,1913646019,quit_claim,false,2,,9854,2001,7,5.5,,212451.0
cook,18313060240000,2020-08-07,1475000.0,2031428028,warranty,true,3,,7105,2002,5,4.5,,151663.0
cook,18313070260000,2018-04-16,1100000.0,1812442020,warranty,true,3,,4644,2001,5,4.5,,122687.0
cook,18313070270000,2020-07-26,1367500.0,2028722121,trustee,false,3,,4243,2001,4,3.5,,102171.0
cook,18313070270000,2017-08-18,1.0,1723722052,quit_claim,false,2,,4243,2001,4,3.5,,112943.0
cook,18314000270000,2023-05-19,325000.0,2322040044,trustee,false,3,,,,,,,33924.0
cook,23061000120000,2018-04-13,150000.0,1812022036,quit_claim,false,2,,,,,,,32670.0
cook,23061010270000,2015-03-23,765000.0,1509347073,trustee,false,3,,,,,,,6780.0
cook,23061080030000,2024-01-16,2860000.0,2402441148,trustee,false,3,,6890,,,,,146000.0
cook,23061090050000,2018-03-12,1757500.0,1807249179,warranty,true,3,,6475,2004,5,5.5,,136374.0
cook,23061090050000,2025-06-11,2375000.0,2521322013,warranty,true,3,,,,,,,137011.0
cook,18181000120000,2024-07-10,820000.0,2420628421,warranty,true,3,,2764,,,,,79686.0
cook,18181010160000,2020-10-01,523000.0,2031219047,warranty,true,3,,2620,1987,3,2.5,,47904.0
cook,18181010230000,2013-08-28,480000.0,1326301093,trustee,false,3,,2620,1987,3,2.5,,44505.0
cook,18181030040000,2018-09-08,530000.0,1826808019,warranty,true,3,,2159,1959,4,2.0,,48437.0
cook,18181040040000,2021-06-02,785000.0,2117442100,warranty,true,3,,2509,1967,4,2.5,,54589.0
cook,18181040050000,2019-07-05,525000.0,1919113091,trustee,false,3,,1326,1956,3,1.0,,40699.0
cook,18181040050000,2020-10-05,610000.0,2033207384,warranty,true,3,,1326,1956,3,1.0,,47597.0
cook,18181040070000,2019-03-22,590000.0,1909855732,warranty,true,3,,2839,1962,4,2.5,,52261.0
cook,18181040190000,2021-08-06,718000.0,2123534155,warranty,true,3,,2134,1973,4,2.5,,48705.0
cook,18181040190000,2025-07-21,925000.0,2521022233,trustee,false,3,,,,,,,59000.0
cook,18181040290000,2021-07-23,795000.0,2123728252,warranty,true,3,,2274,1973,4,2.5,,51539.0
cook,18181040290000,2020-08-03,420000.0,2029625117,trustee,false,3,,2274,1973,4,2.5,,51537.0
cook,18181040350000,2020-07-01,625000.0,2025307215,warranty,true,3,,2920,1977,5,2.5,,61347.0
cook,18181050110000,2017-05-01,498000.0,1714246121,warranty,true,2,,,,,,,682.0
cook,18183020010000,2014-08-01,875000.0,1423749059,warranty,true,2,,2525,1970,4,2.5,,47470.0
cook,18183020010000,2016-01-09,919000.0,1606319122,warranty,true,3,,2525,1970,4,2.5,,47470.0
cook,18183020020000,2019-04-05,700000.0,1910641058,warranty,true,3,,2836,1970,5,3.5,,67828.0
cook,18183020120000,2024-10-07,818400.0,2429730188,trustee,false,3,,2797,,,,,76674.0
cook,18183020250000,2023-02-28,1000000.0,2307233258,warranty,true,3,,4742,,,,,106000.0
cook,18183020360000,2018-10-04,1.0,1827846037,other,false,2,,,,,,,15797.0
cook,18183020360000,2020-05-08,1.0,2019021114,other,false,2,,,,,,,17490.0
cook,18183020360000,2017-06-22,408000.0,1719801263,trustee,false,3,,,,,,,15797.0
cook,18183040070000,2019-11-01,17500.0,2003146368,warranty,true,2,,,,,,,1.0
cook,18183040190000,2016-09-07,965000.0,1625908045,trustee,false,3,,4937,1989,5,3.0,,91000.0
cook,18183060080000,2015-05-21,685000.0,1516746064,trustee,false,3,,5454,1987,5,3.5,,109374.0
cook,18183060080000,2020-05-27,720000.0,2020939252,warranty,true,3,,5454,1988,5,3.5,,98749.0
cook,18183060090000,2020-01-22,580000.0,2002849019,trustee,false,3,,3935,1980,6,3.0,,87446.0
cook,18183070010000,2023-01-26,1288000.0,2303306231,warranty,true,3,,4700,,,,,125000.0
cook,18191000140000,2020-01-31,1.0,2003413115,other,false,2,,5591,1987,4,4.0,,132477.0
cook,18191000140000,2013-09-30,500000.0,1327616069,warranty,true,3,,5591,1986,4,4.0,,135097.0
cook,18191020100000,2020-06-29,760000.0,2028720093,warranty,true,3,,3001,1986,4,2.5,,74503.0
cook,18191030250000,2014-09-22,850000.0,1427433072,warranty,true,3,,3453,1986,4,2.5,,60448.0
cook,18191030250000,2022-04-08,1010000.0,2212234009,warranty,true,3,,3453,,,,,76972.0
cook,18191030260000,2014-04-23,815000.0,1412035008,warranty,true,3,,3594,1986,4,4.0,,60350.0
cook,18312110360000,2013-02-01,794444.0,1305922100,other,false,2,,,,,,,2199.0
cook,18183020010000,2016-03-03,919000.0,1606319121,warranty,false,2,,2525,1970,4,2.5,,47470.0
cook,18191000140000,2020-07-23,782500.0,2026107365,other,false,3,,5591,1987,4,4.0,,132477.0
cook,18191030700000,2014-01-01,2000000.0,1401748133,warranty,true,2,,9340,2001,8,7.0,,329553.0
cook,18191030700000,2026-01-09,4049250.0,2601620077,trustee,false,3,,,,,,,
cook,18191030840000,2019-11-17,1.0,1933846321,quit_claim,false,2,,8413,2008,5,7.0,,199017.0
cook,18191030860000,2019-05-26,1.0,1930349002,warranty,false,2,,5870,2013,6,4.5,,153411.0
cook,18193000150000,2018-08-14,3200000.0,1822919297,other,false,3,,,,,,,974837.0
cook,18193000150000,2013-05-15,1610000.0,1313722095,other,false,3,,,,,,,170850.0
cook,18193000240000,2019-01-03,3300000.0,1900708103,other,false,3,,,,,,,476528.0
cook,18193000240000,2021-10-29,5878720.0,2209740060,other,false,3,,,,,,,619974.0
cook,18193000330000,2016-10-01,5000000.0,1630010021,trustee,false,2,,,,,,,303118.0
cook,18193010020000,2019-07-19,1.0,1921308030,warranty,false,2,,,,,,,0.0
cook,18193020050000,2015-02-26,1.0,1507010040,warranty,false,2,,2769,1969,5,2.5,,46913.0
cook,18193020070000,2021-01-26,672000.0,2111612328,warranty,true,3,,3301,1971,4,2.5,,64750.0
cook,18193030070000,2020-05-05,1.0,2016157012,other,false,2,,3093,1967,5,3.5,,61016.0
cook,18193030070000,2018-10-26,565000.0,1833342078,trustee,false,3,,3093,1966,5,3.5,,59934.0
cook,18193030130000,2020-07-02,490000.0,2024806385,warranty,true,3,,3093,1967,5,4.0,,60013.0
cook,18193040040000,2019-07-28,1.0,1922146043,quit_claim,false,2,,2805,1967,5,2.5,,57874.0
cook,18193040050000,2020-08-03,620000.0,2028720128,warranty,true,3,,3012,1968,5,2.0,,60222.0
cook,18193040050000,2017-04-26,612500.0,1712504019,trustee,false,3,,3012,1968,5,2.0,,61383.0
cook,18193040130000,2022-03-02,600000.0,2208055168,warranty,true,3,,2979,,,,,61163.0
cook,18193060080000,2023-06-08,1070000.0,2317145241,warranty,true,3,,2668,,,,,85000.0
cook,18193060080000,2022-04-26,525000.0,2218939202,warranty,true,3,,2668,,,,,58405.0
cook,18193060090000,2021-08-24,535000.0,2127228450,trustee,false,3,,2416,1976,4,2.5,,50536.0
cook,18193060120000,2018-08-29,413000.0,1825306258,warranty,true,3,,2760,1967,4,2.5,,52730.0
cook,18193060170000,2018-06-15,430000.0,1817029167,warranty,true,3,,2443,1966,3,2.5,,51455.0
cook,18193060260000,2024-02-22,710000.0,2407424181,warranty,true,3,,2701,,,,,62000.0
cook,18193060270000,2021-08-02,475000.0,2123517367,warranty,true,3,,2974,1973,4,2.5,,58276.0
cook,18193060270000,2022-09-13,900000.0,2227145039,warranty,true,3,,2974,,,,,58276.0
cook,18193080190000,2021-04-07,425000.0,2110939375,trustee,false,3,,2809,1990,3,2.0,,49060.0
cook,18193080300000,2019-03-05,514000.0,1906606133,warranty,true,3,,2607,1993,3,2.5,,48872.0
cook,18301000110000,2017-05-01,3753750.0,1713913043,other,false,2,,,,,,,1100427.0
cook,18301010050000,2024-09-28,975000.0,2501323092,warranty,true,3,,2415,,,,,70998.0
cook,18301010050000,2021-08-20,699900.0,2123917162,warranty,true,3,,,,,,,2283.0
cook,18301010050000,2025-04-02,980000.0,2511402176,warranty,true,3,,,,,,,70998.0
cook,18301010070000,2022-01-06,757875.0,2202113310,warranty,true,3,,,,,,,2283.0
cook,18301010130000,2019-11-05,787579.0,1931155610,warranty,true,3,,,,,,,2047.0
cook,18301010350000,2021-10-01,892900.0,2128001009,warranty,true,3,,,,,,,2284.0
cook,18301010440000,2024-10-29,1200000.0,2433002039,warranty,true,3,,3175,,,,,93000.0
cook,18302010320000,2019-03-25,1.0,1909216008,quit_claim,false,2,,4116,2007,4,3.5,,77105.0
cook,18302010320000,2014-04-22,760000.0,1411955068,other,false,3,,4116,2007,4,3.5,,66963.0
cook,18302010420000,2023-11-29,360000.0,2334633044,other,false,3,,926,,,,,32000.0
cook,18302010560000,2017-08-25,250000.0,1726113052,warranty,true,3,,976,1953,2,1.0,,20491.0
cook,18302010560000,2025-03-25,369000.0,2509202113,warranty,true,3,,,,,,,30001.0
cook,18302050190000,2016-04-20,330000.0,1611239172,trustee,false,3,,1597,1959,3,1.0,,23480.0
cook,18302070120000,2023-01-04,360000.0,2301333229,other,false,3,,1521,,,,,36000.0
cook,18302070170000,2021-03-10,280000.0,2116641162,warranty,true,3,,1249,1958,3,1.0,,28343.0
cook,18302080050000,2018-06-20,530000.0,1820742002,trustee,false,3,,1850,1959,3,1.5,,38157.0
cook,18302080190000,2015-10-05,490000.0,1531612107,trustee,false,3,,2205,1974,4,2.5,,36194.0
cook,18303000390000,2019-01-01,15000000.0,1903510029,other,false,2,,,,,,,86648.0
cook,18303030190000,2021-09-30,1716988.0,2128004140,warranty,true,3,,,,,,,161311.0
cook,18303040040000,2016-08-24,2600000.0,1623908034,other,false,3,,,,,,,625679.0
cook,18303060140000,2018-09-17,1400000.0,1827806182,trustee,false,3,,5120,2001,4,4.5,,131974.0
cook,18303060150000,2024-04-04,1474000.0,2410722041,other,false,3,,4417,,,,,101753.0
cook,18303060180000,2022-09-20,1725000.0,2226910099,trustee,false,3,,6093,,,,,127301.0
cook,18303060330000,2022-09-09,1795000.0,2225857001,warranty,true,3,,6134,,,,,110699.0
cook,18303060620000,2019-02-20,1.0,1906744039,other,false,2,,5726,2001,6,5.0,,136290.0
cook,18304010110000,2026-01-27,800000.0,2602922193,warranty,true,3,,,,,,,
cook,18304020160000,2022-06-14,550000.0,2217846189,trustee,false,3,,,,,,,75620.0
cook,18304030060000,2024-03-28,1650000.0,2409924119,warranty,true,3,,4529,,,,,194027.0
cook,18304060060000,2022-06-13,495000.0,2216408054,warranty,true,3,,2270,,,,,51851.0
cook,18304060100000,2021-06-10,950000.0,2116746500,warranty,true,3,,3729,1998,5,3.5,,80660.0
cook,18304060100000,2014-04-24,500534.0,1432122046,other,false,3,,3729,1998,4,3.5,,64234.0
cook,18304060100000,2017-06-20,855000.0,1717349356,warranty,true,3,,3729,1998,5,3.5,,78006.0
cook,18304060100000,2016-07-18,450000.0,1621704021,warranty,true,3,,3729,1998,5,3.5,,64234.0
cook,18304070120000,2015-06-17,945000.0,1517519133,warranty,true,3,,3637,1986,5,2.5,,72865.0
cook,18304070120000,2022-08-16,1200000.0,2228447191,trustee,false,3,,3637,,,,,88028.0
cook,18304070360000,2014-04-01,792000.0,1410457060,warranty,true,2,,3796,1987,4,4.5,,81086.0
cook,18304080210000,2013-12-11,835000.0,1401026035,trustee,false,3,,3587,1985,5,4.0,,68695.0
cook,18304090140000,2016-06-03,775000.0,1618904049,warranty,true,3,,3102,1983,4,2.5,,55026.0
cook,18311020170000,2019-06-20,1080000.0,1919012033,warranty,true,3,,4280,1998,4,4.5,,105451.0
cook,18311050140000,2020-12-06,755000.0,2104121016,warranty,true,3,,3862,1985,4,4.5,,89400.0
cook,18311050150000,2020-05-07,705000.0,2017157366,trustee,false,3,,4402,1985,5,3.5,,81569.0
cook,18311060110000,2019-08-08,1.0,1924008288,quit_claim,false,2,,4154,1985,5,3.0,,75581.0
cook,18311060110000,2022-10-31,650000.0,2231842233,executor,false,2,,4154,,,,,61163.0
cook,18311070090000,2019-09-27,760000.0,1929710059,warranty,true,3,,4526,1994,4,3.5,,78000.0
cook,18311070170000,2019-05-17,1.0,1914017057,other,false,2,,3557,1986,4,2.5,,66767.0
cook,18311090080000,2013-01-30,385000.0,1303749039,warranty,true,3,,,,,,,16217.0
cook,18311090090000,2013-02-28,450000.0,1307355014,warranty,true,3,,,,,,,23839.0
cook,18311090090000,2017-05-03,475000.0,1712839088,warranty,true,3,,,,,,,26949.0
cook,18312010320000,2013-05-01,770000.0,1316412002,warranty,true,2,,2807,1989,3,2.0,,62939.0
cook,18312010360000,2020-05-20,1150000.0,2020216032,warranty,true,3,,3662,1984,3,1.5,,73530.0
cook,18312010360000,2014-07-21,665000.0,1426235023,trustee,false,3,,3560,1984,4,3.5,,72187.0
cook,18312010360000,2025-05-06,1560000.0,2516920037,warranty,true,3,,,,,,,112500.0
cook,18312100060000,2021-01-25,1260000.0,2106206186,warranty,true,3,,4303,1999,4,7.0,,97713.0
cook,18312100060000,2017-12-12,1260000.0,1736201138,warranty,true,3,,4303,1999,4,7.0,,94418.0
cook,18312100100000,2017-07-31,1090000.0,1722239087,warranty,true,3,,4423,1998,5,3.5,,95963.0
cook,18312100110000,2019-05-17,860000.0,1914457143,warranty,true,3,,4330,1995,4,4.0,,82075.0
cook,18312110060000,2020-10-26,840000.0,2032703173,trustee,false,3,,2669,2010,2,2.5,,66815.0
cook,18312110060000,2013-02-01,766500.0,1308455056,other,false,2,,2669,2010,2,2.5,,80013.0
cook,18312110100000,2021-02-04,900000.0,2105555034,warranty,true,3,,3507,2013,4,2.5,,74386.0
cook,18312110100000,2025-02-25,1115000.0,2522627001,warranty,true,3,,,,,,,98000.0
cook,18312110370000,2013-05-01,794444.0,1313639073,other,false,2,,,,,,,2199.0
cook,18312110370000,2014-05-01,834500.0,1416449054,other,false,2,,3507,2013,4,2.5,,51722.0
cook,18312110380000,2013-10-01,876500.0,1331849028,other,false,2,,,,,,,2199.0
cook,18313040100000,2013-11-22,1150000.0,1403029042,warranty,true,3,,6176,1995,4,5.0,,127836.0
cook,18313050160000,2024-06-18,1400000.0,2419330115,warranty,true,3,,5092,,,,,113000.0
cook,18313070060000,2020-09-04,1450000.0,2029917046,warranty,true,3,,5147,2001,4,5.0,,125159.0
cook,18313070110000,2023-06-28,653000.0,2319128094,warranty,true,3,,,,,,,23357.0
cook,18191030700000,2014-02-27,3100000.0,1409035052,other,false,3,,9340,2001,8,7.0,,329553.0
cook,18312110380000,2013-05-01,794444.0,1313639073,other,false,2,,,,,,,2199.0
cook,18314000260000,2023-04-25,325000.0,2318046319,trustee,false,3,,,,,,,38093.0
cook,18314000280000,2020-12-24,842000.0,2102945000,trustee,false,3,,3393,2001,3,2.5,,84892.0
cook,18314020030000,2017-08-22,1560000.0,1726801057,warranty,true,3,,3425,1974,6,3.0,,85275.0
cook,18314020130000,2018-06-12,1335530.0,1817306203,trustee,false,3,,4947,1990,3,4.5,,142856.0
cook,23061090030000,2023-11-17,3750000.0,2333115023,warranty,true,3,,7802,,,,,184000.0
cook,18181010210000,2013-02-27,520000.0,1307239032,warranty,true,3,,2827,1987,3,2.5,,45100.0
cook,18181010220000,2019-05-21,1.0,1914918070,other,false,2,,2620,1987,3,2.5,,46400.0
cook,18181010220000,2021-03-16,830000.0,2113406239,trustee,false,3,,2620,1987,3,2.5,,47866.0
cook,18181010220000,2014-06-01,520000.0,1417533202,warranty,true,2,,2620,1987,3,2.5,,48026.0
cook,18181030080000,2016-04-19,462500.0,1611204019,trustee,false,3,,2952,1971,5,3.5,,54436.0
cook,18181030090000,2019-12-13,795000.0,1935413058,other,false,3,,2501,1971,4,2.5,,48578.0
cook,18181030150000,2017-06-09,805000.0,1716649181,warranty,true,3,,3491,1971,5,3.5,,75563.0
cook,18181040080000,2015-09-08,725000.0,1525846107,trustee,false,3,,2757,2007,2,2.5,,52569.0
cook,18181040080000,2022-01-06,990000.0,2203222076,warranty,true,3,,2757,,,,,63687.0
cook,18181040090000,2020-07-24,724000.0,2026521195,warranty,true,3,,3187,1964,4,2.0,,55074.0
cook,18181040240000,2024-07-18,1000000.0,2423426004,trustee,false,3,,4084,,,,,73660.0
cook,18183000100000,2019-07-26,1.0,1926345017,quit_claim,false,2,,680,1946,1,1.5,,104779.0
cook,18183020030000,2016-11-04,1.0,1631313049,warranty,false,2,,2854,1973,4,2.5,,49811.0
cook,18183020030000,2024-10-19,775000.0,2431130340,trustee,false,3,,2854,,,,,69207.0
cook,18183020200000,2020-10-20,805000.0,2100733133,warranty,true,3,,3884,1985,4,4.0,,84228.0
cook,18183020200000,2017-04-13,790000.0,1711712094,trustee,false,3,,3884,1985,4,4.0,,104770.0
cook,18183020340000,2016-09-23,1075000.0,1627055249,other,false,3,,4149,1982,4,2.5,,84426.0
cook,18183030110000,2015-06-12,459000.0,1517504021,other,false,3,,2099,1969,4,2.5,,40690.0
cook,18183030110000,2019-10-31,1.0,1931845062,quit_claim,false,2,,2099,1969,4,2.5,,42871.0
cook,18183040080000,2019-11-01,17500.0,2003146368,warranty,true,2,,,,,,,1.0
cook,18183040090000,2022-09-15,1350000.0,2225928168,trustee,false,3,,5472,,,,,105333.0
cook,18183040090000,2025-05-16,1650000.0,2514216055,warranty,true,3,,,,,,,122643.0
cook,18183040140000,2020-01-15,26500.0,2032306092,warranty,true,3,,3366,1983,4,2.5,,71046.0
cook,18183040150000,2023-05-12,880000.0,2313908122,warranty,true,3,,3462,,,,,83000.0
cook,18183050020000,2013-03-18,755000.0,1310618035,warranty,true,3,,3892,1987,5,3.5,,75500.0
cook,18191000130000,2020-06-22,1125000.0,2022601051,trustee,false,3,,5715,1987,4,4.0,,118484.0
cook,18191000190000,2019-08-01,1.0,1921722122,other,false,2,,3304,1946,4,2.0,,79222.0
cook,18191000190000,2023-03-10,1025000.0,2307357060,trustee,false,3,,,,,,,81217.0
cook,18191020090000,2019-03-15,1.0,1911918061,warranty,false,2,,5495,1990,5,4.5,,93500.0
cook,18191020090000,2020-01-29,1.0,2005715072,other,false,2,,5495,1990,5,4.5,,88557.0
cook,18191020090000,2017-06-19,935000.0,1720010027,warranty,true,3,,6660,1990,5,4.5,,165505.0
cook,18191020140000,2019-10-26,26850.0,2014807130,warranty,true,3,,3651,1986,4,3.0,,77393.0
cook,18191020240000,2024-06-10,860000.0,2419124163,trustee,false,3,,2940,,,,,77658.0
cook,18191030210000,2020-01-31,950000.0,2004408066,warranty,true,3,,6518,1987,5,5.0,,123677.0
cook,18191030300000,2024-05-09,1700000.0,2415524154,warranty,true,3,,4846,,,,,99804.0
cook,18191030300000,2026-02-18,1775000.0,2605714181,warranty,true,3,,,,,,,
cook,18191030740000,2016-03-01,1.0,1607822010,warranty,false,1,,,,,,,8239.0
cook,18191030740000,2017-10-19,650000.0,1730422049,warranty,true,3,,,,,,,9269.0
cook,18193020090000,2013-02-28,585000.0,1307342054,trustee,false,3,,3026,1967,5,4.0,,59435.0
cook,18193030170000,2020-10-15,510000.0,2100540115,trustee,false,3,,2477,1968,4,2.5,,53315.0
cook,18193030170000,2025-02-21,850000.0,2509827001,warranty,true,3,,,,,,,46581.0
cook,18193040090000,2017-11-05,435000.0,1733117047,trustee,false,3,,2199,1966,4,2.5,,56351.0
cook,18193040140000,2019-12-27,565000.0,2000810045,warranty,true,3,,2812,1964,4,3.0,,52800.0
cook,18193040140000,2016-02-05,528000.0,1604719166,trustee,false,3,,2812,1964,4,3.0,,50199.0
cook,18193050030000,2013-06-01,342500.0,1317522056,other,false,2,,2386,1977,4,2.5,,49338.0
cook,18193060190000,2024-06-28,800000.0,2419120181,warranty,true,3,,2798,,,,,60827.0
cook,18193080020000,2021-04-26,555000.0,2113406200,trustee,false,3,,2607,1990,3,2.5,,45711.0
cook,18193080120000,2024-08-05,655000.0,2424302199,trustee,false,3,,2220,,,,,48689.0
cook,18301000080000,2019-09-20,1.0,1926834188,other,false,2,,,,,,,31537.0
cook,18301000090000,2023-09-27,59950000.0,2327506123,other,false,3,,,,,,,5743355.0
cook,18301010270000,2021-03-04,834900.0,2108301264,warranty,true,3,,3353,2016,3,2.5,,84900.0
cook,18301010330000,2022-01-06,799900.0,2201104127,warranty,true,3,,0,,,,,2283.0
cook,18302010690000,2020-01-01,1.0,2001413166,other,false,1,,2406,1955,4,2.5,,36813.0
cook,18302010690000,2022-06-23,395000.0,2221713091,trustee,false,3,,2406,,,,,36813.0
cook,18302080080000,2021-06-08,325000.0,2116746527,warranty,true,3,,1501,1946,3,1.0,,31857.0
cook,18302080320000,2020-01-07,565000.0,2002855057,other,false,3,,3863,1996,5,3.5,,70166.0
cook,18302080320000,2019-07-26,1.0,1921306139,other,false,2,,3863,1996,5,3.5,,76331.0
cook,18303000470000,2019-01-01,15000000.0,1903510029,other,false,2,,,,,,,2437185.0
cook,18303060040000,2018-06-20,1075000.0,1818055060,warranty,true,3,,5647,1994,4,5.5,,141726.0
cook,18303060100000,2018-12-26,1.0,1923116002,quit_claim,false,2,,6667,1992,6,5.5,,154773.0
cook,18303060100000,2022-05-13,1538000.0,2215125038,warranty,true,3,,6667,,,,,124707.0
cook,18303060350000,2020-10-14,1860000.0,2100649113,warranty,true,2,,,,,,,21269.0
cook,18303060370000,2016-09-30,1500000.0,1628046126,warranty,true,3,,5016,1998,5,4.5,,98813.0
cook,18303060380000,2015-11-26,560000.0,1600429024,other,false,3,,6960,1989,3,2.5,,134863.0
cook,18303060410000,2021-05-19,1230000.0,2115228269,trustee,false,3,,4884,1989,5,2.5,,97332.0
cook,18303060600000,2020-10-14,1860000.0,2100649113,warranty,true,3,,6056,1997,4,6.0,,145826.0
cook,18304010120000,2016-01-15,475000.0,1601908105,warranty,true,3,,3225,1952,4,2.0,,62473.0
cook,18304030170000,2015-02-13,864500.0,1505156052,warranty,true,3,,3445,1999,4,3.5,,79573.0
cook,18304030270000,2015-08-03,877000.0,1521829020,warranty,true,3,,4315,1981,5,3.0,,70704.0
cook,18304050030000,2025-08-13,394000.0,2524530043,trustee,false,3,,,,,,,40000.0
cook,18304050110000,2024-12-12,315000.0,2501302235,executor,false,2,,1464,,,,,36000.0
cook,18304070030000,2020-07-21,647500.0,2029620288,warranty,true,3,,2511,1982,4,2.5,,58028.0
cook,18304070200000,2018-02-28,735000.0,1807522012,warranty,true,3,,3342,1982,4,2.0,,74377.0
cook,18304070210000,2023-11-08,865000.0,2331906173,warranty,true,3,,3506,,,,,86000.0
cook,18304080010000,2019-08-16,519000.0,1923555111,warranty,true,3,,3094,1985,4,2.5,,71435.0
cook,18304080120000,2017-06-16,595000.0,1717217036,warranty,true,3,,2828,1982,4,2.5,,63486.0
cook,18304090040000,2014-01-27,315900.0,1403839116,other,false,3,,1892,1981,3,3.5,,21004.0
cook,18304090040000,2019-05-01,630000.0,1912101156,warranty,true,3,,1892,1981,3,3.5,,42262.0
cook,18304090060000,2016-10-28,590000.0,1630522036,trustee,false,3,,3926,1986,3,3.5,,71088.0
cook,18304100010000,2020-07-02,955000.0,2421924722,warranty,true,3,,4062,1988,5,3.0,,73165.0
cook,18181030090000,2019-06-03,520000.0,1916249235,executor,false,2,,2501,1971,4,2.5,,48578.0
cook,18304090040000,2014-09-16,570000.0,1426234012,warranty,true,3,,1892,1981,3,3.5,,21004.0
cook,18311040090000,2014-06-13,655000.0,1417426010,trustee,false,3,,3015,1986,4,3.0,,57610.0
cook,18311050050000,2025-04-30,865000.0,2514131040,warranty,true,3,,,,,,,78000.0
cook,18311050070000,2025-04-24,1100000.0,2512730151,warranty,true,3,,,,,,,73769.0
cook,18311050290000,2020-11-24,965000.0,2103507016,trustee,false,3,,7592,1995,5,3.5,,143522.0
cook,18311060120000,2019-08-02,1.0,1926345042,quit_claim,false,2,,3302,1985,4,2.5,,64110.0
cook,18311060120000,2025-07-01,850000.0,2524702078,trustee,false,3,,,,,,,72443.0
cook,18311070050000,2020-02-28,1.0,2007140021,other,false,2,,3752,1985,4,3.5,,60839.0
cook,18311070050000,2016-04-18,567500.0,1611847001,other,false,3,,3752,1984,4,3.0,,18265.0
cook,18311080070000,2014-05-02,815000.0,1413257183,warranty,true,3,,4880,1994,5,2.5,,114646.0
cook,18311090050000,2024-03-25,2199900.0,2410714067,warranty,true,3,,5531,,,,,141000.0
cook,18311090060000,2013-09-12,405000.0,1326655028,warranty,true,3,,,,,,,20289.0
cook,18311090060000,2018-09-12,1375000.0,1828913023,warranty,true,3,,5531,2013,6,5.0,,161693.0
cook,18311090070000,2018-06-01,412500.0,1816455097,other,false,2,,,,,,,18720.0
cook,18311090100000,2014-10-01,395000.0,1429649020,warranty,true,2,,,,,,,18815.0
cook,18312010370000,2022-05-04,835000.0,2213204095,warranty,true,3,,4876,,,,,94930.0
cook,18312010410000,2024-03-28,275000.0,2410902052,warranty,true,3,,,,,,,32575.0
cook,18312110080000,2014-02-01,794500.0,1404519108,other,false,2,,,,,,,2092.0
cook,18312110170000,2013-11-01,697000.0,1400755033,other,false,2,,,,,,,2076.0
cook,18312110170000,2018-08-01,889000.0,1822249037,trustee,false,2,,2669,2013,2,2.5,,63440.0
cook,18312110170000,2014-06-09,705000.0,1419835027,warranty,true,3,,2669,2013,2,2.5,,74256.0
cook,18312110180000,2013-12-01,917500.0,1336549044,other,false,2,,,,,,,2199.0
cook,18312110260000,2013-08-01,922500.0,1323949019,other,false,2,,,,,,,2199.0
cook,18312110330000,2024-05-20,1125000.0,2414124717,warranty,true,3,,2669,,,,,86000.0
cook,18312110330000,2013-03-01,924000.0,1311455011,other,false,2,,2669,2010,2,2.5,,71105.0
cook,18312110500000,2021-11-08,880000.0,2203521002,trustee,false,2,,,,,,,246.0
cook,18312110500000,2013-08-01,794444.0,1323339115,other,false,2,,,,,,,194.0
cook,18313000170000,2021-11-30,289000.0,2203146146,warranty,true,3,,,,,,,35686.0
cook,18313000180000,2022-04-22,337500.0,2213121433,warranty,true,3,,,,,,,53339.0
cook,18313040090000,2018-10-01,1235000.0,1829057061,trustee,false,2,,5774,1995,5,7.5,,152980.0
cook,18313040140000,2021-04-23,910000.0,2117445201,warranty,true,3,,4127,1993,4,2.5,,97610.0
cook,18313050030000,2021-01-11,807500.0,2109039031,trustee,false,3,,5189,1992,5,4.0,,108773.0
cook,18313070010000,2025-02-10,895000.0,2505102156,warranty,true,3,,,,,,,24755.0
cook,18313070280000,2023-05-30,1745000.0,2316006539,warranty,true,3,,4422,,,,,132000.0
cook,18313070280000,2022-08-10,626563.0,2224322022,quit_claim,false,2,,4422,,,,,89382.0
cook,18313070310000,2020-07-20,350000.0,2026620170,warranty,true,3,,,,,,,14592.0
cook,23061000050000,2023-05-03,2300000.0,2312822013,trustee,false,3,,1843,,,,,105000.0
cook,23061080050000,2023-04-21,4200000.0,2311506119,warranty,true,3,,7124,,,,,176000.0
cook,23061090120000,2024-09-10,535000.0,2432302013,warranty,true,3,,,,,,,10534.0
cook,18181000170000,2023-11-07,905000.0,2334041096,warranty,true,3,,3278,,,,,78000.0
cook,18181010030000,2013-07-12,480000.0,1320549048,other,false,3,,2748,1987,4,2.5,,48533.0
cook,18181010150000,2019-06-05,1.0,1919113139,quit_claim,false,2,,2830,1987,3,2.5,,48466.0
cook,18181010150000,2015-04-21,545000.0,1514829012,trustee,false,3,,2830,1987,3,2.5,,46651.0
cook,18181010150000,2024-09-16,959000.0,2428402085,trustee,false,3,,2830,,,,,64000.0
cook,18181010200000,2022-03-24,635000.0,2210812012,trustee,false,3,,2544,,,,,49442.0
cook,18181010240000,2018-05-11,608200.0,1813808003,trustee,false,3,,2830,1987,3,2.5,,48422.0
cook,18181010260000,2020-06-22,780000.0,2022520347,warranty,true,3,,2402,1987,3,2.5,,46942.0
cook,18181030110000,2019-10-30,1.0,1931634118,warranty,false,2,,2885,1976,5,3.5,,57366.0
cook,18181030110000,2020-11-13,555000.0,2103901163,trustee,false,3,,2885,1976,5,3.5,,55824.0
cook,18181050010000,2018-07-01,451100.0,1821849440,trustee,false,2,,2169,1964,4,2.0,,54630.0
cook,18181050010000,2020-10-02,794500.0,2032339002,warranty,true,3,,2169,1964,4,2.0,,54172.0
cook,18183020170000,2013-05-07,770000.0,1315441134,other,false,3,,5317,1983,4,3.5,,111041.0
cook,18183020270000,2020-06-25,677500.0,2025307243,trustee,false,3,,4922,1986,5,4.5,,98678.0
cook,18183040110000,2019-11-15,29000.0,1934308145,warranty,true,3,,3162,1983,4,2.5,,67230.0
cook,18183050070000,2013-09-04,1200000.0,1327641003,warranty,true,3,,4132,1982,5,4.0,,101708.0
cook,18183060010000,2018-09-20,625000.0,1828312085,trustee,false,3,,3842,1985,5,4.5,,104527.0
cook,18183060010000,2021-08-12,760000.0,2122919007,warranty,true,3,,3842,1986,5,4.5,,81921.0
cook,18191020210000,2021-02-17,749000.0,2106819013,warranty,true,3,,3480,1989,4,3.5,,82598.0
cook,18191020220000,2022-11-10,1025000.0,2231913038,trustee,false,3,,4506,,,,,66252.0
cook,18191020260000,2017-05-02,960000.0,1712349318,warranty,true,3,,5161,2001,3,3.5,,107349.0
cook,18191030420000,2018-12-03,1045000.0,1834057129,trustee,false,3,,4825,1989,5,4.5,,123133.0
cook,18191030480000,2020-07-23,1.0,2027439160,other,false,2,,4978,1989,4,3.5,,96773.0
cook,18191030480000,2022-05-19,1500000.0,2217228240,trustee,false,3,,4978,,,,,88691.0
cook,18191030620000,2021-12-03,2000000.0,2136212261,trustee,false,3,,8253,1996,5,6.5,,120500.0
cook,18191030720000,2018-04-30,625000.0,1814113022,warranty,true,3,,,,,,,9027.0
cook,18191030720000,2016-03-01,1.0,1607822010,warranty,false,1,,,,,,,8024.0
cook,18191030730000,2015-02-12,735000.0,1506310010,trustee,false,3,,,,,,,8029.0
cook,18191030900000,2021-01-26,2125000.0,2114441263,warranty,true,3,,5320,1992,5,4.5,,182687.0
cook,18193000250000,2016-10-18,3105000.0,1632001025,trustee,false,3,,,,,,,434999.0
cook,18193000290000,2019-01-01,5425000.0,1901434049,other,false,2,,,,,,,240601.0
cook,18193060060000,2014-06-20,624000.0,1419012064,warranty,true,3,,2649,1969,4,2.5,,46040.0
cook,18193060060000,2022-04-29,765000.0,2212421268,warranty,true,3,,2649,,,,,56716.0
cook,18193080040000,2019-09-24,545000.0,1928322084,warranty,true,3,,2220,1995,3,2.5,,47952.0
cook,18193080230000,2019-10-02,405000.0,1929508075,warranty,true,3,,2607,1989,3,2.5,,56343.0
cook,18193080230000,2021-11-23,550000.0,2204615019,trustee,false,3,,2607,1990,3,2.5,,45711.0
cook,18193080350000,2015-05-27,476000.0,1518326040,warranty,true,3,,2220,1992,3,2.5,,34577.0
cook,18301010030000,2021-04-23,799900.0,2112320002,warranty,true,3,,3033,2016,3,2.5,,84973.0
cook,18301010140000,2019-05-31,764900.0,1915755338,warranty,true,3,,2436,2018,2,2.5,,31919.0
cook,18301010220000,2020-02-07,829900.0,2004517000,warranty,true,3,,2436,2019,2,2.5,,65974.0
cook,18301010240000,2022-05-05,867000.0,2212607158,warranty,true,3,,,,,,,2284.0
cook,18302010100000,2023-02-08,280000.0,2304506228,warranty,true,3,,1329,,,,,39000.0
cook,18302010100000,2020-08-10,1.0,2028407018,other,false,2,,1329,1972,3,2.0,,32172.0
cook,18302010250000,2022-08-24,350000.0,2223720534,warranty,true,3,,1278,,,,,28797.0
cook,18302010380000,2020-12-19,252000.0,2102617068,trustee,false,3,,928,1948,3,1.5,,23147.0
cook,18302010410000,2023-10-12,240000.0,2329246218,other,false,3,,926,,,,,32000.0
cook,18302010700000,2020-01-01,1.0,2001413166,other,false,1,,,,,,,167.0
cook,18302010700000,2022-06-23,395000.0,2221713091,trustee,false,2,,,,,,,167.0
cook,18302030090000,2023-06-30,405000.0,2320515028,warranty,true,3,,1575,,,,,36000.0
cook,18302030110000,2019-02-15,1.0,1905013038,quit_claim,false,2,,1154,1959,3,1.0,,26221.0
cook,18302030110000,2025-07-29,246500.0,2521923268,trustee,false,3,,,,,,,31000.0
cook,18311060120000,2019-04-25,1.0,1913616029,quit_claim,false,2,,3302,1985,4,2.5,,64110.0
cook,18312110260000,2013-02-01,794444.0,1305922100,other,false,2,,,,,,,2199.0
cook,23061090120000,2024-02-07,550000.0,2407507044,warranty,true,3,,,,,,,10534.0
cook,18302010100000,2023-06-18,434000.0,2318612062,warranty,true,3,,1329,,,,,39000.0
cook,18302050180000,2020-01-01,1.0,2001413166,other,false,1,,,,,,,167.0
cook,18302060030000,2018-07-23,300000.0,1821149228,warranty,true,3,,970,1957,2,1.0,,26955.0
cook,18302060030000,2014-10-01,279000.0,1430949056,warranty,true,2,,970,1957,2,1.0,,19102.0
cook,18302070090000,2019-03-18,260000.0,1908016017,trustee,false,3,,1672,1955,3,1.0,,26864.0
cook,18302070110000,2016-05-31,267000.0,1615949214,warranty,true,3,,1347,1956,3,1.0,,22060.0
cook,18302070110000,2014-08-29,250000.0,1425318061,warranty,true,3,,1347,1956,3,1.0,,22060.0
cook,18302070110000,2025-03-20,315000.0,2509220132,warranty,true,3,,,,,,,35000.0
cook,18302080180000,2013-05-14,490000.0,1314034017,warranty,true,3,,1715,1954,4,1.5,,27000.0
cook,18302080300000,2018-12-10,1.0,1902849082,quit_claim,false,2,,2436,1967,4,2.0,,43494.0
cook,18303030150000,2016-02-01,25500000.0,1604816063,other,false,2,,,,,,,2629278.0
cook,18303050050000,2016-11-30,1.0,1633716013,warranty,false,2,,,,,,,95334.0
cook,18303060050000,2022-09-16,1235000.0,2228445164,trustee,false,3,,6050,,,,,112056.0
cook,18303060130000,2023-11-08,1560000.0,2333345100,warranty,true,3,,5491,,,,,133000.0
cook,18303060160000,2013-08-29,475000.0,1327541115,warranty,true,3,,,,,,,16380.0
cook,18303060160000,2017-11-08,1.0,1807519035,other,false,2,,5037,2013,4,5.5,,265203.0
cook,18303060160000,2018-07-09,1800000.0,1819219247,quit_claim,false,2,,5037,2013,4,5.5,,170850.0
cook,18303060190000,2016-11-07,1200000.0,1635546152,trustee,false,3,,5366,2004,6,5.5,,99504.0
cook,18303060250000,2013-09-26,1589213.0,1330941115,warranty,true,3,,7438,2001,4,3.5,,133750.0
cook,18303060250000,2025-04-29,1910000.0,2516202097,warranty,true,3,,,,,,,139000.0
cook,18303060290000,2019-11-14,655000.0,1932462051,warranty,true,3,,4734,1992,5,6.0,,128562.0
cook,18303060310000,2021-08-18,975000.0,2123240419,warranty,true,3,,5049,2000,5,3.5,,127865.0
cook,18303060400000,2018-10-19,1800000.0,1832019149,trustee,false,3,,4449,2004,5,5.0,,113500.0
cook,18304010010000,2017-07-28,1.0,1721647070,quit_claim,false,2,,10046,1999,6,9.5,,216255.0
cook,18304020090000,2014-11-05,557500.0,1431729062,trustee,false,3,,1910,1943,4,3.5,,57450.0
cook,18304020330000,2015-05-30,1.0,1929008060,quit_claim,false,2,,,,,,,14116.0
cook,18304070170000,2023-07-23,585000.0,2321206105,warranty,true,3,,3277,,,,,57668.0
cook,18304070240000,2017-12-20,640000.0,1800208155,warranty,true,3,,2888,1982,4,4.0,,68962.0
cook,18304070240000,2025-08-25,1050000.0,2525322066,warranty,true,3,,,,,,,65245.0
cook,18304080050000,2023-03-24,939000.0,2309033155,other,false,3,,3008,,,,,65000.0
cook,18304080050000,2022-08-04,585000.0,2224206220,trustee,false,3,,3008,,,,,52595.0
cook,18304080250000,2016-06-01,1000000.0,1619029039,warranty,true,2,,3796,1982,4,2.5,,60181.0
cook,18304080250000,2025-04-04,1370000.0,2510708010,other,false,3,,,,,,,86000.0
cook,18304090010000,2016-11-17,686595.0,1632856195,trustee,false,3,,4001,1983,4,3.0,,61428.0
cook,18304090130000,2014-12-01,605000.0,1435719035,warranty,true,2,,2950,1983,4,3.0,,66115.0
cook,18304090160000,2024-07-11,1280000.0,2422523036,trustee,false,3,,3378,,,,,77000.0
cook,18304100130000,2020-02-06,1.0,2005646264,other,false,2,,3223,1985,4,3.0,,61581.0
cook,18311000160000,2013-05-15,900000.0,1315535046,warranty,true,3,,4525,1986,6,3.0,,97719.0
cook,18311020120000,2019-07-15,1183000.0,1919906002,trustee,false,3,,4742,1997,4,3.5,,115359.0
cook,18311030020000,2013-12-27,2975000.0,1402335080,trustee,false,3,,440,1989,1,1.0,,128800.0
cook,18311050230000,2019-10-01,1.0,2006310005,other,false,2,,4322,1986,4,4.0,,102365.0
cook,18311050350000,2019-01-17,1.0,2005217146,other,false,2,,3426,1990,4,5.0,,81216.0
cook,18311060060000,2021-01-25,725000.0,2104742137,trustee,false,3,,5133,1985,4,3.5,,82489.0
cook,18311070010000,2025-04-15,730000.0,2512028007,trustee,false,3,,,,,,,76001.0
cook,18311090010000,2017-11-29,1.0,1734646045,quit_claim,false,2,,7167,2016,5,5.5,,146192.0
cook,18312000130000,2019-06-04,820000.0,1918208086,trustee,false,3,,3084,1878,3,3.5,,54744.0
cook,18312000130000,2022-03-07,920000.0,2208118139,warranty,true,3,,3084,,,,,53618.0
cook,18312010120000,2018-10-26,475000.0,1830319307,warranty,true,3,,2015,1958,4,2.0,,56373.0
cook,18312100030000,2013-12-02,825000.0,1402126028,trustee,false,3,,3692,1995,3,4.0,,63272.0
cook,18312100030000,2017-09-26,1.0,1733218061,quit_claim,false,2,,3692,1995,3,4.0,,85342.0
cook,18312110090000,2023-06-12,1000000.0,2316313386,warranty,true,3,,3250,,,,,96000.0
cook,18312110090000,2014-02-01,794500.0,1404519108,other,false,2,,,,,,,2206.0
cook,18312110110000,2017-04-24,952000.0,1713115156,warranty,true,3,,3292,2010,4,3.0,,76129.0
cook,18312110110000,2025-02-21,1169000.0,2506924088,warranty,true,3,,,,,,,91997.0
cook,18312110300000,2013-06-01,790500.0,1321049007,other,false,2,,,,,,,2077.0
cook,18312110320000,2023-06-06,1030000.0,2315906247,trustee,false,3,,3514,,,,,102000.0
cook,18312110320000,2013-04-01,910500.0,1311455000,other,false,2,,3514,2010,4,3.0,,70845.0
cook,18312110420000,2024-06-18,1190000.0,2420720576,trustee,false,3,,3430,,,,,98938.0
cook,18312110420000,2016-04-25,1120000.0,1614110083,warranty,true,3,,3430,2007,3,4.5,,74896.0
cook,18313000080000,2021-03-18,1550000.0,2110907577,trustee,false,3,,7353,2003,6,5.5,,194501.0
cook,18313020110000,2025-01-15,1100000.0,2501718226,warranty,true,3,,,,,,,64952.0
cook,18313050140000,2017-02-22,940000.0,1706857076,warranty,true,3,,5071,1998,4,3.5,,141765.0
cook,18313060040000,2014-05-12,460000.0,1414150031,warranty,true,3,,,,,,,11582.0
cook,18313060230000,2016-06-24,1900000.0,1617946062,warranty,true,3,,6018,2001,5,5.0,,121890.0
cook,18313070120000,2020-01-27,1.0,2005155141,other,false,2,,4306,2001,4,5.0,,98899.0
cook,18314090030000,2024-09-09,345000.0,2427730066,warranty,true,3,,,,,,,16312.0
cook,23061010160000,2017-07-27,410000.0,1721941057,trustee,false,3,,5015,1962,4,4.0,,115549.0
cook,23061010290000,2021-05-24,1200000.0,2122412051,warranty,true,2,,5529,2001,3,4.5,,119204.0
cook,23061010290000,2013-12-01,1615000.0,1400735027,warranty,true,2,,5529,2001,3,4.5,,106443.0
cook,18181010170000,2017-04-20,610000.0,1713249155,trustee,false,3,,2347,1987,3,2.5,,55605.0
cook,18181010170000,2025-09-02,935000.0,2529330056,warranty,true,3,,,,,,,55687.0
cook,18181050070000,2017-05-01,498000.0,1714246121,warranty,true,2,,2188,1957,4,2.5,,50078.0
cook,18181050130000,2015-07-21,460000.0,1522546210,executor,false,2,,1914,1962,4,2.5,,41754.0
cook,18183020140000,2017-06-23,791000.0,1718008059,warranty,true,3,,4137,1987,4,4.5,,110506.0
cook,18183030090000,2022-07-07,730000.0,2220812025,warranty,true,3,,2919,,,,,61821.0
cook,18183050050000,2015-07-13,620000.0,1521015040,trustee,false,3,,3150,1985,4,2.0,,58744.0
cook,18183050050000,2020-08-03,622500.0,2027615062,warranty,true,3,,3150,1985,4,2.0,,69804.0
cook,18191000020000,2018-08-10,560000.0,1822206187,warranty,true,3,,2846,1942,3,3.5,,62857.0
cook,18193000310000,2016-10-01,5000000.0,1630010021,trustee,false,2,,,,,,,467928.0
cook,18193020110000,2020-03-27,480000.0,2010521137,trustee,false,3,,2427,1968,4,2.0,,48711.0
cook,18193040110000,2015-02-13,485000.0,1505510061,warranty,true,3,,2906,1972,5,2.5,,52106.0
cook,18293000070000,2025-12-16,575000.0,2536407008,warranty,true,3,,,,,,,32966.0
cook,18301010340000,2021-11-09,910000.0,2021.46331,warranty,true,2,,,,,,,2283.0
cook,18301010390000,2020-12-16,890195.0,2103301015,warranty,true,3,,2490,2019,2,2.5,,34316.0
cook,18302010400000,2024-07-25,470000.0,2421818098,warranty,true,3,,1214,,,,,36475.0
cook,18302010430000,2023-11-29,360000.0,2334633044,other,false,2,,,,,,,12650.0
cook,18302020020000,2020-08-06,3610000.0,2029862114,trustee,false,3,,6887,2013,5,5.0,,116496.0
cook,18302030180000,2014-10-09,293333.0,1428922025,warranty,true,3,,1418,1963,3,1.0,,25153.0
cook,18302040170000,2023-08-31,445000.0,2326533077,warranty,true,3,,1345,,,,,38000.0
cook,18302080110000,2022-05-13,425000.0,2222113362,warranty,true,3,,1081,,,,,28554.0
cook,18302080110000,2025-08-21,456500.0,2523423246,warranty,true,3,,,,,,,35000.0
cook,18303020030000,2023-12-29,6750000.0,2401722024,other,false,2,,,,,,,87480.0
cook,18303060010000,2021-08-11,805000.0,2123834062,trustee,false,3,,4471,1992,3,4.5,,92997.0
cook,18303060510000,2022-02-25,2249000.0,2206707778,trustee,false,3,,5352,,,,,111212.0
cook,18304010190000,2024-01-12,258000.0,2401806132,warranty,true,3,,1386,,,,,41000.0
cook,18304010190000,2014-09-12,136000.0,1427618011,other,false,3,,1386,1955,3,2.5,,35998.0
cook,18304010190000,2017-12-05,377000.0,1734046196,warranty,true,3,,1386,1955,3,2.5,,38477.0
cook,18304010290000,2019-01-29,443750.0,1903816083,warranty,true,3,,1699,1962,3,1.5,,53380.0
dupage,1001100036,2025-03-26,275000.0,R2025-020027,warranty,true,3,10S079 MADISON AVE BURR RIDGE IL 60527,0,0,,,25700.399999999998,76504.0
dupage,1001102007,2025-05-02,980000.0,R2025-026840,warranty,true,3,10S230 GRANT ST BURR RIDGE IL 60527,3177,1978,,3.0,35719.2,277167.0
dupage,1001102010,2025-11-07,1908592.0,DECL-20251102232918,warranty,true,3,10S280 GRANT ST BURR RIDGE IL 60527,0,0,,,35283.600000000006,109862.0
dupage,1001106034,2025-07-28,1236500.0,R2025-046711,warranty,true,3,5 TODOR CT BURR RIDGE IL 60527,3396,1993,,4.0,24829.199999999997,294513.0
dupage,1001107006,2025-09-21,705000.0,R2025-073099,warranty,true,3,530 DEVON DR BURR RIDGE IL 60527,3887,1986,,3.0,20037.600000000002,273774.0
dupage,1001109012,2025-12-01,755000.0,R2025-081480,warranty,true,3,430 WESTMINSTER DR BURR RIDGE IL 60527,3096,1983,,2.5,22215.600000000002,242622.0
dupage,1001109013,2025-06-30,835500.0,R2025-043203,trustee,false,3,7 MORGAN CT BURR RIDGE IL 60527,3739,1990,,4.0,25700.399999999998,291145.0
dupage,1001201027,2025-04-21,1150000.0,R2025-025943,warranty,true,3,15W051 87TH ST BURR RIDGE IL 60527,4405,1984,,3.5,78408.0,445209.0
dupage,1001201042,2025-11-25,539000.0,DECL-20251102246202,trustee,false,3,8850 S COUNTY LINE RD BURR RIDGE IL 60527,3064,1953,,1.5,63162.0,316462.0
dupage,1001203008,2025-04-22,850000.0,R2025-026373,trustee,false,3,321 DEVON DR BURR RIDGE IL 60521,3270,1984,,2.5,24829.199999999997,259361.0
dupage,1001207010,2025-03-18,985000.0,R2025-026214,warranty,true,3,8951 ROYAL DR BURR RIDGE IL 60527,3905,1985,,3.0,26571.6,279854.0
dupage,1001207024,2025-05-21,915000.0,R2025-031564,warranty,true,3,8970 ENCLAVE DR BURR RIDGE IL 60527,3874,1998,,3.5,20037.600000000002,345455.0
dupage,1001207080,2025-09-26,1300000.0,R2025-064218,warranty,true,3,15W070 91ST ST BURR RIDGE IL 60527,3907,2008,,4.5,21780.0,347297.0
dupage,1001209004,2025-01-31,1400000.0,R2025-007429,trustee,false,3,51 ASHTON DR BURR RIDGE IL 60527,5853,1997,,6.5,30927.6,483486.0
dupage,1002401010,2025-03-17,430000.0,R2025-017338,warranty,true,3,16W312 93RD PL BURR RIDGE IL 60527,1266,1987,,2.5,11325.6,119357.0
dupage,1002403001,2025-05-22,525000.0,R2025-038045,trustee,false,3,10S721 S JACKSON ST BURR RIDGE IL 60527,1958,1971,,2.0,14810.400000000001,170345.0
dupage,1002403016,2025-12-26,728000.0,R2026-007638,trustee,false,3,16W215 94TH ST BURR RIDGE IL 60527,2538,1987,,2.5,28314.0,214465.0
dupage,1002403020,2025-07-25,400000.0,R2025-050157,trustee,false,3,16W340 94TH PL BURR RIDGE IL 60527,2073,1953,,1.0,11325.6,116598.0
dupage,1002405004,2025-12-04,130000.0,R2026-002934,warranty,true,3,4 OAK HILL CT BURR RIDGE IL 60527,0,0,,,26571.6,58687.0
dupage,1002408011,2025-08-04,1399900.0,DECL-20250802254309,warranty,true,3,9280 CASCADE CIR BURR RIDGE IL 60527,3503,1998,,3.5,22651.2,339199.0
dupage,1002408022,2025-12-10,900000.0,R2025-080358,trustee,false,3,9370 CASCADE CIR BURR RIDGE IL 60527,3087,1996,,3.5,21344.399999999998,355350.0
dupage,1002409027,2025-03-06,1100000.0,R2025-016054,warranty,true,3,9427 FALLINGWATER DR BURR RIDGE IL 60527,3919,1999,,4.5,29620.800000000003,392709.0
dupage,1002410002,2025-07-01,1000000.0,R2025-046899,warranty,true,3,9127 FALLING WATERS DR BURR RIDGE IL 60527,4605,2001,,4.0,28314.0,401347.0
dupage,1002305004,2025-05-21,285000.0,R2025-034119,warranty,true,3,9454 S JACKSON ST BURR RIDGE IL 60527,0,0,,,30927.6,48699.0
dupage,1001302015,2025-05-30,935000.0,R2025-033255,warranty,true,3,10S667 GLENN DR BURR RIDGE IL 60527,3070,1988,,3.0,22651.2,237341.0
dupage,1001302029,2025-07-25,1390000.0,R2025-059612,warranty,true,3,113 OAK RIDGE DR E BURR RIDGE IL 60527,2843,1988,,4.0,44431.200000000004,303869.0
dupage,1001302071,2025-09-24,1200000.0,DECL-20251002202912,trustee,false,3,160 CIRCLE RIDGE DR BURR RIDGE IL 60527,4598,1992,,4.5,50965.2,376053.0
dupage,1001401023,2025-04-14,225000.0,R2025-030733,warranty,true,3,10S641 GARFIELD AVE BURR RIDGE IL 60527,0,0,,,45738.0,55506.0
dupage,1001401047,2025-10-28,810000.0,DECL-20251102233885,warranty,true,3,10S641 GARFIELD AVE BURR RIDGE IL 60527,4833,1993,,5.0,43560.0,247893.0
dupage,1001403014,2025-11-12,0.0,DECL-20260202292680,other,false,2,9161 S DREW AVE BURR RIDGE IL 60527,4975,1999,,4.5,25264.8,422885.0
dupage,1011201008,2025-07-28,970000.0,R2025-046045,trustee,false,3,16W307 95TH PL BURR RIDGE IL 60527,5291,2003,,5.5,14810.400000000001,327133.0
dupage,1011202002,2025-11-12,490000.0,R2025-074922,trustee,false,3,11S047 PALISADES RD BURR RIDGE IL 60527,1261,1973,,2.5,23522.4,157046.0
dupage,1011206002,2025-05-09,1515000.0,R2025-034983,warranty,true,3,9500 FALLING WATERS DR E BURR RIDGE IL 60527,5549,1993,,6.5,33976.8,441126.0
dupage,1011207009,2025-09-03,1200000.0,R2025-062305,trustee,false,3,9660 PACIFIC CT BURR RIDGE IL 60527,4366,1996,,3.5,38768.4,417416.0
dupage,1011207010,2025-12-30,380000.0,R2025-084211,warranty,true,3,9680 PACIFIC CT BURR RIDGE IL 60527,0,0,,,30056.399999999998,98966.0
dupage,1002400020,2025-06-27,2095238.0,R2025-042764,warranty,true,3,9115 KINGERY HWY BURR RIDGE IL 60527,4400,2025,,,78408.0,489821.0
dupage,1001308026,2025-09-06,525000.0,R2025-056885,warranty,true,3,51 OAK CREEK DR BURR RIDGE IL 60527,2633,1989,4,3.5,2613.6,200989.0
dupage,1001308038,2025-01-17,700000.0,R2025-005758,warranty,true,3,63 MALIBU CT BURR RIDGE IL 60527,2632,1991,3,2.5,3920.3999999999996,198044.0
dupage,1001406005,2025-03-11,535000.0,R2025-017831,warranty,true,3,12 LAUREL OAK CT BURR RIDGE IL 60527,2633,1991,4,3.5,3484.8,207305.0
dupage,1001406006,2025-11-10,455000.0,R2025-074564,warranty,true,3,15 LAUREL OAK CT BURR RIDGE IL 60527,2633,1990,3,2.5,2613.6,190416.0
dupage,1001406018,2025-10-30,0.0,DECL-20260102273133,other,false,2,24 RODEO DR BURR RIDGE IL 60527,2705,1993,3,2.5,3484.8,188537.0
dupage,0913300022,2021-08-17,630000.0,R2021-125342,trustee,false,3,208 W 59TH ST BURR RIDGE IL 60527,,,,,38332.8,232020.0
dupage,0913300032,2024-11-06,674500.0,DPSOA-24066421,warranty,true,3,6006 S GRANT ST BURR RIDGE IL 60527,,,,,20473.199999999997,136258.0
dupage,0913300054,2024-08-06,925000.0,DPSOA-24045048,warranty,true,3,2 NORRIS DR BURR RIDGE IL 60527,,,,,20037.600000000002,310502.0
dupage,0913300057,2024-09-10,805000.0,DPSOA-24052963,other,false,3,8 NORRIS DR BURR RIDGE IL 60527,,,,,21780.0,291694.0
dupage,0913300064,2022-05-23,905000.0,DPSOA-50462,warranty,true,3,12 NORRIS DR BURR RIDGE IL 60527,,,,,20908.8,230440.0
dupage,0913300065,2021-05-24,993200.0,R2021-105332,warranty,true,3,10 NORRIS DR BURR RIDGE IL 60527,,,,,18295.2,259930.0
dupage,0913301002,2022-06-24,1500000.0,R2022-085589,warranty,true,3,134 W 59TH ST BURR RIDGE IL 60527,,,,,38332.8,385370.0
dupage,0913301003,2022-02-08,1250000.0,DPSOA-14456,warranty,true,3,128 W 59TH ST BURR RIDGE IL 60527,,,,,38332.8,416620.0
dupage,0913301023,2022-11-30,1500000.0,R2022-106797,warranty,true,3,5905 S GRANT ST BURR RIDGE IL 60527,,,,,19166.4,426740.0
dupage,0913301035,2023-06-12,1490000.0,DPSOA-23036254,warranty,true,3,479 60TH PL BURR RIDGE IL 60521,,,,,14810.400000000001,357160.0
dupage,0913301040,2024-06-18,1200000.0,DPSOA-24033784,warranty,true,3,549 60TH PL BURR RIDGE IL 60521,,,,,20908.8,322316.0
dupage,0913301041,2022-05-23,959000.0,DPSOA-50598,warranty,true,3,567 60TH PL BURR RIDGE IL 60527,,,,,13503.6,286890.0
dupage,0913302010,2021-07-14,435000.0,DPSOA-106359,other,false,3,420 60TH PL WILLOWBROOK IL 60527,,,,,25264.8,116710.0
dupage,0913302012,2022-03-18,550000.0,R2022-041817,warranty,true,3,460 60TH PL BURR RIDGE IL 60527,,,,,14374.800000000001,120350.0
dupage,0913302024,2023-08-08,1090000.0,DPSOA-23050116,warranty,true,3,6121 WOODCREEK DR BURR RIDGE IL 60521,,,,,18295.2,305320.0
dupage,0913302026,2022-06-09,1699000.0,R2022-059733,warranty,true,3,1 RIDGE FARM RD BURR RIDGE IL 60527,,,,,23086.800000000003,396120.0
dupage,0913302027,2021-01-29,1180000.0,DPSOA-15551,warranty,true,3,3 RIDGE FARM RD BURR RIDGE IL 60527,,,,,18730.8,387840.0
dupage,0913302029,2022-12-14,1055000.0,DPSOA-22107916,warranty,true,3,7 RIDGE FARM RD BURR RIDGE IL 60527,,,,,18730.8,294070.0
dupage,0913302030,2022-02-16,1160000.0,DPSOA-17543,warranty,true,3,9 RIDGE FARM RD BURR RIDGE IL 60527,,,,,26136.0,465700.0
dupage,0913302031,2023-06-05,1300000.0,DPSOA-23034236,warranty,true,3,11 RIDGE FARM RD BURR RIDGE IL 60527,,,,,21780.0,431770.0
dupage,0913302032,2021-11-03,1250000.0,DPSOA-161243,warranty,true,3,15 RIDGE FARM RD BURR RIDGE IL 60527,,,,,23958.000000000004,440050.0
dupage,0913302044,2021-06-02,1850000.0,R2021-161396,warranty,true,3,15W460 62ND ST WILLOWBROOK IL 60527,,,,,24393.600000000002,562090.0
dupage,0913303002,2021-10-05,1515000.0,R2021-159928,warranty,true,3,6235 S GRANT ST BURR RIDGE IL 60527,,,,,37897.2,507210.0
dupage,0913303008,2021-10-25,1675000.0,R2021-159622,warranty,true,3,15W445 62ND ST BURR RIDGE IL 60527,,,,,15681.599999999999,399430.0
dupage,0913303023,2024-07-03,2500000.0,DPSOA-24037329,trustee,false,3,15W506 63RD ST BURR RIDGE IL 60527,,,,,51400.799999999996,18852.0
dupage,0913303024,2024-07-03,2500000.0,DPSOA-24037329,trustee,false,3,15W506 63RD ST BURR RIDGE IL 60527,,,,,45302.4,653952.0
dupage,0913306003,2023-08-25,1325000.0,DPSOA-23054768,other,false,3,6196 WILDWOOD LN BURR RIDGE IL 60521,,,,,20473.199999999997,443760.0
dupage,0913306013,2021-08-18,596000.0,DPSOA-124574,warranty,true,3,6061 KELLER DR BURR RIDGE IL 60527,,,,,22215.600000000002,0.0
dupage,0913307007,2022-03-22,770000.0,DPSOA-29450,warranty,true,3,6066 KELLER DR BURR RIDGE IL 60527,,,,,27007.2,204670.0
dupage,0913307008,2021-09-13,1150000.0,DPSOA-136338,warranty,true,3,6100 GRANT ST BURR RIDGE IL 60527,,,,,32670.0,0.0
dupage,0913308001,2022-10-20,940000.0,R2022-097101,warranty,true,3,1 CLUBSIDE CT BURR RIDGE IL 60527,,,,,16117.199999999999,354260.0
dupage,0913308004,2022-01-14,1100000.0,DPSOA-5329,other,false,3,7 CLUBSIDE CT BURR RIDGE IL 60527,,,,,15245.999999999998,405050.0
dupage,0913308008,2021-06-15,1210000.0,R2021-141873,warranty,true,3,8 CLUBSIDE CT BURR RIDGE IL 60527,,,,,14810.400000000001,403290.0
dupage,0913308022,2024-03-25,1400000.0,DPSOA-24015635,trustee,false,3,4 ANDREW CT BURR RIDGE IL 60527,,,,,17424.0,466420.0
dupage,0913308024,2022-04-05,449500.0,DPSOA-34575,other,false,3,5921 S MADISON ST BURR RIDGE IL 60527,,,,,35719.2,181890.0
dupage,0913308027,2023-09-21,1950000.0,R2023-063875,warranty,true,3,9 CLUBSIDE CT BURR RIDGE IL 60527,,,,,39204.0,630890.0
dupage,0913308027,2022-06-16,1899000.0,R2022-059187,warranty,true,3,9 CLUBSIDE CT BURR RIDGE IL 60527,,,,,39204.0,649740.0
dupage,0913400003,2021-06-17,1900000.0,DPSOA-93664,other,false,3,15W344 60TH ST BURR RIDGE IL 60527,,,,,20037.600000000002,158530.0
dupage,0913400032,2021-06-18,2250000.0,DPSOA-94060,other,false,3,15W330 60TH ST BURR RIDGE IL 60527,,,,,28749.600000000002,376120.0
dupage,0913401015,2022-06-08,1300000.0,DPSOA-55310,warranty,true,3,6000 SEDGLEY CT BURR RIDGE IL 60527,,,,,21344.399999999998,341840.0
dupage,0913401016,2021-11-08,1862500.0,R2021-167913,warranty,true,3,6012 SEDGLEY CT BURR RIDGE IL 60527,,,,,20473.199999999997,411760.0
dupage,0913401018,2024-06-13,865000.0,DPSOA-24033100,trustee,false,3,6036 SEDGLEY CT BURR RIDGE IL 60527,,,,,20037.600000000002,352088.0
dupage,0913403003,2021-08-04,1249000.0,DPSOA-117814,warranty,true,3,6150 S PARK AVE BURR RIDGE IL 60527,,,,,43560.0,416290.0
dupage,0913403006,2023-11-30,750000.0,DPSOA-23076329,trustee,false,3,6101 S GARFIELD AVE BURR RIDGE IL 60521,,,,,33976.8,298090.0
dupage,0913403007,2023-11-13,801000.0,DPSOA-23072885,trustee,false,3,6105 S GARFIELD AVE BURR RIDGE IL 60521,,,,,33976.8,219590.0
dupage,0913403032,2021-07-12,1500000.0,R2021-111123,warranty,true,3,15W248 62ND ST BURR RIDGE IL 60527,,,,,21344.399999999998,451990.0
dupage,0913404021,2022-05-02,1400000.0,DPSOA-43866,warranty,true,3,6210 COVE CREEK CT BURR RIDGE IL 60527,,,,,23086.800000000003,433650.0
dupage,0913404027,2022-07-15,1725000.0,DPSOA-22067656,warranty,true,3,6200 COVE CREEK CT BURR RIDGE IL 60527,,,,,4791.6,30570.0
dupage,0913405004,2024-08-07,3250000.0,DPSOA-24045333,warranty,true,3,15W154 60TH ST BURR RIDGE IL 60527,,,,,52707.6,705917.0
dupage,0913406002,2021-04-28,3650000.0,DPSOA-66608,warranty,true,3,15W151 60TH ST BURR RIDGE IL 60527,,,,,101059.2,683440.0
dupage,0913406013,2021-06-29,1800000.0,R2021-115089,warranty,true,3,3 WOODGATE DR BURR RIDGE IL 60527,,,,,34412.4,385080.0
dupage,0913406016,2022-08-05,1465000.0,DPSOA-22073839,warranty,true,3,6009 S ELM ST BURR RIDGE IL 60527,,,,,60112.799999999996,488280.0
dupage,1001100036,2025-03-26,275000.0,DGT-1001100036-2025-03-26,warranty,true,3,10S079 MADISON AVE BURR RIDGE IL 60527,0,0,,,25700.399999999998,76504.0
dupage,1001102007,2025-05-02,980000.0,DGT-1001102007-2025-05-02,warranty,true,3,10S230 GRANT ST BURR RIDGE IL 60527,3177,1978,,3.0,35719.2,277167.0
dupage,1001102010,2025-11-07,1908592.0,R2025-074928,warranty,true,3,10S280 GRANT ST BURR RIDGE IL 60527,0,0,,,35283.600000000006,109862.0
dupage,1001107006,2025-09-21,705000.0,DECL-20250902297849,warranty,true,3,530 DEVON DR BURR RIDGE IL 60527,3887,1986,,3.0,20037.600000000002,273774.0
dupage,1001109012,2025-12-01,755000.0,DECL-20251202254480,warranty,true,3,430 WESTMINSTER DR BURR RIDGE IL 60527,3096,1983,,2.5,22215.600000000002,242622.0
dupage,1001109013,2025-07-08,467900.0,DECL-20250702227587,trustee,false,3,7 MORGAN CT BURR RIDGE IL 60527,3739,1990,,4.0,25700.399999999998,291145.0
dupage,1001201027,2025-04-21,1150000.0,DGT-1001201027-2025-04-21,warranty,true,3,15W051 87TH ST BURR RIDGE IL 60527,4405,1984,,3.5,78408.0,445209.0
dupage,1001201042,2025-11-25,539000.0,R2025-082998,trustee,false,3,8850 S COUNTY LINE RD BURR RIDGE IL 60527,3064,1953,,1.5,63162.0,316462.0
dupage,1001203008,2025-04-22,850000.0,DGT-1001203008-2025-04-22,warranty,true,3,321 DEVON DR BURR RIDGE IL 60521,3270,1984,,2.5,24829.199999999997,259361.0
dupage,1001207010,2025-03-18,985000.0,DGT-1001207010-2025-03-18,warranty,true,3,8951 ROYAL DR BURR RIDGE IL 60527,3905,1985,,3.0,26571.6,279854.0
dupage,1001207080,2025-10-08,1300000.0,DECL-20250902285855,warranty,true,3,15W070 91ST ST BURR RIDGE IL 60527,3907,2008,,4.5,21780.0,347297.0
dupage,1001209004,2025-01-31,1400000.0,DGT-1001209004-2025-01-31,warranty,true,3,51 ASHTON DR BURR RIDGE IL 60527,5853,1997,,6.5,30927.6,483486.0
dupage,1002401010,2025-03-17,430000.0,DGT-1002401010-2025-03-17,warranty,true,3,16W312 93RD PL BURR RIDGE IL 60527,1266,1987,,2.5,11325.6,119357.0
dupage,1002403001,2025-05-22,525000.0,DGT-1002403001-2025-05-22,warranty,true,3,10S721 S JACKSON ST BURR RIDGE IL 60527,1958,1971,,2.0,14810.400000000001,170345.0
dupage,1002403020,2025-07-25,400000.0,DECL-20250702240129,trustee,false,3,16W340 94TH PL BURR RIDGE IL 60527,2073,1953,,1.0,11325.6,116598.0
dupage,1002405004,2025-12-04,130000.0,DECL-20251202250101,warranty,true,3,4 OAK HILL CT BURR RIDGE IL 60527,0,0,,,26571.6,58687.0
dupage,1002408011,2025-08-04,1399900.0,R2025-055321,warranty,true,3,9280 CASCADE CIR BURR RIDGE IL 60527,3503,1998,,3.5,22651.2,339199.0
dupage,1002409027,2025-03-06,1100000.0,DGT-1002409027-2025-03-06,warranty,true,3,9427 FALLINGWATER DR BURR RIDGE IL 60527,3919,1999,,4.5,29620.800000000003,392709.0
dupage,1002410002,2025-07-01,1000000.0,DECL-20250702231607,warranty,true,3,9127 FALLING WATERS DR BURR RIDGE IL 60527,4605,2001,,4.0,28314.0,401347.0
dupage,1002305004,2025-05-21,285000.0,DGT-1002305004-2025-05-21,warranty,true,3,9454 S JACKSON ST BURR RIDGE IL 60527,0,0,,,30927.6,48699.0
dupage,1001302015,2025-05-30,935000.0,DGT-1001302015-2025-05-30,warranty,true,3,10S667 GLENN DR BURR RIDGE IL 60527,3070,1988,,3.0,22651.2,237341.0
dupage,1001302029,2025-07-25,1390000.0,DECL-20250902275750,warranty,true,3,113 OAK RIDGE DR E BURR RIDGE IL 60527,2843,1988,,4.0,44431.200000000004,303869.0
dupage,1001302071,2025-09-24,1200000.0,R2025-064057,trustee,false,3,160 CIRCLE RIDGE DR BURR RIDGE IL 60527,4598,1992,,4.5,50965.2,376053.0
dupage,1001401023,2025-04-14,225000.0,DGT-1001401023-2025-04-14,warranty,true,3,10S641 GARFIELD AVE BURR RIDGE IL 60527,0,0,,,45738.0,55506.0
dupage,1001401047,2025-10-28,810000.0,R2025-074454,warranty,true,3,10S641 GARFIELD AVE BURR RIDGE IL 60527,4833,1993,,5.0,43560.0,247893.0
dupage,1011202002,2025-11-12,490000.0,DECL-20251102237394,trustee,false,3,11S047 PALISADES RD BURR RIDGE IL 60527,1261,1973,,2.5,23522.4,157046.0
dupage,1011206002,2025-05-09,1515000.0,DGT-1011206002-2025-05-09,warranty,true,3,9500 FALLING WATERS DR E BURR RIDGE IL 60527,5549,1993,,6.5,33976.8,441126.0
dupage,1011207009,2025-09-03,1200000.0,DECL-20250802270005,trustee,false,3,9660 PACIFIC CT BURR RIDGE IL 60527,4366,1996,,3.5,38768.4,417416.0
dupage,1011207010,2025-12-30,380000.0,DECL-20251202260122,warranty,true,3,9680 PACIFIC CT BURR RIDGE IL 60527,0,0,,,30056.399999999998,98966.0
dupage,1002400020,2025-06-27,2095238.0,DGT-1002400020-2025-06-27,warranty,true,3,9115 KINGERY HWY BURR RIDGE IL 60527,4400,2025,,,78408.0,489821.0
dupage,1001308038,2025-01-01,700000.0,DGT-1001308038-2025-01-01,warranty,true,3,63 MALIBU CT BURR RIDGE IL 60527,2632,1991,3,2.5,3920.3999999999996,198044.0
dupage,1001406005,2025-03-11,535000.0,DGT-1001406005-2025-03-11,warranty,true,3,12 LAUREL OAK CT BURR RIDGE IL 60527,2633,1991,4,3.5,3484.8,207305.0
dupage,0913300032,2024-10-28,674500.0,R2024-066421,warranty,true,3,6006 S GRANT ST BURR RIDGE IL 60527,,,,,20473.199999999997,136258.0
dupage,0913300054,2024-07-05,925000.0,R2024-045048,warranty,true,3,2 NORRIS DR BURR RIDGE IL 60527,,,,,20037.600000000002,310502.0
dupage,0913300057,2024-08-19,805000.0,R2024-052963,warranty,true,3,8 NORRIS DR BURR RIDGE IL 60527,,,,,21780.0,291694.0
dupage,0913300064,2022-05-18,905000.0,R2022-050462,warranty,true,3,12 NORRIS DR BURR RIDGE IL 60527,,,,,20908.8,230440.0
dupage,0913301003,2022-02-04,1250000.0,R2022-014456,warranty,true,3,128 W 59TH ST BURR RIDGE IL 60527,,,,,38332.8,416620.0
dupage,0913301035,2023-05-18,1490000.0,R2023-036254,warranty,true,3,479 60TH PL BURR RIDGE IL 60521,,,,,14810.400000000001,357160.0
dupage,0913301040,2024-06-14,1200000.0,R2024-033784,warranty,true,3,549 60TH PL BURR RIDGE IL 60521,,,,,20908.8,322316.0
dupage,0913302010,2021-07-02,435000.0,R2021-106359,trustee,false,3,420 60TH PL WILLOWBROOK IL 60527,,,,,25264.8,116710.0
dupage,0913302024,2023-08-04,1090000.0,R2023-050116,warranty,true,3,6121 WOODCREEK DR BURR RIDGE IL 60521,,,,,18295.2,305320.0
dupage,0913302027,2021-01-15,1180000.0,R2021-015551,warranty,true,3,3 RIDGE FARM RD BURR RIDGE IL 60527,,,,,18730.8,387840.0
dupage,0913302029,2022-12-08,1055000.0,R2022-107916,warranty,true,3,7 RIDGE FARM RD BURR RIDGE IL 60527,,,,,18730.8,294070.0
dupage,0913302030,2022-01-25,1160000.0,R2022-017543,warranty,true,3,9 RIDGE FARM RD BURR RIDGE IL 60527,,,,,26136.0,465700.0
dupage,0913302031,2023-05-25,1300000.0,R2023-034236,warranty,true,3,11 RIDGE FARM RD BURR RIDGE IL 60527,,,,,21780.0,431770.0
dupage,0913302032,2021-10-04,1250000.0,R2021-161243,warranty,true,3,15 RIDGE FARM RD BURR RIDGE IL 60527,,,,,23958.000000000004,440050.0
dupage,0913303023,2024-07-01,2500000.0,R2024-037329,trustee,false,3,15W506 63RD ST BURR RIDGE IL 60527,,,,,51400.799999999996,18852.0
dupage,0913306003,2023-08-16,1325000.0,R2023-054768,other,false,3,6196 WILDWOOD LN BURR RIDGE IL 60521,,,,,20473.199999999997,443760.0
dupage,0913306013,2021-08-12,596000.0,R2021-124574,warranty,true,3,6061 KELLER DR BURR RIDGE IL 60527,,,,,22215.600000000002,0.0
dupage,0913307007,2022-02-10,770000.0,R2022-029450,warranty,true,3,6066 KELLER DR BURR RIDGE IL 60527,,,,,27007.2,204670.0
dupage,0913308004,2022-01-11,1100000.0,R2022-005329,other,false,3,7 CLUBSIDE CT BURR RIDGE IL 60527,,,,,15245.999999999998,405050.0
dupage,0913308022,2024-03-07,1400000.0,R2024-015635,trustee,false,3,4 ANDREW CT BURR RIDGE IL 60527,,,,,17424.0,466420.0
dupage,0913308024,2022-03-30,449500.0,R2022-034575,trustee,false,3,5921 S MADISON ST BURR RIDGE IL 60527,,,,,35719.2,181890.0
dupage,0913400003,2021-05-14,1900000.0,R2021-093664,trustee,false,3,15W344 60TH ST BURR RIDGE IL 60527,,,,,20037.600000000002,158530.0
dupage,0913400032,2021-06-15,2250000.0,R2021-094060,trustee,false,3,15W330 60TH ST BURR RIDGE IL 60527,,,,,28749.600000000002,376120.0
dupage,0913401015,2022-05-23,1300000.0,R2022-055310,warranty,true,3,6000 SEDGLEY CT BURR RIDGE IL 60527,,,,,21344.399999999998,341840.0
dupage,0913401018,2024-06-04,865000.0,R2024-033100,trustee,false,3,6036 SEDGLEY CT BURR RIDGE IL 60527,,,,,20037.600000000002,352088.0
dupage,0913403003,2021-07-30,1249000.0,R2021-117814,warranty,true,3,6150 S PARK AVE BURR RIDGE IL 60527,,,,,43560.0,416290.0
dupage,0913403006,2023-11-07,750000.0,R2023-076329,trustee,false,3,6101 S GARFIELD AVE BURR RIDGE IL 60521,,,,,33976.8,298090.0
dupage,0913403007,2023-11-07,801000.0,R2023-072885,trustee,false,3,6105 S GARFIELD AVE BURR RIDGE IL 60521,,,,,33976.8,219590.0
dupage,0913404021,2022-03-12,1400000.0,R2022-043866,warranty,true,3,6210 COVE CREEK CT BURR RIDGE IL 60527,,,,,23086.800000000003,433650.0
dupage,0913404027,2022-07-14,1725000.0,R2022-067656,warranty,true,3,6200 COVE CREEK CT BURR RIDGE IL 60527,,,,,4791.6,30570.0
dupage,0913405004,2024-07-17,3250000.0,R2024-045333,warranty,true,3,15W154 60TH ST BURR RIDGE IL 60527,,,,,52707.6,705917.0
dupage,0913406002,2021-04-07,3650000.0,R2021-066608,warranty,true,3,15W151 60TH ST BURR RIDGE IL 60527,,,,,101059.2,683440.0
dupage,0913406016,2022-06-28,1465000.0,R2022-073839,warranty,true,3,6009 S ELM ST BURR RIDGE IL 60527,,,,,60112.799999999996,488280.0
dupage,1001109012,2025-12-02,755000.0,DECL-20251102239151,warranty,true,3,430 WESTMINSTER DR BURR RIDGE IL 60527,3096,1983,,2.5,22215.600000000002,242622.0
dupage,1001109013,2025-06-30,835500.0,DGT-1001109013-2025-06-30,warranty,true,3,7 MORGAN CT BURR RIDGE IL 60527,3739,1990,,4.0,25700.399999999998,291145.0
dupage,1002405004,2025-12-11,130000.0,DECL-20251202250101,warranty,true,3,4 OAK HILL CT BURR RIDGE IL 60527,0,0,,,26571.6,58687.0
dupage,1002408011,2025-08-12,1399900.0,DECL-20250802254309,warranty,true,3,9280 CASCADE CIR BURR RIDGE IL 60527,3503,1998,,3.5,22651.2,339199.0
dupage,1002410002,2025-07-11,1000000.0,DECL-20250702231607,warranty,true,3,9127 FALLING WATERS DR BURR RIDGE IL 60527,4605,2001,,4.0,28314.0,401347.0
dupage,1001302029,2025-09-02,1390000.0,DECL-20250902275750,warranty,true,3,113 OAK RIDGE DR E BURR RIDGE IL 60527,2843,1988,,4.0,44431.200000000004,303869.0
dupage,1001401047,2025-10-28,810000.0,DECL-20251002223858,warranty,true,3,10S641 GARFIELD AVE BURR RIDGE IL 60527,4833,1993,,5.0,43560.0,247893.0
dupage,1011207009,2025-09-05,1200000.0,DECL-20250902279590,warranty,true,3,9660 PACIFIC CT BURR RIDGE IL 60527,4366,1996,,3.5,38768.4,417416.0
dupage,1001109012,2025-12-09,755000.0,DECL-20251102239151,warranty,true,3,430 WESTMINSTER DR BURR RIDGE IL 60527,3096,1983,,2.5,22215.600000000002,242622.0
dupage,1011207009,2025-09-05,1200000.0,DECL-20250802270005,trustee,false,3,9660 PACIFIC CT BURR RIDGE IL 60527,4366,1996,,3.5,38768.4,417416.0
dupage,0913407010,2023-09-01,1260000.0,DPSOA-23056648,warranty,true,3,10 WOODGATE DR BURR RIDGE IL 60527,,,,,22651.2,344660.0
dupage,0913407021,2023-03-01,1100000.0,DPSOA-23011930,trustee,false,3,504 BURR RIDGE CLUB WILLOWBROOK IL 60527,,,,,7840.799999999999,364310.0
dupage,0913407026,2023-02-01,2125000.0,DPSOA-23006413,trustee,false,3,202 BURR RIDGE CLUB BURR RIDGE IL 60527,,,,,29185.2,449010.0
dupage,0913407028,2021-02-05,1224500.0,DPSOA-20219,warranty,true,3,203 BURR RIDGE CLB BURR RIDGE IL 60527,,,,,19166.4,419330.0
dupage,0913408005,2023-12-04,1835000.0,DPSOA-23076769,trustee,false,3,703 BURR RIDGE CLUB BURR RIDGE IL 60527,,,,,23958.000000000004,395980.0
dupage,0913408009,2021-05-19,1250000.0,DPSOA-78582,other,false,3,802 BURR RIDGE CLB BURR RIDGE IL 60527,,,,,7840.799999999999,315330.0
dupage,0913408010,2024-06-26,2200000.0,DPSOA-24035822,trustee,false,3,803 BURR RIDGE CLB BURR RIDGE IL 60527,,,,,8276.4,444258.0
dupage,0913408016,2024-10-11,2400000.0,DPSOA-24060378,trustee,false,3,1002 BURR RIDGE CLB BURR RIDGE IL 60527,,,,,6969.6,456572.0
dupage,0913408018,2023-09-08,1890000.0,DPSOA-23058207,trustee,false,3,1001 BURR RIDGE CLB BURR RIDGE IL 60527,,,,,7405.200000000001,347720.0
dupage,0913408025,2024-05-10,1700000.0,DPSOA-24025691,trustee,false,3,403 BURR RIDGE CLUB DR BURR RIDGE IL 60527,,,,,7405.200000000001,446901.0
dupage,0913408030,2024-04-01,1700000.0,R2024-018795,trustee,false,3,302 BURR RIDGE CLUB BURR RIDGE IL 60527,,,,,17424.0,366208.0
dupage,0913408032,2023-11-13,1625000.0,DPSOA-23072589,warranty,true,3,104 BURR RIDGE CLUB BURR RIDGE IL 60527,,,,,9147.6,323650.0
dupage,0913408036,2024-06-12,3150000.0,DPSOA-24032702,trustee,false,3,1204 BURR RIDGE CLB BURR RIDGE IL 60527,,,,,9147.6,348781.0
dupage,0913408038,2023-09-15,1772500.0,DPSOA-23059850,warranty,true,3,1202 BURR RIDGE CLUB BURR RIDGE IL 60527,,,,,8276.4,346990.0
dupage,0913408040,2021-12-01,1400000.0,R2021-173684,trustee,false,3,1503 BURR RIDGE CLB BURR RIDGE IL 60527,,,,,17859.6,441810.0
dupage,0913408042,2024-09-17,2240000.0,DPSOA-24054569,other,false,3,1206 BURR RIDGE CLUB BURR RIDGE IL 60527,,,,,9147.6,360692.0
dupage,0913409004,2021-08-13,1700000.0,R2021-128560,trustee,false,3,1104 BURR RIDGE CLB BURR RIDGE IL 60527,,,,,9147.6,308710.0
dupage,0913409006,2022-11-29,1900000.0,R2022-107842,other,false,3,1102 BURR RIDGE CLB BURR RIDGE IL 60527,,,,,6969.6,353960.0
dupage,0913409010,2022-04-25,2000000.0,R2022-045159,warranty,true,3,1403 BURR RIDGE CLB BURR RIDGE IL 60527,,,,,10018.800000000001,290390.0
dupage,0913409011,2023-02-06,950000.0,DPSOA-23007228,trustee,false,3,1401 BURR RIDGE CLUB BURR RIDGE IL 60521,,,,,7840.799999999999,369150.0
dupage,0913409016,2024-06-27,2900000.0,DPSOA-24036099,trustee,false,3,1601 BURR RIDGE CLB BURR RIDGE IL 60527,,,,,32234.399999999998,745394.0
dupage,0913409018,2023-09-21,1700000.0,DPSOA-23060954,trustee,false,3,1603 BURR RIDGE CLUB BURR RIDGE IL 60527,,,,,23522.4,266340.0
dupage,0924117001,2021-07-02,490000.0,R2021-109978,warranty,true,3,6751 FIELDSTONE DR BURR RIDGE IL 60527,,,,,18730.8,309860.0
dupage,0924200035,2023-03-21,715000.0,DPSOA-23017130,warranty,true,3,15W232 PLAINFIELD RD BURR RIDGE IL 60527,,,,,21780.0,286660.0
dupage,0924200035,2022-02-01,390000.0,R2022-044684,warranty,true,3,15W232 PLAINFIELD RD BURR RIDGE IL 60527,,,,,21780.0,118290.0
dupage,0924200096,2021-04-13,2175000.0,R2021-060234,warranty,true,3,6381 GARFIELD AVE BURR RIDGE IL 60527,,,,,30927.6,612770.0
dupage,0924200105,2023-05-17,690220.0,DPSOA-23030301,warranty,true,3,6520 S ELM ST BURR RIDGE IL 60527,,,,,25264.8,292690.0
dupage,0924200105,2022-10-24,650000.0,R2022-097048,trustee,false,3,6520 S ELM ST BURR RIDGE IL 60527,,,,,25264.8,289490.0
dupage,0924201005,2024-08-15,1000000.0,DPSOA-24047345,other,false,3,6315 S ELM ST BURR RIDGE IL 60527,,,,,41382.0,414908.0
dupage,0924201005,2023-12-29,1000000.0,R2024-047345,other,false,3,6315 S ELM ST BURR RIDGE IL 60527,,,,,41382.0,381420.0
dupage,0924201009,2023-01-18,1678725.0,DPSOA-23003642,warranty,true,3,6501 S ELM ST BURR RIDGE IL 60527,,,,,103672.79999999999,293360.0
dupage,0924201023,2021-03-15,4900000.0,R2021-059983,other,false,3,68 S CABERNET CT BURR RIDGE IL 60527,,,,,44866.8,1094070.0
dupage,0924201025,2021-02-12,1500000.0,DPSOA-23893,warranty,true,3,86 S CABERNET CT BURR RIDGE IL 60527,,,,,44866.8,499950.0
dupage,0924201028,2024-07-12,5075000.0,DPSOA-24039367,warranty,true,3,65 S CABERNET CT BURR RIDGE IL 60527,,,,,43560.0,1271834.0
dupage,0924201029,2024-05-15,1025000.0,DPSOA-24026739,warranty,true,3,53 S CABERNET CT BURR RIDGE IL 60527,,,,,43560.0,323621.0
dupage,0924201029,2021-09-27,700000.0,R2021-172010,warranty,true,3,53 S CABERNET CT BURR RIDGE IL 60527,,,,,43560.0,299820.0
dupage,0924203007,2024-11-26,1225000.0,R2025-000793,warranty,true,3,6719 FIELDSTONE DR BURR RIDGE IL 60527,,,,,19166.4,358626.0
dupage,0924203010,2024-07-16,1325000.0,DPSOA-24040232,warranty,true,3,6705 FIELDSTONE DR BURR RIDGE IL 60521,,,,,27878.4,381285.0
dupage,0924203013,2021-07-13,900000.0,R2021-132632,warranty,true,3,6718 FIELDSTONE DR BURR RIDGE IL 60527,,,,,18295.2,313270.0
dupage,0924203015,2024-08-12,1500000.0,DPSOA-24046023,warranty,true,3,6726 FIELDSTONE DR BURR RIDGE IL 60527,,,,,31363.199999999997,436175.0
dupage,0924204005,2023-02-13,1150000.0,DPSOA-23008605,warranty,true,3,6972 FIELDSTONE DR BURR RIDGE IL 60527,,,,,24829.199999999997,353730.0
dupage,0924206006,2021-04-12,765000.0,DPSOA-57658,warranty,true,3,302 KENMARE DR BURR RIDGE IL 60527,,,,,5662.8,309870.0
dupage,0924206008,2021-04-20,800000.0,DPSOA-62154,other,false,3,305 KENMARE DR BURR RIDGE IL 60527,,,,,4356.0,295360.0
dupage,0924206012,2021-07-06,721495.0,R2021-105519,trustee,false,3,504 KENMARE DR BURR RIDGE IL 60527,,,,,6534.0,242820.0
dupage,0924206013,2022-03-22,830000.0,DPSOA-29412,other,false,3,506 KENMARE DR BURR RIDGE IL 60527,,,,,7405.200000000001,284750.0
dupage,0924206015,2021-11-17,735000.0,DPSOA-167562,warranty,true,3,503 KENMARE DR BURR RIDGE IL 60527,,,,,5227.2,278180.0
dupage,0924206024,2022-12-07,850000.0,DPSOA-22106338,trustee,false,3,702 KENMARE DR BURR RIDGE IL 60527,,,,,4791.6,266370.0
dupage,0924207003,2021-01-25,837000.0,DPSOA-12224,other,false,3,203 KENMARE DR BURR RIDGE IL 60527,,,,,6534.0,297200.0
dupage,0924207007,2024-09-17,1100000.0,DPSOA-24054557,trustee,false,3,406 KENMARE DR BURR RIDGE IL 60527,,,,,4791.6,317028.0
dupage,0924207016,2022-08-05,1365000.0,DPSOA-22074324,trustee,false,3,902 KENMARE DR BURR RIDGE IL 60527,,,,,6534.0,309050.0
dupage,0924207018,2023-01-20,830000.0,DPSOA-23004087,trustee,false,3,906 KENMARE DR BURR RIDGE IL 60527,,,,,6098.400000000001,310410.0
dupage,0924209003,2024-06-05,1200000.0,DPSOA-24031049,trustee,false,3,1201 KENMARE DR BURR RIDGE IL 60527,,,,,8712.0,362585.0
dupage,0924209005,2021-08-16,1200000.0,DPSOA-123213,warranty,true,3,1205 KENMARE DR BURR RIDGE IL 60527,,,,,8712.0,328350.0
dupage,0924209010,2022-04-21,1150000.0,DPSOA-40097,other,false,3,1103 KENMARE DR BURR RIDGE IL 60527,,,,,6969.6,308800.0
dupage,0924306001,2022-05-24,850000.0,DPSOA-51057,other,false,3,6758 FIELDSTONE DR BURR RIDGE IL 60527,,,,,19166.4,302090.0
dupage,0924306012,2023-06-01,325000.0,DPSOA-23033763,warranty,true,3,6790 FIELDSTONE DR BURR RIDGE IL 60527,,,,,46609.200000000004,161980.0
dupage,0924306012,2022-05-23,340000.0,R2022-055332,warranty,true,3,6790 FIELDSTONE DR BURR RIDGE IL 60527,,,,,46609.200000000004,165970.0
dupage,0924307007,2022-04-12,1137500.0,DPSOA-37067,warranty,true,3,6755 FIELDSTONE DR BURR RIDGE IL 60527,,,,,18730.8,315630.0
dupage,0924308008,2023-01-18,3500000.0,DPSOA-23003435,other,false,3,7040 HIGH GROVE BLVD BURR RIDGE IL 60527,,,,,135036.0,1262160.0
dupage,0924309013,2021-07-28,1443125.0,R2021-130820,warranty,true,3,7033 HIGH GROVE BLVD BURR RIDGE IL 60527,,,,,57934.8,358820.0
dupage,0924309015,2022-04-04,2289992.0,DPSOA-34000,other,false,3,7019 HIGH GROVE BLVD BURR RIDGE IL 60521,,,,,48351.600000000006,384970.0
dupage,0924309018,2021-10-15,3700000.0,DPSOA-152440,other,false,3,7013 HIGH GROVE BLVD BURR RIDGE IL 60527,,,,,76665.6,839990.0
dupage,0924311001,2024-03-05,9930000.0,DPSOA-24011543,other,false,3,6801 HIGH GROVE BLVD BURR RIDGE IL 60527,,,,,168577.2,3309670.0
dupage,0924401004,2023-04-13,1225000.0,DPSOA-23022195,trustee,false,3,9 MALLORY CT BURR RIDGE IL 60527,,,,,33976.8,471350.0
dupage,0924401013,2022-08-04,850000.0,DPSOA-22073577,warranty,true,3,6817 FIELDSTONE DR BURR RIDGE IL 60521,,,,,24829.199999999997,283360.0
dupage,0924401023,2024-03-28,1049000.0,R2024-017959,warranty,true,3,6869 FIELDSTONE DR BURR RIDGE IL 60527,,,,,16117.199999999999,321684.0
dupage,0924401023,2021-06-08,845000.0,DPSOA-87690,warranty,true,3,6869 FIELDSTONE DR BURR RIDGE IL 60527,,,,,16117.199999999999,281640.0
dupage,0924401029,2021-10-11,856000.0,R2021-157785,warranty,true,3,6887 FIELDSTONE DR BURR RIDGE IL 60527,,,,,16117.199999999999,302060.0
dupage,0924401033,2021-10-19,1100000.0,R2022-010249,warranty,true,3,8 BRIDGET CT BURR RIDGE IL 60527,,,,,20037.600000000002,321060.0
dupage,0924402001,2022-04-01,1275000.0,DPSOA-33718,warranty,true,3,6935 FIELDSTONE DR BURR RIDGE IL 60527,,,,,54885.6,524850.0
dupage,0924402003,2023-05-23,900000.0,DPSOA-23031540,warranty,true,3,6983 FIELDSTONE DR BURR RIDGE IL 60527,,,,,25700.399999999998,358610.0
dupage,0924402012,2023-06-13,1010000.0,DPSOA-23036721,trustee,false,3,6919 FIELDSTONE DR BURR RIDGE IL 60521,,,,,20473.199999999997,359170.0
dupage,0924404004,2021-06-28,3436462.0,R2021-101802,warranty,true,3,7000 S COUNTY LINE RD BURR RIDGE IL 60527,,,,,69260.40000000001,272030.0
dupage,0924405010,2022-05-09,1716836.0,R2022-047119,warranty,true,3,6836 FIELDSTONE DR BURR RIDGE IL 60527,,,,,25264.8,277730.0
dupage,0924405015,2023-05-22,872500.0,DPSOA-23031200,trustee,false,3,6862 FIELDSTONE DR BURR RIDGE IL 60527,,,,,32234.399999999998,290800.0
dupage,0924405017,2022-04-14,840000.0,DPSOA-37942,other,false,3,6870 FIELDSTONE DR BURR RIDGE IL 60527,,,,,33976.8,363350.0
dupage,0924405019,2024-12-17,815000.0,DPSOA-24075035,warranty,true,3,6878 N FIELDSTONE DR BURR RIDGE IL 60527,,,,,18295.2,315516.0
dupage,0924405025,2022-08-22,774000.0,DPSOA-22078653,warranty,true,3,6902 FIELDSTONE DR BURR RIDGE IL 60527,,,,,24393.600000000002,301700.0
dupage,0924406006,2024-12-05,3400000.0,DPSOA-24072548,warranty,true,3,7075 VETERANS BLVD BURR RIDGE IL 60527,,,,,202554.00000000003,1001770.0
dupage,0924407002,2024-11-08,735000.0,DPSOA-24066999,other,false,3,"7045 VETERANS BLVD # B BURR RIDGE IL 60527",,,,,47480.4,310664.0
dupage,0924407003,2023-05-22,650000.0,DPSOA-23030969,other,false,3,"7045 VETERANS BLVD # A-1 BURR RIDGE IL 60527",,,,,47480.4,216540.0
dupage,0924408004,2022-06-16,470000.0,DPSOA-58019,warranty,true,3,"7055 VETERANS BLVD # D BURR RIDGE IL 60527",,,,,36154.799999999996,153320.0
dupage,0925102009,2021-07-19,915000.0,R2021-117449,warranty,true,3,7381 S MADISON ST BURR RIDGE IL 60527,,,,,14810.400000000001,271720.0
dupage,0925102011,2021-08-03,409000.0,R2021-119073,warranty,true,3,15W776 74TH ST BURR RIDGE IL 60527,,,,,19602.0,91800.0
dupage,0925104015,2024-10-04,300000.0,DPSOA-24058563,warranty,true,3,15W715 74TH ST HINSDALE IL 60521,,,,,24393.600000000002,173558.0
dupage,0925107024,2024-03-13,1049000.0,DPSOA-24013310,trustee,false,3,15W678 74TH ST BURR RIDGE IL 60521,,,,,28314.0,296752.0
dupage,0925107054,2022-10-31,1150000.0,DPSOA-22097637,warranty,true,3,8S255 NORMANDEE CT BURR RIDGE IL 60527,,,,,24393.600000000002,322970.0
dupage,0925111006,2023-11-21,454500.0,DPSOA-23074893,warranty,true,3,7308 CHESTNUT HILLS BURR RIDGE IL 60527,,,,,30927.6,128070.0
dupage,0925111013,2023-02-06,379000.0,DPSOA-23007241,trustee,false,3,7336 CHESTNUT HILLS BURR RIDGE IL 60527,,,,,57934.8,132160.0
dupage,0925111017,2022-08-10,445000.0,R2022-077477,trustee,false,3,7203 CHESTNUT HILLS BURR RIDGE IL 60527,,,,,25264.8,126950.0
dupage,0925111021,2022-02-22,390000.0,R2022-032806,other,false,3,101 CHESTNUT HILLS BURR RIDGE IL 60527,,,,,22651.2,119560.0
dupage,0925111037,2023-08-23,450000.0,DPSOA-23054036,trustee,false,3,117 CHESTNUT HILLS CIR BURR RIDGE IL 60527,,,,,18295.2,132660.0
dupage,0925111039,2022-05-19,415000.0,DPSOA-49495,warranty,true,3,148 CHESTNUT HILLS BURR RIDGE IL 60527,,,,,14810.400000000001,131440.0
dupage,0925111047,2024-03-29,476000.0,R2024-021656,warranty,true,3,138 CHESTNUT HILL CIR BURR RIDGE IL 60527,,,,,26136.0,149365.0
dupage,0925111056,2021-06-22,432000.0,DPSOA-95964,warranty,true,3,120 CHESTNUT HILLS BURR RIDGE IL 60527,,,,,22651.2,127180.0
dupage,0925111067,2023-02-13,385000.0,DPSOA-23008750,warranty,true,3,135 CHESTNUT HILLS CIR BURR RIDGE IL 60527,,,,,19602.0,132160.0
dupage,0925111070,2023-04-19,420000.0,DPSOA-23023464,other,false,3,108 CHESTNUT HILL CIR BURR RIDGE IL 60527,,,,,41817.6,126200.0
dupage,0913407010,2023-08-07,1260000.0,R2023-056648,warranty,true,3,10 WOODGATE DR BURR RIDGE IL 60527,,,,,22651.2,344660.0
dupage,0913407021,2023-02-21,1100000.0,R2023-011930,trustee,false,3,504 BURR RIDGE CLUB WILLOWBROOK IL 60527,,,,,7840.799999999999,364310.0
dupage,0913407026,2023-01-31,2125000.0,R2023-006413,trustee,false,3,202 BURR RIDGE CLUB BURR RIDGE IL 60527,,,,,29185.2,449010.0
dupage,0913407028,2021-01-22,1224500.0,R2021-020219,warranty,true,3,203 BURR RIDGE CLB BURR RIDGE IL 60527,,,,,19166.4,419330.0
dupage,0913408005,2023-11-17,1835000.0,R2023-076769,trustee,false,3,703 BURR RIDGE CLUB BURR RIDGE IL 60527,,,,,23958.000000000004,395980.0
dupage,0913408009,2021-05-07,1250000.0,R2021-078582,trustee,false,3,802 BURR RIDGE CLB BURR RIDGE IL 60527,,,,,7840.799999999999,315330.0
dupage,0913408010,2024-06-18,2200000.0,R2024-035822,trustee,false,3,803 BURR RIDGE CLB BURR RIDGE IL 60527,,,,,8276.4,444258.0
dupage,0913408016,2024-09-18,2400000.0,R2024-060378,trustee,false,3,1002 BURR RIDGE CLB BURR RIDGE IL 60527,,,,,6969.6,456572.0
dupage,0913408018,2023-08-10,1890000.0,R2023-058207,trustee,false,3,1001 BURR RIDGE CLB BURR RIDGE IL 60527,,,,,7405.200000000001,347720.0
dupage,0913408025,2024-04-30,1700000.0,R2024-025691,trustee,false,3,403 BURR RIDGE CLUB DR BURR RIDGE IL 60527,,,,,7405.200000000001,446901.0
dupage,0913408032,2023-10-23,1625000.0,R2023-072589,warranty,true,3,104 BURR RIDGE CLUB BURR RIDGE IL 60527,,,,,9147.6,323650.0
dupage,0913408036,2024-05-22,3150000.0,R2024-032702,trustee,false,3,1204 BURR RIDGE CLB BURR RIDGE IL 60527,,,,,9147.6,348781.0
dupage,0913408038,2023-09-11,1772500.0,R2023-059850,warranty,true,3,1202 BURR RIDGE CLUB BURR RIDGE IL 60527,,,,,8276.4,346990.0
dupage,0913408042,2024-09-06,2240000.0,R2024-054569,other,false,3,1206 BURR RIDGE CLUB BURR RIDGE IL 60527,,,,,9147.6,360692.0
dupage,0913409011,2023-01-27,950000.0,R2023-007228,trustee,false,3,1401 BURR RIDGE CLUB BURR RIDGE IL 60521,,,,,7840.799999999999,369150.0
dupage,0913409016,2024-04-23,2900000.0,R2024-036099,trustee,false,3,1601 BURR RIDGE CLB BURR RIDGE IL 60527,,,,,32234.399999999998,745394.0
dupage,0913409018,2023-09-11,1700000.0,R2023-060954,trustee,false,3,1603 BURR RIDGE CLUB BURR RIDGE IL 60527,,,,,23522.4,266340.0
dupage,0924200035,2023-03-16,715000.0,R2023-017130,warranty,true,3,15W232 PLAINFIELD RD BURR RIDGE IL 60527,,,,,21780.0,286660.0
dupage,0924200105,2023-04-24,690220.0,R2023-030301,warranty,true,3,6520 S ELM ST BURR RIDGE IL 60527,,,,,25264.8,292690.0
dupage,0924201009,2023-01-03,1678725.0,R2023-003642,warranty,true,3,6501 S ELM ST BURR RIDGE IL 60527,,,,,103672.79999999999,293360.0
dupage,0924201025,2021-01-28,1500000.0,R2021-023893,warranty,true,3,86 S CABERNET CT BURR RIDGE IL 60527,,,,,44866.8,499950.0
dupage,0924201028,2024-06-21,5075000.0,R2024-039367,warranty,true,3,65 S CABERNET CT BURR RIDGE IL 60527,,,,,43560.0,1271834.0
dupage,0924201029,2024-04-27,1025000.0,R2024-026739,warranty,true,3,53 S CABERNET CT BURR RIDGE IL 60527,,,,,43560.0,323621.0
dupage,0924203010,2024-06-14,1325000.0,R2024-040232,warranty,true,3,6705 FIELDSTONE DR BURR RIDGE IL 60521,,,,,27878.4,381285.0
dupage,0924203015,2024-08-09,1500000.0,R2024-046023,warranty,true,3,6726 FIELDSTONE DR BURR RIDGE IL 60527,,,,,31363.199999999997,436175.0
dupage,0924204005,2023-01-31,1150000.0,R2023-008605,warranty,true,3,6972 FIELDSTONE DR BURR RIDGE IL 60527,,,,,24829.199999999997,353730.0
dupage,0924206006,2021-03-08,765000.0,R2021-057658,warranty,true,3,302 KENMARE DR BURR RIDGE IL 60527,,,,,5662.8,309870.0
dupage,0924206008,2021-02-09,800000.0,R2021-062154,trustee,false,3,305 KENMARE DR BURR RIDGE IL 60527,,,,,4356.0,295360.0
dupage,0924206013,2022-02-14,830000.0,R2022-029412,trustee,false,3,506 KENMARE DR BURR RIDGE IL 60527,,,,,7405.200000000001,284750.0
dupage,0924206015,2021-11-01,735000.0,R2021-167562,warranty,true,3,503 KENMARE DR BURR RIDGE IL 60527,,,,,5227.2,278180.0
dupage,0924206024,2022-11-26,850000.0,R2022-106338,trustee,false,3,702 KENMARE DR BURR RIDGE IL 60527,,,,,4791.6,266370.0
dupage,0924207007,2024-08-28,1100000.0,R2024-054557,trustee,false,3,406 KENMARE DR BURR RIDGE IL 60527,,,,,4791.6,317028.0
dupage,0924207016,2022-06-28,1365000.0,R2022-074324,trustee,false,3,902 KENMARE DR BURR RIDGE IL 60527,,,,,6534.0,309050.0
dupage,0924207018,2023-01-10,830000.0,R2023-004087,trustee,false,3,906 KENMARE DR BURR RIDGE IL 60527,,,,,6098.400000000001,310410.0
dupage,0924209003,2024-05-31,1200000.0,R2024-031049,trustee,false,3,1201 KENMARE DR BURR RIDGE IL 60527,,,,,8712.0,362585.0
dupage,0924209005,2021-08-05,1200000.0,R2021-123213,warranty,true,3,1205 KENMARE DR BURR RIDGE IL 60527,,,,,8712.0,328350.0
dupage,0924209010,2022-04-10,1150000.0,R2022-040097,trustee,false,3,1103 KENMARE DR BURR RIDGE IL 60527,,,,,6969.6,308800.0
dupage,0924306012,2023-05-17,325000.0,R2023-033763,warranty,true,3,6790 FIELDSTONE DR BURR RIDGE IL 60527,,,,,46609.200000000004,161980.0
dupage,0924307007,2022-03-31,1137500.0,R2022-037067,warranty,true,3,6755 FIELDSTONE DR BURR RIDGE IL 60527,,,,,18730.8,315630.0
dupage,0924308008,2023-01-11,3500000.0,R2023-003435,warranty,true,3,7040 HIGH GROVE BLVD BURR RIDGE IL 60527,,,,,135036.0,1262160.0
dupage,0924309015,2022-03-23,2289992.0,R2022-034000,other,false,3,7019 HIGH GROVE BLVD BURR RIDGE IL 60521,,,,,48351.600000000006,384970.0
dupage,0924309018,2021-10-12,3700000.0,R2021-152440,warranty,true,3,7013 HIGH GROVE BLVD BURR RIDGE IL 60527,,,,,76665.6,839990.0
dupage,0924311001,2024-03-01,9930000.0,R2024-011543,warranty,true,3,6801 HIGH GROVE BLVD BURR RIDGE IL 60527,,,,,168577.2,3309670.0
dupage,0924401004,2023-03-17,1225000.0,R2023-022195,trustee,false,3,9 MALLORY CT BURR RIDGE IL 60527,,,,,33976.8,471350.0
dupage,0924401013,2022-07-14,850000.0,R2022-073577,warranty,true,3,6817 FIELDSTONE DR BURR RIDGE IL 60521,,,,,24829.199999999997,283360.0
dupage,0924401023,2021-04-29,845000.0,R2021-087690,warranty,true,3,6869 FIELDSTONE DR BURR RIDGE IL 60527,,,,,16117.199999999999,281640.0
dupage,0924402001,2022-03-14,1275000.0,R2022-033718,warranty,true,3,6935 FIELDSTONE DR BURR RIDGE IL 60527,,,,,54885.6,524850.0
dupage,0924402003,2023-05-19,900000.0,R2023-031540,warranty,true,3,6983 FIELDSTONE DR BURR RIDGE IL 60527,,,,,25700.399999999998,358610.0
dupage,0924402012,2023-05-12,1010000.0,R2023-036721,trustee,false,3,6919 FIELDSTONE DR BURR RIDGE IL 60521,,,,,20473.199999999997,359170.0
dupage,0924405015,2023-04-24,872500.0,R2023-031200,trustee,false,3,6862 FIELDSTONE DR BURR RIDGE IL 60527,,,,,32234.399999999998,290800.0
dupage,0924405019,2024-11-22,815000.0,R2024-075035,warranty,true,3,6878 N FIELDSTONE DR BURR RIDGE IL 60527,,,,,18295.2,315516.0
dupage,0924405025,2022-08-09,774000.0,R2022-078653,warranty,true,3,6902 FIELDSTONE DR BURR RIDGE IL 60527,,,,,24393.600000000002,301700.0
dupage,0924406006,2024-11-22,3400000.0,R2024-072548,warranty,true,3,7075 VETERANS BLVD BURR RIDGE IL 60527,,,,,202554.00000000003,1001770.0
dupage,0924407002,2024-10-29,735000.0,R2024-066999,warranty,true,3,"7045 VETERANS BLVD # B BURR RIDGE IL 60527",,,,,47480.4,310664.0
dupage,0924407003,2023-05-17,650000.0,R2023-030969,warranty,true,3,"7045 VETERANS BLVD # A-1 BURR RIDGE IL 60527",,,,,47480.4,216540.0
dupage,0924408004,2022-06-14,470000.0,R2022-058019,warranty,true,3,"7055 VETERANS BLVD # D BURR RIDGE IL 60527",,,,,36154.799999999996,153320.0
dupage,0925104015,2024-09-13,300000.0,R2024-058563,warranty,true,3,15W715 74TH ST HINSDALE IL 60521,,,,,24393.600000000002,173558.0
dupage,0925107024,2024-03-12,1049000.0,R2024-013310,trustee,false,3,15W678 74TH ST BURR RIDGE IL 60521,,,,,28314.0,296752.0
dupage,0925107054,2022-10-27,1150000.0,R2022-097637,warranty,true,3,8S255 NORMANDEE CT BURR RIDGE IL 60527,,,,,24393.600000000002,322970.0
dupage,0925111006,2023-10-27,454500.0,R2023-074893,warranty,true,3,7308 CHESTNUT HILLS BURR RIDGE IL 60527,,,,,30927.6,128070.0
dupage,0925111013,2023-01-27,379000.0,R2023-007241,trustee,false,3,7336 CHESTNUT HILLS BURR RIDGE IL 60527,,,,,57934.8,132160.0
dupage,0925111037,2023-08-07,450000.0,R2023-054036,trustee,false,3,117 CHESTNUT HILLS CIR BURR RIDGE IL 60527,,,,,18295.2,132660.0
dupage,0925111039,2022-04-12,415000.0,R2022-049495,warranty,true,3,148 CHESTNUT HILLS BURR RIDGE IL 60527,,,,,14810.400000000001,131440.0
dupage,0925111056,2021-06-09,432000.0,R2021-095964,warranty,true,3,120 CHESTNUT HILLS BURR RIDGE IL 60527,,,,,22651.2,127180.0
dupage,0925111067,2023-02-03,385000.0,R2023-008750,warranty,true,3,135 CHESTNUT HILLS CIR BURR RIDGE IL 60527,,,,,19602.0,132160.0
dupage,0925111070,2023-04-14,420000.0,R2023-023464,warranty,true,3,108 CHESTNUT HILL CIR BURR RIDGE IL 60527,,,,,41817.6,126200.0
dupage,0925201006,2024-09-09,1870000.0,DPSOA-24052661,warranty,true,3,7210 GIDDINGS AVE BURR RIDGE IL 60527,,,,,15245.999999999998,272657.0
dupage,0925201009,2021-10-19,165900.0,R2021-162040,warranty,false,2,7240 W GIDDINGS AVE BURR RIDGE IL 60527,,,,,15245.999999999998,91380.0
dupage,0925202003,2022-09-15,385000.0,DPSOA-22085292,warranty,true,3,7213 GIDDINGS AVE BURR RIDGE IL 60527,,,,,15681.599999999999,103090.0
dupage,0925202005,2021-05-21,185000.0,R2021-089190,warranty,false,2,7239 GIDDINGS AVE BURR RIDGE IL 60527,,,,,15681.599999999999,48360.0
dupage,0925204001,2021-02-03,260000.0,R2021-032783,warranty,true,3,7209 HAMILTON AVE BURR RIDGE IL 60527,,,,,15681.599999999999,95880.0
dupage,0925205001,2021-12-16,610000.0,R2021-185382,warranty,true,3,7309 GARFIELD AVE BURR RIDGE IL 60527,,,,,12632.4,185670.0
dupage,0925205006,2021-01-13,234000.0,DPSOA-6203,executor,false,3,120 W 74TH ST BURR RIDGE IL 60527,,,,,12632.4,83460.0
dupage,0925205012,2023-06-14,325000.0,DPSOA-23037058,trustee,false,3,150 W 74TH ST BURR RIDGE IL 60527,,,,,12632.4,92670.0
dupage,0925206003,2022-01-31,329000.0,R2022-013624,warranty,true,3,7329 GIDDINGS AVE BURR RIDGE IL 60527,,,,,13068.0,77480.0
dupage,0925206007,2022-07-22,320000.0,DPSOA-22069785,warranty,true,3,7310 S PARK AVE BURR RIDGE IL 60527,,,,,13068.0,90620.0
dupage,0925207004,2023-08-24,335000.0,DPSOA-23054629,warranty,true,3,7349 S PARK AVE BURR RIDGE IL 60527,,,,,13068.0,78990.0
dupage,0925207007,2022-09-26,605000.0,DPSOA-22088174,warranty,true,3,7330 HAMILTON AVE BURR RIDGE IL 60527,,,,,13068.0,180390.0
dupage,0925207009,2022-03-25,250000.0,DPSOA-31173,warranty,true,3,7350 HAMILTON AVE BURR RIDGE IL 60527,,,,,19166.4,239170.0
dupage,0925207015,2024-12-17,505000.0,DPSOA-24074666,warranty,true,3,7320 HAMILTON AVE BURR RIDGE IL 60527,,,,,13068.0,98207.0
dupage,0925207015,2022-06-27,420777.0,R2022-063521,warranty,true,3,7320 HAMILTON AVE BURR RIDGE IL 60527,,,,,13068.0,83820.0
dupage,0925207018,2023-12-12,1200000.0,DPSOA-23078992,warranty,true,3,15W256 N FRONTAGE RD BURR RIDGE IL 60527,,,,,19602.0,100250.0
dupage,0925208013,2021-08-02,375000.0,DPSOA-115889,warranty,true,3,15W230 N FRONTAGE RD BURR RIDGE IL 60527,,,,,5662.8,14660.0
dupage,0925210014,2024-08-01,600000.0,DPSOA-24043987,warranty,true,3,15W320 FRONTAGE RD BURR RIDGE IL 60527,,,,,65340.0,467113.0
dupage,0925301009,2023-12-01,7735585.0,DPSOA-23076643,other,false,3,7531 BRUSH HILL RD BURR RIDGE IL 60527,,,,,136778.4,1348800.0
dupage,0925301009,2021-04-30,5250000.0,R2021-071719,warranty,true,3,7531 BRUSH HILL RD BURR RIDGE IL 60527,,,,,136778.4,1071110.0
dupage,0925302014,2021-09-28,2970000.0,R2021-144199,warranty,true,3,15W700 FRONTAGE RD BURR RIDGE IL 60521,,,,,85813.2,869930.0
dupage,0925302019,2023-03-03,1700000.0,DPSOA-23012208,warranty,true,3,7750 S GRANT ST BURR RIDGE IL 60521,,,,,74487.59999999999,551790.0
dupage,0925303003,2022-03-03,,R2022-056178,beneficial_interest,false,2,411-21 HEATHROW CT BURR RIDGE IL 60527,,,,,38332.8,89310.0
dupage,0925303007,2022-07-08,800000.0,DPSOA-22065040,trustee,false,3,7701 S GRANT ST BURR RIDGE IL 60527,,,,,31798.8,197750.0
dupage,0925303016,2023-08-09,6735000.0,DPSOA-23050706,other,false,3,405-09 HEATHROW CT BURR RIDGE IL 60482,,,,,88426.79999999999,665640.0
dupage,0925303016,2022-02-03,10700000.0,R2022-013075,warranty,true,3,405-09 HEATHROW CT BURR RIDGE IL 60482,,,,,88426.79999999999,985420.0
dupage,0925303017,2023-08-09,6735000.0,DPSOA-23050706,other,false,3,405-09 HEATHROW CT BURR RIDGE IL 60527,,,,,65775.6,196570.0
dupage,0925304003,2022-12-19,600000.0,R2022-109598,warranty,true,3,7706 S GRANT ST BURR RIDGE IL 60527,,,,,108464.40000000001,101930.0
dupage,0925400001,2022-01-24,255000.0,DPSOA-8118,warranty,true,3,75TH HINSDALE IL 60521,,,,,66646.8,84290.0
dupage,0925400001,2021-11-19,255000.0,R2022-008118,warranty,true,3,75TH HINSDALE IL 60521,,,,,66646.8,83330.0
dupage,0925400005,2022-10-05,660000.0,DPSOA-22091253,trustee,false,3,7524 HAMILTON AVE BURR RIDGE IL 60527,,,,,100623.6,174330.0
dupage,0925400011,2024-06-06,364000.0,DPSOA-24031344,trustee,false,3,7630 S HAMILTON AVE BURR RIDGE IL 60527,,,,,122839.2,191518.0
dupage,0925401008,2022-06-13,700000.0,DPSOA-56901,other,false,3,7607 HAMILTON AVE BURR RIDGE IL 60527,,,,,40510.8,202180.0
dupage,0925401009,2022-05-26,460000.0,R2022-060267,warranty,true,3,7611 HAMILTON AVE BURR RIDGE IL 60527,,,,,40510.8,138040.0
dupage,0925401025,2022-03-29,1080000.0,DPSOA-31999,warranty,true,3,7620 DREW AVE BURR RIDGE IL 60527,,,,,40510.8,272750.0
dupage,0925402002,2023-06-23,500000.0,DPSOA-23039535,executor,false,3,120 75TH ST BURR RIDGE IL 60527,,,,,41382.0,176920.0
dupage,0925402003,2021-09-16,1057000.0,DPSOA-138520,other,false,3,7511 DREW AVE BURR RIDGE IL 60527,,,,,40510.8,257080.0
dupage,0925402017,2021-04-06,815000.0,DPSOA-53813,other,false,3,7508 S COUNTY LINE RD BURR RIDGE IL 60527,,,,,31798.8,237880.0
dupage,0925403007,2021-08-16,850000.0,DPSOA-122586,warranty,true,3,7810 HAMILTON AVE BURR RIDGE IL 60527,,,,,101059.2,291260.0
dupage,0925403013,2021-03-10,550000.0,DPSOA-38188,warranty,true,3,311 79TH ST BURR RIDGE IL 60527,,,,,40075.200000000004,143080.0
dupage,0925403014,2022-10-12,775000.0,DPSOA-22092923,warranty,true,3,307 79TH ST BURR RIDGE IL 60527,,,,,40075.200000000004,223850.0
dupage,0925404001,2024-06-07,399900.0,DPSOA-24031533,trustee,false,3,7703 HAMILTON AVE BURR RIDGE IL 60527,,,,,40510.8,101883.0
dupage,0925404001,2021-09-08,299500.0,R2021-134397,warranty,true,3,7703 HAMILTON AVE BURR RIDGE IL 60527,,,,,40510.8,123700.0
dupage,0925404009,2022-09-07,515000.0,R2022-084155,trustee,false,3,200 77TH ST BURR RIDGE IL 60527,,,,,40510.8,210650.0
dupage,0925404014,2024-06-03,905000.0,DPSOA-24030120,warranty,true,3,7800 DREW AVE BURR RIDGE IL 60527,,,,,40510.8,160505.0
dupage,0925404014,2021-10-01,570000.0,R2021-154090,warranty,true,3,7800 DREW AVE BURR RIDGE IL 60527,,,,,40510.8,129180.0
dupage,0925404015,2022-04-18,760000.0,DPSOA-38627,warranty,true,3,7804 DREW AVE BURR RIDGE IL 60527,,,,,40510.8,179570.0
dupage,0925404016,2022-03-23,300000.0,DPSOA-29837,warranty,true,3,227 79TH ST BURR RIDGE IL 60527,,,,,42253.2,102380.0
dupage,0925404023,2022-04-11,680000.0,DPSOA-36274,warranty,true,3,7816 DREW AVE BURR RIDGE IL 60527,,,,,25700.399999999998,166550.0
dupage,0925405001,2022-01-24,462000.0,DPSOA-8034,warranty,true,3,7701 DREW AVE BURR RIDGE IL 60527,,,,,60983.99999999999,196620.0
dupage,0925405001,2021-09-23,462000.0,R2022-008034,warranty,true,3,7701 DREW AVE BURR RIDGE IL 60527,,,,,60983.99999999999,194390.0
dupage,0925405005,2021-06-21,845800.0,DPSOA-94860,other,false,3,7719 DREW AVE BURR RIDGE IL 60521,,,,,40510.8,265170.0
dupage,0925405017,2024-11-26,460000.0,DPSOA-24070715,warranty,true,3,7740 S COUNTY LINE RD BURR RIDGE IL 60527,,,,,40510.8,146798.0
dupage,0925405024,2023-04-24,750000.0,DPSOA-23024577,warranty,true,3,7820 S COUNTY LINE RD BURR RIDGE IL 60527,,,,,40510.8,314440.0
dupage,0935203001,2023-07-06,9650000.0,DPSOA-23042262,other,false,3,231-51 FRONTAGE RD BURR RIDGE IL 60527,,,,,228254.40000000002,1499850.0
dupage,0935204016,2022-05-11,2350000.0,DPSOA-47031,other,false,3,221 SHORE CT BURR RIDGE IL 60527,,,,,66646.8,468290.0
dupage,0935204018,2023-07-06,5000000.0,DPSOA-23042263,other,false,3,151-280 SHORE DR BURR RIDGE IL 60527,,,,,94960.8,736570.0
dupage,0935205008,2024-12-30,13506890.0,DPSOA-24077662,other,false,3,311 SHORE DR BURR RIDGE IL 60527,,,,,112820.4,1135348.0
dupage,0935205008,2023-02-23,5000000.0,R2023-013175,warranty,true,3,311 SHORE DR BURR RIDGE IL 60527,,,,,112820.4,1043710.0
dupage,0935205020,2023-07-06,8800000.0,DPSOA-23042264,other,false,3,7926-8010 S MADISON ST BURR RIDGE IL 60527,,,,,174675.59999999998,1460840.0
dupage,0935400017,2023-10-04,615000.0,R2023-064996,warranty,true,3,8616 MEADOWBROOK DR BURR RIDGE IL 60527,,,,,23522.4,256350.0
dupage,0935400026,2024-12-30,649900.0,R2025-004691,warranty,true,3,16W559 S FRONTAGE RD BURR RIDGE IL 60527,,,,,21780.0,146168.0
dupage,0935402007,2024-12-31,695000.0,DPSOA-24077848,warranty,true,3,8351 MEADOWBROOK DR BURR RIDGE IL 60527,,,,,116740.8,265738.0
dupage,0935402042,2022-07-06,1725000.0,R2022-065038,warranty,true,3,8549 TIMBER RIDGE DR BURR RIDGE IL 60527,,,,,28314.0,534170.0
dupage,0935402055,2022-06-17,310000.0,DPSOA-58809,other,false,3,8425 MEADOWBROOK DR BURR RIDGE IL 60527,,,,,31363.199999999997,77050.0
dupage,0935402059,2022-06-17,305000.0,DPSOA-58810,other,false,3,8425 MEADOWBROOK DR BURR RIDGE IL 60527,,,,,30056.399999999998,77050.0
dupage,0935402062,2024-09-17,4968000.0,DPSOA-24054363,trustee,false,3,215-35 W 83RD ST BURR RIDGE IL 60527,,,,,133729.19999999998,1260195.0
dupage,0935403028,2021-03-11,660000.0,DPSOA-39528,other,false,3,16W171 83RD ST BURR RIDGE IL 60521,,,,,40075.200000000004,338930.0
dupage,0935403030,2022-06-21,4900000.0,R2022-099976,warranty,true,3,8320 S MADISON ST BURR RIDGE IL 60527,,,,,218671.19999999998,1982510.0
dupage,0935403031,2022-11-08,4900000.0,DPSOA-22099976,other,false,3,8320 S MADISON ST BURR RIDGE IL 60527,,,,,66646.8,172050.0
dupage,0935404001,2022-01-03,1510000.0,DPSOA-384,other,false,3,804 LAKEVIEW LN BURR RIDGE IL 60527,,,,,41382.0,503280.0
dupage,0935404001,2021-12-15,1510000.0,R2022-000384,trustee,false,3,804 LAKEVIEW LN BURR RIDGE IL 60527,,,,,41382.0,575950.0
dupage,0935404002,2021-04-08,1600000.0,DPSOA-56040,warranty,true,3,812 LAKEVIEW LN BURR RIDGE IL 60527,,,,,38332.8,564310.0
dupage,0935404009,2021-08-06,116000.0,R2021-130682,trustee,false,3,8649 TIMBER RIDGE DR BURR RIDGE IL 60527,,,,,23958.000000000004,343900.0
dupage,0936100001,2024-03-27,318000.0,DPSOA-24016151,warranty,true,3,15W773 79TH ST BURR RIDGE IL 60527,,,,,18730.8,101513.0
dupage,0936100004,2022-03-11,695000.0,DPSOA-25978,warranty,true,3,15W749 79TH ST BURR RIDGE IL 60527,,,,,16552.8,210030.0
dupage,0936100005,2023-11-06,355000.0,DPSOA-23071578,warranty,true,3,15W737 79TH ST HINSDALE IL 60521,,,,,16552.8,99700.0
dupage,0936101001,2023-09-15,356000.0,R2023-064421,trustee,false,3,15W765 80TH ST BURR RIDGE IL 60527,,,,,24393.600000000002,88780.0
dupage,0936101005,2022-10-03,361000.0,DPSOA-22090188,warranty,true,3,9S165 MADISON ST HINSDALE IL 60521,,,,,24393.600000000002,116190.0
dupage,0936101012,2021-03-19,300000.0,DPSOA-44067,other,false,3,15W738 81ST ST BURR RIDGE IL 60521,,,,,36590.4,99990.0
dupage,0936102003,2022-01-14,300000.0,DPSOA-5205,warranty,true,3,9S241 MADISON ST BURR RIDGE IL 60527,,,,,26136.0,102390.0
dupage,0936102003,2021-11-30,300000.0,R2022-005205,warranty,true,3,9S241 MADISON ST BURR RIDGE IL 60527,,,,,26136.0,101220.0
dupage,0936102012,2022-04-25,1045000.0,DPSOA-40888,warranty,true,3,15W645 81ST ST BURR RIDGE IL 60527,,,,,37897.2,192680.0
dupage,0936102018,2024-01-04,425000.0,DPSOA-24000612,trustee,false,3,15W676 82ND ST BURR RIDGE IL 60527,,,,,37897.2,142916.0
dupage,0936102018,2023-12-20,425000.0,R2024-000612,trustee,false,3,15W676 82ND ST BURR RIDGE IL 60527,,,,,37897.2,131380.0
dupage,0936102019,2022-01-10,520000.0,DPSOA-2965,other,false,3,15W668 82ND ST BURR RIDGE IL 60521,,,,,37897.2,137330.0
dupage,0936103002,2021-08-09,490000.0,DPSOA-119885,warranty,true,3,15W739 82ND ST BURR RIDGE IL 60527,,,,,37461.6,126540.0
dupage,0936103013,2023-11-30,300000.0,DPSOA-23076146,trustee,false,3,15W670 83RD ST BURR RIDGE IL 60527,,,,,36590.4,87670.0
dupage,0936103024,2023-10-13,190000.0,DPSOA-23066363,trustee,false,3,15W780 83RD ST BURR RIDGE IL 60521,,,,,44431.200000000004,108770.0
dupage,0925201006,2024-08-24,1870000.0,R2024-052661,warranty,true,3,7210 GIDDINGS AVE BURR RIDGE IL 60527,,,,,15245.999999999998,272657.0
dupage,0925202003,2022-08-23,385000.0,R2022-085292,warranty,true,3,7213 GIDDINGS AVE BURR RIDGE IL 60527,,,,,15681.599999999999,103090.0
dupage,0925205006,2021-01-05,234000.0,R2021-006203,executor,false,3,120 W 74TH ST BURR RIDGE IL 60527,,,,,12632.4,83460.0
dupage,0925205012,2023-06-09,325000.0,R2023-037058,trustee,false,3,150 W 74TH ST BURR RIDGE IL 60527,,,,,12632.4,92670.0
dupage,0925206007,2022-07-20,320000.0,R2022-069785,warranty,true,3,7310 S PARK AVE BURR RIDGE IL 60527,,,,,13068.0,90620.0
dupage,0925207004,2023-08-11,335000.0,R2023-054629,warranty,true,3,7349 S PARK AVE BURR RIDGE IL 60527,,,,,13068.0,78990.0
dupage,0925207007,2022-09-06,605000.0,R2022-088174,warranty,true,3,7330 HAMILTON AVE BURR RIDGE IL 60527,,,,,13068.0,180390.0
dupage,0925207009,2022-03-14,250000.0,R2022-031173,warranty,true,3,7350 HAMILTON AVE BURR RIDGE IL 60527,,,,,19166.4,239170.0
dupage,0925207015,2024-12-02,505000.0,R2024-074666,warranty,true,3,7320 HAMILTON AVE BURR RIDGE IL 60527,,,,,13068.0,98207.0
dupage,0925207018,2023-12-06,1200000.0,R2023-078992,warranty,true,3,15W256 N FRONTAGE RD BURR RIDGE IL 60527,,,,,19602.0,100250.0
dupage,0925208013,2021-07-22,375000.0,R2021-115889,warranty,true,3,15W230 N FRONTAGE RD BURR RIDGE IL 60527,,,,,5662.8,14660.0
dupage,0925210014,2024-08-01,600000.0,R2024-043987,warranty,false,2,15W320 FRONTAGE RD BURR RIDGE IL 60527,,,,,65340.0,467113.0
dupage,0925301009,2023-12-01,7735585.0,R2023-076643,warranty,true,3,7531 BRUSH HILL RD BURR RIDGE IL 60527,,,,,136778.4,1348800.0
dupage,0925302019,2023-02-27,1700000.0,R2023-012208,warranty,true,3,7750 S GRANT ST BURR RIDGE IL 60521,,,,,74487.59999999999,551790.0
dupage,0925303007,2022-03-24,800000.0,R2022-065040,trustee,false,3,7701 S GRANT ST BURR RIDGE IL 60527,,,,,31798.8,197750.0
dupage,0925303016,2023-08-02,6735000.0,R2023-050706,warranty,true,3,405-09 HEATHROW CT BURR RIDGE IL 60482,,,,,88426.79999999999,665640.0
dupage,0925304003,2022-11-14,550000.0,R2022-107296,warranty,true,3,7706 S GRANT ST BURR RIDGE IL 60527,,,,,108464.40000000001,101930.0
dupage,0925400005,2022-09-27,660000.0,R2022-091253,trustee,false,3,7524 HAMILTON AVE BURR RIDGE IL 60527,,,,,100623.6,174330.0
dupage,0925400011,2024-05-20,364000.0,R2024-031344,trustee,false,3,7630 S HAMILTON AVE BURR RIDGE IL 60527,,,,,122839.2,191518.0
dupage,0925401008,2022-05-25,700000.0,R2022-056901,warranty,true,3,7607 HAMILTON AVE BURR RIDGE IL 60527,,,,,40510.8,202180.0
dupage,0925401025,2022-02-26,1080000.0,R2022-031999,warranty,true,3,7620 DREW AVE BURR RIDGE IL 60527,,,,,40510.8,272750.0
dupage,0925402002,2023-06-15,500000.0,R2023-039535,executor,false,3,120 75TH ST BURR RIDGE IL 60527,,,,,41382.0,176920.0
dupage,0925402003,2021-06-11,1057000.0,R2021-138520,trustee,false,3,7511 DREW AVE BURR RIDGE IL 60527,,,,,40510.8,257080.0
dupage,0925402017,2021-04-02,815000.0,R2021-053813,trustee,false,3,7508 S COUNTY LINE RD BURR RIDGE IL 60527,,,,,31798.8,237880.0
dupage,0925403007,2021-07-12,850000.0,R2021-122586,warranty,true,3,7810 HAMILTON AVE BURR RIDGE IL 60527,,,,,101059.2,291260.0
dupage,0925403013,2021-02-17,550000.0,R2021-038188,warranty,true,3,311 79TH ST BURR RIDGE IL 60527,,,,,40075.200000000004,143080.0
dupage,0925403014,2022-09-02,775000.0,R2022-092923,warranty,true,3,307 79TH ST BURR RIDGE IL 60527,,,,,40075.200000000004,223850.0
dupage,0925404001,2024-06-04,399900.0,R2024-031533,trustee,false,3,7703 HAMILTON AVE BURR RIDGE IL 60527,,,,,40510.8,101883.0
dupage,0925404014,2024-05-15,905000.0,R2024-030120,warranty,true,3,7800 DREW AVE BURR RIDGE IL 60527,,,,,40510.8,160505.0
dupage,0925404015,2022-04-04,760000.0,R2022-038627,warranty,true,3,7804 DREW AVE BURR RIDGE IL 60527,,,,,40510.8,179570.0
dupage,0925404016,2022-03-01,300000.0,R2022-029837,warranty,true,3,227 79TH ST BURR RIDGE IL 60527,,,,,42253.2,102380.0
dupage,0925404023,2022-04-05,680000.0,R2022-036274,warranty,true,3,7816 DREW AVE BURR RIDGE IL 60527,,,,,25700.399999999998,166550.0
dupage,0925405005,2021-05-26,845800.0,R2021-094860,warranty,true,3,7719 DREW AVE BURR RIDGE IL 60521,,,,,40510.8,265170.0
dupage,0925405017,2024-11-15,460000.0,R2024-070715,warranty,true,3,7740 S COUNTY LINE RD BURR RIDGE IL 60527,,,,,40510.8,146798.0
dupage,0925405024,2023-04-18,750000.0,R2023-024577,warranty,true,3,7820 S COUNTY LINE RD BURR RIDGE IL 60527,,,,,40510.8,314440.0
dupage,0935203001,2023-06-29,9650000.0,R2023-042262,warranty,true,3,231-51 FRONTAGE RD BURR RIDGE IL 60527,,,,,228254.40000000002,1499850.0
dupage,0935204016,2022-05-03,2350000.0,R2022-047031,trustee,false,3,221 SHORE CT BURR RIDGE IL 60527,,,,,66646.8,468290.0
dupage,0935204018,2023-06-29,5000000.0,R2023-042263,warranty,true,3,151-280 SHORE DR BURR RIDGE IL 60527,,,,,94960.8,736570.0
dupage,0935205008,2024-12-17,13506890.0,R2024-077662,warranty,true,3,311 SHORE DR BURR RIDGE IL 60527,,,,,112820.4,1135348.0
dupage,0935205020,2023-06-29,8800000.0,R2023-042264,warranty,true,3,7926-8010 S MADISON ST BURR RIDGE IL 60527,,,,,174675.59999999998,1460840.0
dupage,0935402007,2024-12-06,695000.0,R2024-077848,warranty,true,3,8351 MEADOWBROOK DR BURR RIDGE IL 60527,,,,,116740.8,265738.0
dupage,0935402055,2022-06-07,310000.0,R2022-058809,trustee,false,3,8425 MEADOWBROOK DR BURR RIDGE IL 60527,,,,,31363.199999999997,77050.0
dupage,0935402059,2022-06-07,305000.0,R2022-058810,trustee,false,3,8425 MEADOWBROOK DR BURR RIDGE IL 60527,,,,,30056.399999999998,77050.0
dupage,0935402062,2024-08-26,4968000.0,R2024-054363,trustee,false,3,215-35 W 83RD ST BURR RIDGE IL 60527,,,,,133729.19999999998,1260195.0
dupage,0935403028,2021-03-01,660000.0,R2021-039528,warranty,false,2,16W171 83RD ST BURR RIDGE IL 60521,,,,,40075.200000000004,338930.0
dupage,0936100001,2024-03-14,318000.0,R2024-016151,warranty,true,3,15W773 79TH ST BURR RIDGE IL 60527,,,,,18730.8,101513.0
dupage,0936100004,2022-02-10,695000.0,R2022-025978,warranty,true,3,15W749 79TH ST BURR RIDGE IL 60527,,,,,16552.8,210030.0
dupage,0936100005,2023-10-27,355000.0,R2023-071578,warranty,true,3,15W737 79TH ST HINSDALE IL 60521,,,,,16552.8,99700.0
dupage,0936101005,2022-09-29,361000.0,R2022-090188,warranty,true,3,9S165 MADISON ST HINSDALE IL 60521,,,,,24393.600000000002,116190.0
dupage,0936101012,2021-01-18,300000.0,R2021-044067,trustee,false,3,15W738 81ST ST BURR RIDGE IL 60521,,,,,36590.4,99990.0
dupage,0936102012,2022-04-14,1045000.0,R2022-040888,warranty,true,3,15W645 81ST ST BURR RIDGE IL 60527,,,,,37897.2,192680.0
dupage,0936103002,2021-07-12,490000.0,R2021-119885,warranty,true,3,15W739 82ND ST BURR RIDGE IL 60527,,,,,37461.6,126540.0
dupage,0936103013,2023-11-15,300000.0,R2023-076146,trustee,false,3,15W670 83RD ST BURR RIDGE IL 60527,,,,,36590.4,87670.0
dupage,0936103024,2023-10-03,190000.0,R2023-066363,trustee,false,3,15W780 83RD ST BURR RIDGE IL 60521,,,,,44431.200000000004,108770.0
dupage,0936103013,2023-03-11,125000.0,R2023-021601,trustee,false,3,15W670 83RD ST BURR RIDGE IL 60527,,,,,36590.4,87670.0
dupage,0936104035,2024-04-02,610000.0,R2024-018597,trustee,false,3,24 PINE TREE LN BURR RIDGE IL 60527,,,,,3484.8,194455.0
dupage,0936104036,2021-03-01,492500.0,DPSOA-32218,other,false,3,22 PINE TREE LN BURR RIDGE IL 60527,,,,,3484.8,182010.0
dupage,0936104037,2021-07-20,560000.0,DPSOA-109689,other,false,3,20 PINE TREE LN BURR RIDGE IL 60527,,,,,3484.8,182010.0
dupage,0936104040,2024-02-02,482196.0,DPSOA-24005815,quit_claim,false,3,14 PINE TREE LN BURR RIDGE IL 60527,,,,,3484.8,172536.0
dupage,0936104048,2021-11-09,470000.0,DPSOA-163688,warranty,true,3,42 PINE TREE LN BURR RIDGE IL 60527,,,,,3484.8,182010.0
dupage,0936104053,2021-02-10,425000.0,DPSOA-22814,other,false,3,45 PINE TREE LN BURR RIDGE IL 60527,,,,,3484.8,141670.0
dupage,0936104056,2023-09-19,841000.0,R2023-065303,warranty,true,3,467 81ST ST BURR RIDGE IL 60527,,,,,16988.4,232280.0
dupage,0936104059,2021-03-26,580000.0,DPSOA-48660,warranty,true,3,63 PINE TREE LN BURR RIDGE IL 60527,,,,,3484.8,192130.0
dupage,0936104064,2021-06-07,565000.0,DPSOA-87547,other,false,3,53 PINE TREE LN BURR RIDGE IL 60527,,,,,3484.8,192080.0
dupage,0936105025,2023-04-04,650000.0,DPSOA-23019909,warranty,true,3,8250 LAKE RIDGE DR BURR RIDGE IL 60527,,,,,28314.0,247040.0
dupage,0936106005,2021-05-27,870000.0,DPSOA-82082,warranty,true,3,480 81ST ST BURR RIDGE IL 60527,,,,,20037.600000000002,280300.0
dupage,0936106008,2024-01-02,715000.0,DPSOA-24000132,warranty,true,3,8130 RIDGEPOINTE DR BURR RIDGE IL 60527,,,,,20473.199999999997,244712.0
dupage,0936106008,2023-12-14,715000.0,R2024-000132,warranty,true,3,8130 RIDGEPOINTE DR BURR RIDGE IL 60527,,,,,20473.199999999997,224960.0
dupage,0936106010,2023-04-28,776000.0,R2023-033438,warranty,true,3,8170 RIDGEPOINTE DR BURR RIDGE IL 60527,,,,,20473.199999999997,251390.0
dupage,0936106014,2024-09-12,92000.0,DPSOA-24053505,quit_claim,false,2,8240 RIDGEPOINT DR BURR RIDGE IL 60527,,,,,20473.199999999997,292096.0
dupage,0936106016,2024-02-06,745000.0,DPSOA-24006396,warranty,true,3,8282 RIDGEPOINTE DR BURR RIDGE IL 60521,,,,,22651.2,266141.0
dupage,0936106023,2021-01-20,780000.0,DPSOA-9913,warranty,true,3,4 LAKE RIDGE CT BURR RIDGE IL 60527,,,,,25700.399999999998,243200.0
dupage,0936106028,2024-06-20,1500000.0,DPSOA-24034125,trustee,false,3,8151 LAKE RIDGE DR BURR RIDGE IL 60527,,,,,30056.399999999998,392478.0
dupage,0936107005,2023-02-22,730000.0,DPSOA-23010303,trustee,false,3,8181 RIDGEPOINTE DR BURR RIDGE IL 60527,,,,,20037.600000000002,249350.0
dupage,0936107006,2024-12-12,695000.0,DPSOA-24074165,warranty,true,3,8201 RIDGEPOINTE DR BURR RIDGE IL 60527,,,,,20037.600000000002,248954.0
dupage,0936109003,2022-08-23,625000.0,DPSOA-22078999,other,false,3,3 BERKSHIRE LN BURR RIDGE IL 60527,,,,,3920.3999999999996,226510.0
dupage,0936109009,2024-09-18,850000.0,DPSOA-24054926,trustee,false,3,9 BRISTOL CT BURR RIDGE IL 60527,,,,,3920.3999999999996,212360.0
dupage,0936109013,2023-09-12,789900.0,DPSOA-23058941,trustee,false,3,13 LAKE RIDGE CLUB CT BURR RIDGE IL 60527,,,,,3920.3999999999996,209940.0
dupage,0936109026,2024-08-09,395000.0,DPSOA-24045858,trustee,false,2,26 LAKE RIDGE CLUB DR BURR RIDGE IL 60527,,,,,3920.3999999999996,242308.0
dupage,0936109028,2024-06-18,900000.0,DPSOA-24033798,trustee,false,3,28 LAKE RIDGE CLUB BURR RIDGE IL 60521,,,,,3920.3999999999996,243047.0
dupage,0936109030,2022-01-24,655000.0,DPSOA-8430,other,false,3,30 LANCASTER CT BURR RIDGE IL 60527,,,,,3920.3999999999996,207660.0
dupage,0936109030,2021-10-10,655000.0,R2022-008430,trustee,false,3,30 LANCASTER CT BURR RIDGE IL 60527,,,,,3920.3999999999996,205300.0
dupage,0936109036,2023-09-20,800000.0,DPSOA-23060734,trustee,false,3,36 LANCASTER CT BURR RIDGE IL 60527,,,,,3920.3999999999996,220150.0
dupage,0936109039,2021-08-24,550000.0,R2021-132939,warranty,true,3,39 LANCASTER CT BURR RIDGE IL 60521,,,,,3920.3999999999996,208210.0
dupage,0936109042,2024-10-10,940000.0,DPSOA-24059766,warranty,true,3,42 DURHAM CT BURR RIDGE IL 60527,,,,,3920.3999999999996,259963.0
dupage,0936109043,2022-12-20,595000.0,DPSOA-22108948,trustee,false,3,43 DURHAM CT BURR RIDGE IL 60527,,,,,3920.3999999999996,240190.0
dupage,0936109046,2021-01-13,551500.0,R2021-011330,warranty,true,3,46 DURHAM CT BURR RIDGE IL 60527,,,,,3920.3999999999996,183810.0
dupage,0936109061,2022-11-18,625000.0,R2022-106309,trustee,false,3,61 BERKSHIRE CT BURR RIDGE IL 60527,,,,,3920.3999999999996,193320.0
dupage,0936109063,2024-12-17,925000.0,R2025-002675,warranty,true,3,63 BERKSHIRE CT BURR RIDGE IL 60527,,,,,3920.3999999999996,237902.0
dupage,0936109066,2021-05-03,730000.0,DPSOA-68900,warranty,true,3,66 BERKSHIRE CT BURR RIDGE IL 60527,,,,,3920.3999999999996,211100.0
dupage,0936109067,2022-10-26,715000.0,DPSOA-22096832,warranty,true,3,67 BERKSHIRE CT BURR RIDGE IL 60527,,,,,3920.3999999999996,233490.0
dupage,0936109069,2022-04-05,700000.0,DPSOA-34762,warranty,true,3,15W641 81ST ST BURR RIDGE IL 60527,,,,,16988.4,233310.0
dupage,0936109075,2022-03-10,735000.0,DPSOA-25545,warranty,true,3,15W521 81ST ST BURR RIDGE IL 60527,,,,,17424.0,286720.0
dupage,0936200011,2021-05-19,355000.0,DPSOA-78168,warranty,true,3,7906 GARFIELD AVE BURR RIDGE IL 60527,,,,,1306.8,101670.0
dupage,0936200030,2021-10-18,1375000.0,DPSOA-153476,warranty,true,3,351 HIGHLAND CT WILLOWBROOK IL 60527,,,,,30491.999999999996,507860.0
dupage,0936200037,2024-07-17,3500000.0,DPSOA-24040460,warranty,true,3,367 OLD OAK CT BURR RIDGE IL 60527,,,,,35719.2,785761.0
dupage,0936200037,2022-12-06,2600000.0,R2022-107114,trustee,false,3,367 OLD OAK CT BURR RIDGE IL 60527,,,,,35719.2,714500.0
dupage,0936201006,2024-09-24,695250.0,DPSOA-24056237,warranty,false,2,15W214 81ST ST BURR RIDGE IL 60527,,,,,102801.59999999999,359170.0
dupage,0936201018,2024-11-01,2500000.0,DPSOA-24065460,warranty,true,3,8025 HAMILTON AVE BURR RIDGE IL 60527,,,,,50529.6,456180.0
dupage,0936202009,2022-11-07,,R2022-101575,beneficial_interest,false,2,7951 S DREW AVE BURR RIDGE IL 60521,,,,,51836.399999999994,121160.0
dupage,0936202016,2024-02-27,320000.0,DPSOA-24010215,warranty,true,3,7950 S COUNTY LINE RD BURR RIDGE IL 60527,,,,,49658.399999999994,109270.0
dupage,0936202017,2024-10-15,320000.0,DPSOA-24060821,warranty,true,3,7954 S COUNTY LINE RD BURR RIDGE IL 60527,,,,,49658.399999999994,109270.0
dupage,0936203002,2021-05-13,450100.0,DPSOA-75768,other,false,3,8100 GARFIELD AVE BURR RIDGE IL 60527,,,,,16117.199999999999,176090.0
dupage,0936203008,2022-01-11,575000.0,DPSOA-3551,warranty,true,3,8130 GARFIELD AVE BURR RIDGE IL 60527,,,,,16117.199999999999,215270.0
dupage,0936203008,2021-12-21,575000.0,R2022-003551,warranty,true,3,8130 GARFIELD AVE BURR RIDGE IL 60527,,,,,16117.199999999999,212830.0
dupage,0936204002,2024-04-23,346550.0,R2025-030737,warranty,true,3,316 81ST ST BURR RIDGE IL 60527,,,,,16117.199999999999,177964.0
dupage,0936204008,2022-09-26,500000.0,DPSOA-22088329,trustee,false,3,8123 GARFIELD AVE BURR RIDGE IL 60527,,,,,16117.199999999999,177990.0
dupage,0936204014,2021-09-02,469900.0,DPSOA-132058,other,false,3,8124 S PARK AVE BURR RIDGE IL 60527,,,,,16117.199999999999,186290.0
dupage,0936204015,2023-10-16,641600.0,DPSOA-23066883,warranty,true,3,8130 S PARK AVE BURR RIDGE IL 60527,,,,,16117.199999999999,208640.0
dupage,0936205003,2022-03-14,450000.0,DPSOA-26604,warranty,true,3,8200 KATHRYN CT BURR RIDGE IL 60527,,,,,17859.6,177280.0
dupage,0936205011,2021-06-04,517500.0,R2021-100389,warranty,true,3,8224 KATHRYN CT BURR RIDGE IL 60527,,,,,16117.199999999999,189980.0
dupage,0936206008,2021-01-27,1850000.0,DPSOA-13803,other,false,3,15W201 81ST ST BURR RIDGE IL 60527,,,,,108028.8,669420.0
dupage,0936206011,2024-04-04,668000.0,R2024-020855,warranty,true,3,8129 KATHRYN CT BURR RIDGE IL 60527,,,,,16117.199999999999,196772.0
dupage,0936206012,2022-04-28,590000.0,DPSOA-42923,other,false,2,8133 KATHRYN CT BURR RIDGE IL 60527,,,,,16117.199999999999,217700.0
dupage,0936206014,2021-06-11,650000.0,R2021-101973,warranty,true,3,8143 KATHRYN CT BURR RIDGE IL 60527,,,,,23958.000000000004,197520.0
dupage,0936206016,2024-09-11,805000.0,DPSOA-24053262,trustee,false,3,8205 KATHRYN CT BURR RIDGE IL 60527,,,,,16117.199999999999,218267.0
dupage,0936207002,2021-06-03,665000.0,DPSOA-85624,other,false,3,8215 KATHRYN CT BURR RIDGE IL 60527,,,,,16117.199999999999,214150.0
dupage,0936207007,2021-04-09,530000.0,DPSOA-56370,other,false,3,8218 WINDSOR CT BURR RIDGE IL 60527,,,,,23958.000000000004,176670.0
dupage,0936208002,2024-08-20,1550000.0,R2025-004198,trustee,false,3,9S175 DREW AVE BURR RIDGE IL 60527,,,,,110206.79999999999,452459.0
dupage,0936208005,2023-06-29,1125000.0,DPSOA-23040889,trustee,false,3,8000 S COUNTY LINE RD BURR RIDGE IL 60527,,,,,175111.19999999998,170150.0
dupage,0936208012,2021-11-22,775000.0,DPSOA-169507,warranty,true,3,8223 WINDSOR CT BURR RIDGE IL 60527,,,,,16988.4,221930.0
dupage,0936208013,2021-04-23,1230000.0,DPSOA-64167,warranty,true,3,15W140 83RD ST BURR RIDGE IL 60527,,,,,156816.0,409960.0
dupage,0936209004,2021-01-11,170000.0,DPSOA-4694,other,false,3,"15W341 81ST ST # 1-4 BURR RIDGE IL 60527",,,,,235659.6,58540.0
dupage,0936209006,2021-02-22,220000.0,DPSOA-27596,other,false,3,"15W345 81ST ST # 2-2 BURR RIDGE IL 60527",,,,,235659.6,73680.0
dupage,0936209007,2024-06-21,300000.0,DPSOA-24034792,warranty,true,3,"15W345 81ST ST # 2-3 BURR RIDGE IL 60527",,,,,235659.6,74166.0
dupage,0936209009,2023-10-12,250000.0,DPSOA-23065947,warranty,true,3,"8090 GARFIELD AVE # 3-1 BURR RIDGE IL 60527",,,,,235659.6,68180.0
dupage,0936209014,2024-08-26,329000.0,DPSOA-24049385,warranty,true,3,"8094 GARFIELD AVE # 4-2 BURR RIDGE IL 60527",,,,,235659.6,74166.0
dupage,0936209015,2022-09-29,292000.0,R2022-096518,warranty,true,3,"8094 GARFIELD AVE # 4-3 BURR RIDGE IL 60527",,,,,235659.6,59220.0
dupage,0936209015,2021-03-03,175500.0,DPSOA-33681,other,false,3,"8094 GARFIELD AVE # 4-3 BURR RIDGE IL 60527",,,,,235659.6,58540.0
dupage,0936209016,2022-01-26,217000.0,DPSOA-9429,other,false,3,8094 GARFIELD AVE UNIT 4-4 BURR RIDGE IL 60527,,,,,235659.6,59220.0
dupage,0936209016,2021-12-28,217000.0,R2022-009429,trustee,false,3,8094 GARFIELD AVE UNIT 4-4 BURR RIDGE IL 60527,,,,,235659.6,58540.0
dupage,0936209019,2021-04-21,210000.0,DPSOA-62714,warranty,true,3,"8098 GARFIELD AVE # 5-3 BURR RIDGE IL 60527",,,,,235659.6,58540.0
dupage,0936209022,2024-10-24,285000.0,DPSOA-24063335,warranty,true,3,"8082 S GARFIELD AVE # 6-2 BURR RIDGE IL 60527",,,,,235659.6,74166.0
dupage,0936209022,2023-11-10,209000.0,R2023-074721,warranty,true,3,"8082 S GARFIELD AVE # 6-2 BURR RIDGE IL 60527",,,,,235659.6,68180.0
dupage,0936209023,2021-10-12,230000.0,DPSOA-149666,warranty,true,3,"8082 GARFIELD AVE # 6-3 BURR RIDGE IL 60527",,,,,235659.6,73680.0
dupage,0936209027,2022-09-27,210000.0,R2022-106109,warranty,true,3,"8086 GARFIELD AVE # 7-3 BURR RIDGE IL 60521",,,,,235659.6,59220.0
dupage,0936209030,2021-06-29,225000.0,DPSOA-99266,other,false,3,"8074 GARFIELD AVE # 2 BURR RIDGE IL 60527",,,,,235659.6,73680.0
dupage,0936209034,2021-04-06,170000.0,DPSOA-54331,other,false,3,"8078 GARFIELD AVE # 9-2 BURR RIDGE IL 60527",,,,,235659.6,58540.0
dupage,0936209040,2022-10-20,275000.0,R2022-097402,warranty,true,3,8070 S GARFIELD AVE BURR RIDGE IL 60527,,,,,235659.6,74530.0
dupage,0936209044,2024-07-02,305000.0,DPSOA-24037215,trustee,false,3,"8066 GARFIELD AVE # 4 BURR RIDGE IL 60527",,,,,235659.6,74166.0
dupage,0936209048,2021-03-23,235000.0,R2021-050253,warranty,true,3,"7998 GARFIELD AVE # 12-4 BURR RIDGE IL 60527",,,,,235659.6,58540.0
dupage,0936209054,2021-09-01,197000.0,R2021-142211,warranty,true,3,"7990 GARFIELD AVE # 14-2 BURR RIDGE IL 60527",,,,,235659.6,58540.0
dupage,0936209060,2021-02-11,216000.0,DPSOA-23419,warranty,true,3,"7986 GARFIELD AVE # 15-4 BURR RIDGE IL 60527",,,,,235659.6,58540.0
dupage,0936209061,2021-05-14,219900.0,R2021-104176,warranty,true,3,"7982 GARFIELD AVE # 16-1 BURR RIDGE IL 60527",,,,,235659.6,58540.0
dupage,0936210002,2021-10-01,229000.0,DPSOA-146027,warranty,true,3,"7970 GARFIELD AVE # 102 BURR RIDGE IL 60527",,,,,72745.2,63840.0
dupage,0936210008,2022-08-31,240000.0,R2022-082132,warranty,true,3,"7970 GARFIELD AVE # 202 BURR RIDGE IL 60527",,,,,72745.2,81040.0
dupage,0936210018,2023-06-06,200000.0,DPSOA-23034842,warranty,true,3,"7962 S GARFIELD AVE # 110 BURR RIDGE IL 60521",,,,,72745.2,71050.0
dupage,0936210020,2023-05-08,240000.0,DPSOA-23028041,trustee,false,3,"7966 GARFIELD AVE # 112 BURR RIDGE IL 60521",,,,,72745.2,80210.0
dupage,0936210021,2022-08-25,270000.0,DPSOA-22079740,trustee,false,3,"7958 GARFIELD AVE # 207 BURR RIDGE IL 60527",,,,,72745.2,78950.0
dupage,0936210023,2021-08-11,269000.0,R2021-127258,trustee,false,3,"7962 GARFIELD AVE # 209 BURR RIDGE IL 60527",,,,,72745.2,82770.0
dupage,0936210028,2023-05-08,240000.0,DPSOA-23028041,trustee,false,3,"7966 GARFIELD AVE # D BURR RIDGE IL 60521",,,,,72745.2,5170.0
dupage,0936300012,2022-12-29,660000.0,DPSOA-22111039,warranty,true,3,750 CAMBRIDGE DR BURR RIDGE IL 60527,,,,,20037.600000000002,190470.0
dupage,0936300018,2021-05-18,600000.0,R2021-133216,warranty,true,3,688 CAMELOT DR BURR RIDGE IL 60527,,,,,20473.199999999997,201930.0
dupage,0936300024,2022-02-03,1260000.0,R2022-013189,warranty,true,3,8310 WATERVIEW CT BURR RIDGE IL 60527,,,,,33541.200000000004,457570.0
dupage,0936301019,2024-10-17,1700000.0,DPSOA-24061517,trustee,false,3,122 KRAML DR BURR RIDGE IL 60527,,,,,41382.0,520360.0
dupage,0936301023,2024-09-20,1575000.0,DPSOA-24055574,warranty,true,3,7 SHILOH CT BURR RIDGE IL 60527,,,,,25264.8,208347.0
dupage,0936301023,2021-05-26,234000.0,R2021-101135,warranty,true,3,7 SHILOH CT BURR RIDGE IL 60527,,,,,25264.8,127210.0
dupage,0936301025,2024-07-18,1360000.0,DPSOA-24040554,trustee,false,3,8 SHILOH CT BURR RIDGE IL 60527,,,,,27878.4,468461.0
dupage,0936302008,2022-08-16,625000.0,R2022-083640,warranty,true,3,8412 CLYNDERVEN RD BURR RIDGE IL 60527,,,,,12632.4,164800.0
dupage,0936302010,2022-11-08,500000.0,DPSOA-22100005,trustee,false,3,8436 CLYNDERVEN RD BURR RIDGE IL 60527,,,,,12632.4,169820.0
dupage,0936302011,2023-04-06,553000.0,DPSOA-23020487,warranty,true,3,8448 CLYNDERVEN RD BURR RIDGE IL 60527,,,,,12632.4,161080.0
dupage,0936302018,2022-10-04,425000.0,DPSOA-22090348,trustee,false,3,8473 CANTERBERRY DR BURR RIDGE IL 60527,,,,,20473.199999999997,204850.0
dupage,0936304006,2021-06-30,578000.0,R2021-119212,trustee,false,3,8425 CLYNDERVEN RD BURR RIDGE IL 60527,,,,,12196.800000000001,166950.0
dupage,0936304011,2023-01-18,560000.0,DPSOA-23003586,warranty,true,3,8485 CLYNDERVEN RD BURR RIDGE IL 60527,,,,,13939.2,179840.0
dupage,0936304019,2021-01-20,508000.0,DPSOA-10148,other,false,3,8448 WALREDON AVE BURR RIDGE IL 60527,,,,,12196.800000000001,192150.0
dupage,0936304024,2021-09-29,525000.0,DPSOA-144543,warranty,true,3,8499 CLYNDERVEN RD BURR RIDGE IL 60527,,,,,13939.2,191300.0
dupage,0936304039,2023-09-25,785000.0,DPSOA-23061745,warranty,true,3,8498 WALREDON AVE BURR RIDGE IL 60527,,,,,14374.800000000001,196660.0
dupage,0936304046,2022-05-04,480000.0,DPSOA-44560,warranty,true,3,8549 CLYNDERVEN RD BURR RIDGE IL 60527,,,,,13939.2,187000.0
dupage,0936104036,2021-02-16,492500.0,R2021-032218,trustee,false,3,22 PINE TREE LN BURR RIDGE IL 60527,,,,,3484.8,182010.0
dupage,0936104037,2021-07-06,560000.0,R2021-109689,trustee,false,3,20 PINE TREE LN BURR RIDGE IL 60527,,,,,3484.8,182010.0
dupage,0936104040,2024-01-18,482196.0,R2024-005815,quit_claim,false,3,14 PINE TREE LN BURR RIDGE IL 60527,,,,,3484.8,172536.0
dupage,0936104048,2021-11-02,470000.0,R2021-163688,warranty,true,3,42 PINE TREE LN BURR RIDGE IL 60527,,,,,3484.8,182010.0
dupage,0936104059,2021-02-11,580000.0,R2021-048660,warranty,true,3,63 PINE TREE LN BURR RIDGE IL 60527,,,,,3484.8,192130.0
dupage,0936104064,2021-05-20,565000.0,R2021-087547,trustee,false,3,53 PINE TREE LN BURR RIDGE IL 60527,,,,,3484.8,192080.0
dupage,0936105025,2023-03-30,650000.0,R2023-019909,warranty,true,3,8250 LAKE RIDGE DR BURR RIDGE IL 60527,,,,,28314.0,247040.0
dupage,0936106005,2021-04-28,870000.0,R2021-082082,warranty,true,3,480 81ST ST BURR RIDGE IL 60527,,,,,20037.600000000002,280300.0
dupage,0936106014,2024-08-23,92000.0,R2024-053505,quit_claim,false,2,8240 RIDGEPOINT DR BURR RIDGE IL 60527,,,,,20473.199999999997,292096.0
dupage,0936106016,2024-02-02,745000.0,R2024-006396,warranty,true,3,8282 RIDGEPOINTE DR BURR RIDGE IL 60521,,,,,22651.2,266141.0
dupage,0936106023,2021-01-15,780000.0,R2021-009913,warranty,true,3,4 LAKE RIDGE CT BURR RIDGE IL 60527,,,,,25700.399999999998,243200.0
dupage,0936106028,2024-06-17,1500000.0,R2024-034125,trustee,false,3,8151 LAKE RIDGE DR BURR RIDGE IL 60527,,,,,30056.399999999998,392478.0
dupage,0936107005,2023-02-15,730000.0,R2023-010303,trustee,false,3,8181 RIDGEPOINTE DR BURR RIDGE IL 60527,,,,,20037.600000000002,249350.0
dupage,0936107006,2024-12-03,695000.0,R2024-074165,warranty,true,3,8201 RIDGEPOINTE DR BURR RIDGE IL 60527,,,,,20037.600000000002,248954.0
dupage,0936109003,2022-08-09,625000.0,R2022-078999,other,false,3,3 BERKSHIRE LN BURR RIDGE IL 60527,,,,,3920.3999999999996,226510.0
dupage,0936109009,2024-09-09,850000.0,R2024-054926,trustee,false,3,9 BRISTOL CT BURR RIDGE IL 60527,,,,,3920.3999999999996,212360.0
dupage,0936109013,2023-08-28,789900.0,R2023-058941,trustee,false,3,13 LAKE RIDGE CLUB CT BURR RIDGE IL 60527,,,,,3920.3999999999996,209940.0
dupage,0936109026,2024-08-02,395000.0,R2024-045858,trustee,false,2,26 LAKE RIDGE CLUB DR BURR RIDGE IL 60527,,,,,3920.3999999999996,242308.0
dupage,0936109028,2024-05-30,900000.0,R2024-033798,trustee,false,3,28 LAKE RIDGE CLUB BURR RIDGE IL 60521,,,,,3920.3999999999996,243047.0
dupage,0936109036,2023-08-29,800000.0,R2023-060734,trustee,false,3,36 LANCASTER CT BURR RIDGE IL 60527,,,,,3920.3999999999996,220150.0
dupage,0936109042,2024-09-27,940000.0,R2024-059766,warranty,true,3,42 DURHAM CT BURR RIDGE IL 60527,,,,,3920.3999999999996,259963.0
dupage,0936109043,2022-12-07,595000.0,R2022-108948,trustee,false,3,43 DURHAM CT BURR RIDGE IL 60527,,,,,3920.3999999999996,240190.0
dupage,0936109066,2021-03-03,730000.0,R2021-068900,warranty,true,3,66 BERKSHIRE CT BURR RIDGE IL 60527,,,,,3920.3999999999996,211100.0
dupage,0936109067,2022-10-24,715000.0,R2022-096832,warranty,true,3,67 BERKSHIRE CT BURR RIDGE IL 60527,,,,,3920.3999999999996,233490.0
dupage,0936109075,2022-02-15,735000.0,R2022-025545,warranty,true,3,15W521 81ST ST BURR RIDGE IL 60527,,,,,17424.0,286720.0
dupage,0936200011,2021-05-18,355000.0,R2021-078168,warranty,true,3,7906 GARFIELD AVE BURR RIDGE IL 60527,,,,,1306.8,101670.0
dupage,0936200030,2021-06-14,1375000.0,R2021-153476,warranty,true,3,351 HIGHLAND CT WILLOWBROOK IL 60527,,,,,30491.999999999996,507860.0
dupage,0936200037,2024-07-11,3500000.0,R2024-040460,warranty,true,3,367 OLD OAK CT BURR RIDGE IL 60527,,,,,35719.2,785761.0
dupage,0936201006,2024-09-12,695250.0,R2024-056237,warranty,false,2,15W214 81ST ST BURR RIDGE IL 60527,,,,,102801.59999999999,359170.0
dupage,0936201018,2024-10-23,2500000.0,R2024-065460,warranty,true,3,8025 HAMILTON AVE BURR RIDGE IL 60527,,,,,50529.6,456180.0
dupage,0936202016,2024-02-16,320000.0,R2024-010215,warranty,true,3,7950 S COUNTY LINE RD BURR RIDGE IL 60527,,,,,49658.399999999994,109270.0
dupage,0936202017,2024-10-11,320000.0,R2024-060821,warranty,true,3,7954 S COUNTY LINE RD BURR RIDGE IL 60527,,,,,49658.399999999994,109270.0
dupage,0936203002,2021-04-13,450100.0,R2021-075768,trustee,false,3,8100 GARFIELD AVE BURR RIDGE IL 60527,,,,,16117.199999999999,176090.0
dupage,0936204008,2022-08-24,500000.0,R2022-088329,trustee,false,3,8123 GARFIELD AVE BURR RIDGE IL 60527,,,,,16117.199999999999,177990.0
dupage,0936204014,2021-06-08,469900.0,R2021-132058,trustee,false,3,8124 S PARK AVE BURR RIDGE IL 60527,,,,,16117.199999999999,186290.0
dupage,0936204015,2023-10-12,641600.0,R2023-066883,warranty,true,3,8130 S PARK AVE BURR RIDGE IL 60527,,,,,16117.199999999999,208640.0
dupage,0936205003,2022-03-03,450000.0,R2022-026604,warranty,true,3,8200 KATHRYN CT BURR RIDGE IL 60527,,,,,17859.6,177280.0
dupage,0936206008,2021-01-21,1850000.0,R2021-013803,trustee,false,3,15W201 81ST ST BURR RIDGE IL 60527,,,,,108028.8,669420.0
dupage,0936206012,2022-04-15,590000.0,R2022-042923,other,false,2,8133 KATHRYN CT BURR RIDGE IL 60527,,,,,16117.199999999999,217700.0
dupage,0936206016,2024-08-02,805000.0,R2024-053262,trustee,false,3,8205 KATHRYN CT BURR RIDGE IL 60527,,,,,16117.199999999999,218267.0
dupage,0936207002,2021-06-01,665000.0,R2021-085624,trustee,false,3,8215 KATHRYN CT BURR RIDGE IL 60527,,,,,16117.199999999999,214150.0
dupage,0936208005,2023-06-23,1125000.0,R2023-040889,trustee,false,3,8000 S COUNTY LINE RD BURR RIDGE IL 60527,,,,,175111.19999999998,170150.0
dupage,0936208012,2021-11-17,775000.0,R2021-169507,warranty,true,3,8223 WINDSOR CT BURR RIDGE IL 60527,,,,,16988.4,221930.0
dupage,0936208013,2021-04-16,1230000.0,R2021-064167,warranty,true,3,15W140 83RD ST BURR RIDGE IL 60527,,,,,156816.0,409960.0
dupage,0936209006,2021-02-10,220000.0,R2021-027596,other,false,3,"15W345 81ST ST # 2-2 BURR RIDGE IL 60527",,,,,235659.6,73680.0
dupage,0936209007,2024-05-29,300000.0,R2024-034792,warranty,true,3,"15W345 81ST ST # 2-3 BURR RIDGE IL 60527",,,,,235659.6,74166.0
dupage,0936209009,2023-10-06,250000.0,R2023-065947,warranty,true,3,"8090 GARFIELD AVE # 3-1 BURR RIDGE IL 60527",,,,,235659.6,68180.0
dupage,0936209014,2024-08-15,329000.0,R2024-049385,warranty,true,3,"8094 GARFIELD AVE # 4-2 BURR RIDGE IL 60527",,,,,235659.6,74166.0
dupage,0936209015,2021-02-25,175500.0,R2021-033681,trustee,false,3,"8094 GARFIELD AVE # 4-3 BURR RIDGE IL 60527",,,,,235659.6,58540.0
dupage,0936209019,2021-04-14,210000.0,R2021-062714,warranty,true,3,"8098 GARFIELD AVE # 5-3 BURR RIDGE IL 60527",,,,,235659.6,58540.0
dupage,0936209022,2024-10-03,285000.0,R2024-063335,warranty,true,3,"8082 S GARFIELD AVE # 6-2 BURR RIDGE IL 60527",,,,,235659.6,74166.0
dupage,0936209023,2021-09-30,230000.0,R2021-149666,warranty,true,3,"8082 GARFIELD AVE # 6-3 BURR RIDGE IL 60527",,,,,235659.6,73680.0
dupage,0936209030,2021-04-21,225000.0,R2021-099266,trustee,false,3,"8074 GARFIELD AVE # 2 BURR RIDGE IL 60527",,,,,235659.6,73680.0
dupage,0936209034,2021-03-30,170000.0,R2021-054331,trustee,false,3,"8078 GARFIELD AVE # 9-2 BURR RIDGE IL 60527",,,,,235659.6,58540.0
dupage,0936209044,2024-06-18,305000.0,R2024-037215,trustee,false,3,"8066 GARFIELD AVE # 4 BURR RIDGE IL 60527",,,,,235659.6,74166.0
dupage,0936209060,2021-02-09,216000.0,R2021-023419,warranty,true,3,"7986 GARFIELD AVE # 15-4 BURR RIDGE IL 60527",,,,,235659.6,58540.0
dupage,0936210002,2021-07-06,229000.0,R2021-146027,warranty,true,3,"7970 GARFIELD AVE # 102 BURR RIDGE IL 60527",,,,,72745.2,63840.0
dupage,0936210018,2023-05-25,200000.0,R2023-034842,warranty,true,3,"7962 S GARFIELD AVE # 110 BURR RIDGE IL 60521",,,,,72745.2,71050.0
dupage,0936210020,2023-04-12,240000.0,R2023-028041,trustee,false,3,"7966 GARFIELD AVE # 112 BURR RIDGE IL 60521",,,,,72745.2,80210.0
dupage,0936210021,2022-07-01,270000.0,R2022-079740,trustee,false,3,"7958 GARFIELD AVE # 207 BURR RIDGE IL 60527",,,,,72745.2,78950.0
dupage,0936300012,2022-11-14,660000.0,R2022-111039,warranty,true,3,750 CAMBRIDGE DR BURR RIDGE IL 60527,,,,,20037.600000000002,190470.0
dupage,0936300024,2022-02-03,1260000.0,R2022-013190,warranty,true,3,8310 WATERVIEW CT BURR RIDGE IL 60527,,,,,33541.200000000004,457570.0
dupage,0936301019,2024-09-20,1700000.0,R2024-061517,trustee,false,3,122 KRAML DR BURR RIDGE IL 60527,,,,,41382.0,520360.0
dupage,0936301023,2024-09-10,1575000.0,R2024-055574,warranty,true,3,7 SHILOH CT BURR RIDGE IL 60527,,,,,25264.8,208347.0
dupage,0936301025,2024-06-07,1360000.0,R2024-040554,trustee,false,3,8 SHILOH CT BURR RIDGE IL 60527,,,,,27878.4,468461.0
dupage,0936302010,2022-10-03,500000.0,R2022-100005,trustee,false,3,8436 CLYNDERVEN RD BURR RIDGE IL 60527,,,,,12632.4,169820.0
dupage,0936302011,2023-03-15,553000.0,R2023-020487,warranty,true,3,8448 CLYNDERVEN RD BURR RIDGE IL 60527,,,,,12632.4,161080.0
dupage,0936302018,2022-09-28,425000.0,R2022-090348,trustee,false,3,8473 CANTERBERRY DR BURR RIDGE IL 60527,,,,,20473.199999999997,204850.0
dupage,0936304011,2023-01-03,560000.0,R2023-003586,warranty,true,3,8485 CLYNDERVEN RD BURR RIDGE IL 60527,,,,,13939.2,179840.0
dupage,0936304024,2021-06-25,525000.0,R2021-144543,warranty,true,3,8499 CLYNDERVEN RD BURR RIDGE IL 60527,,,,,13939.2,191300.0
dupage,0936304039,2023-09-13,785000.0,R2023-061745,warranty,true,3,8498 WALREDON AVE BURR RIDGE IL 60527,,,,,14374.800000000001,196660.0
dupage,0936304046,2022-04-15,480000.0,R2022-044560,warranty,true,3,8549 CLYNDERVEN RD BURR RIDGE IL 60527,,,,,13939.2,187000.0
dupage,0936107006,2024-09-03,612000.0,R2024-059581,warranty,true,3,8201 RIDGEPOINTE DR BURR RIDGE IL 60527,,,,,20037.600000000002,248954.0
dupage,0936109013,2023-04-30,745000.0,R2023-037089,warranty,true,3,13 LAKE RIDGE CLUB CT BURR RIDGE IL 60527,,,,,3920.3999999999996,209940.0
dupage,0936305009,2024-04-11,775000.0,R2024-021708,trustee,false,3,8461 WALREDON AVE BURR RIDGE IL 60527,,,,,12196.800000000001,185284.0
dupage,0936305011,2024-07-11,850000.0,DPSOA-24039048,warranty,true,3,8336 DOLFOR CV BURR RIDGE IL 60527,,,,,13503.6,208759.0
dupage,0936305019,2024-08-21,765000.0,DPSOA-24048314,warranty,true,3,8460 DOLFOR CV BURR RIDGE IL 60527,,,,,12196.800000000001,145612.0
dupage,0936305019,2021-06-25,382500.0,R2021-143004,executor,false,3,8460 DOLFOR CV BURR RIDGE IL 60527,,,,,12196.800000000001,162930.0
dupage,0936305020,2024-08-30,610000.0,DPSOA-24050983,trustee,false,3,8472 DOLFOR COVE BURR RIDGE IL 60527,,,,,12196.800000000001,201906.0
dupage,0936306004,2022-05-20,550000.0,DPSOA-50169,warranty,true,3,401 KIRKWOOD COVE BURR RIDGE IL 60527,,,,,16552.8,183340.0
dupage,0936307004,2021-06-04,525000.0,DPSOA-86183,warranty,true,3,400 KIRKWOOD CV BURR RIDGE IL 60527,,,,,16552.8,174980.0
dupage,0936309004,2022-06-15,715000.0,R2022-059137,warranty,true,3,8485 DOLFOR CV BURR RIDGE IL 60527,,,,,14810.400000000001,199000.0
dupage,0936309005,2021-07-01,710000.0,R2021-106682,warranty,true,3,8495 DOLFOR CV BURR RIDGE IL 60527,,,,,14374.800000000001,158110.0
dupage,0936309008,2023-12-11,737000.0,DPSOA-23078580,warranty,true,3,402 PARKVIEW PL BURR RIDGE IL 60527,,,,,15681.599999999999,199440.0
dupage,0936309028,2024-01-17,780000.0,DPSOA-24002811,warranty,true,3,8560 DOLFOR COVE BURR RIDGE IL 60527,,,,,15245.999999999998,204136.0
dupage,0936309028,2023-12-15,780000.0,R2024-002811,warranty,true,3,8560 DOLFOR COVE BURR RIDGE IL 60527,,,,,15245.999999999998,187660.0
dupage,0936309042,2024-11-22,680000.0,DPSOA-24070071,trustee,false,3,484 PARKVIEW PL BURR RIDGE IL 60527,,,,,13939.2,192519.0
dupage,0936310008,2021-11-08,700000.0,R2021-170559,warranty,true,3,8460 KIMBERLY CT BURR RIDGE IL 60527,,,,,20908.8,210170.0
dupage,0936310009,2024-10-29,845000.0,DPSOA-24064427,warranty,true,3,8472 KIMBERLY CT BURR RIDGE IL 60527,,,,,20908.8,253631.0
dupage,0936310024,2021-07-08,757500.0,R2021-116922,warranty,true,3,651 CAMELOT DR BURR RIDGE IL 60527,,,,,20908.8,241900.0
dupage,0936310028,2023-07-27,615000.0,DPSOA-23047399,executor,false,3,611 BRIARWOOD DR BURR RIDGE IL 60521,,,,,18730.8,224980.0
dupage,0936311024,2021-06-28,637000.0,R2021-104457,warranty,true,3,475 87TH ST BURR RIDGE IL 60527,,,,,13939.2,186340.0
dupage,0936311025,2021-04-30,530000.0,DPSOA-68551,other,false,3,15W487 87TH ST BURR RIDGE IL 60527,,,,,13939.2,197640.0
dupage,0936311032,2022-04-18,553450.0,DPSOA-39088,warranty,true,3,573 87TH ST BURR RIDGE IL 60527,,,,,16117.199999999999,212460.0
dupage,0936311042,2021-08-25,780000.0,DPSOA-127539,warranty,true,3,560 CONWAY CT BURR RIDGE IL 60527,,,,,14810.400000000001,235490.0
dupage,0936312001,2021-08-30,1030000.0,DPSOA-130168,other,false,3,131 KRAML DR BURR RIDGE IL 60527,,,,,30491.999999999996,396300.0
dupage,0936312006,2023-11-13,1325000.0,DPSOA-23072979,warranty,true,3,4 ROANOKE CT BURR RIDGE IL 60527,,,,,24393.600000000002,458850.0
dupage,0936312008,2021-02-19,1280000.0,DPSOA-27425,warranty,true,3,3 ROANOKE CT BURR RIDGE IL 60527,,,,,32234.399999999998,446660.0
dupage,0936312011,2021-10-25,265000.0,DPSOA-156697,warranty,true,3,105 KRAML DR WILLOWBROOK IL 60527,,,,,20908.8,126890.0
dupage,0936312015,2022-05-11,950000.0,DPSOA-47051,warranty,true,3,141 KRAML DR BURR RIDGE IL 60527,,,,,27007.2,368470.0
dupage,0936400038,2022-04-08,725000.0,DPSOA-36098,warranty,true,3,8300 S COUNTY LINE RD BURR RIDGE IL 60527,,,,,70567.20000000001,260550.0
dupage,0936402010,2021-07-14,480000.0,DPSOA-106776,warranty,true,3,333 TAMERTON PKWY BURR RIDGE IL 60527,,,,,14374.800000000001,202800.0
dupage,0936403009,2021-12-29,680000.0,DPSOA-184361,other,false,3,8436 HEATHER CT BURR RIDGE IL 60527,,,,,15245.999999999998,235880.0
dupage,0936403012,2021-10-12,545000.0,DPSOA-150083,other,false,3,8413 HEATHER CT BURR RIDGE IL 60527,,,,,19602.0,201650.0
dupage,0936403015,2022-01-03,590000.0,DPSOA-577,warranty,true,3,8424 S PARK AVE BURR RIDGE IL 60527,,,,,15681.599999999999,196650.0
dupage,0936403015,2021-12-27,590000.0,R2022-000577,warranty,true,3,8424 S PARK AVE BURR RIDGE IL 60527,,,,,15681.599999999999,220840.0
dupage,0936404002,2023-06-22,555000.0,DPSOA-23038990,warranty,true,3,8313 PARK AVE BURR RIDGE IL 60527,,,,,13503.6,156120.0
dupage,0936404005,2024-08-08,720000.0,DPSOA-24045537,warranty,true,3,8349 S PARK AVE BURR RIDGE IL 60527,,,,,13503.6,206377.0
dupage,0936404007,2022-12-12,545000.0,DPSOA-22107287,trustee,false,3,8401 S PARK AVE BURR RIDGE IL 60527,,,,,17424.0,210960.0
dupage,0936404011,2021-09-01,779000.0,DPSOA-131729,warranty,true,3,8449 S PARK AVE BURR RIDGE IL 60527,,,,,16117.199999999999,216510.0
dupage,0936404017,2024-10-02,651600.0,DPSOA-24057879,warranty,true,3,217 LAKEWOOD CIR BURR RIDGE IL 60527,,,,,20037.600000000002,240173.0
dupage,0936404032,2022-02-17,919900.0,DPSOA-18323,other,false,3,24 DEER PATH TRL BURR RIDGE IL 60527,,,,,27007.2,334300.0
dupage,0936404032,2021-11-11,919900.0,R2022-018323,trustee,false,3,24 DEER PATH TRL BURR RIDGE IL 60527,,,,,27007.2,330500.0
dupage,0936404033,2022-01-25,770000.0,R2022-016597,warranty,true,3,20 DEER PATH TRL BURR RIDGE IL 60527,,,,,33105.6,200180.0
dupage,0936404043,2022-04-29,910000.0,DPSOA-43201,warranty,true,3,11 COVE CT BURR RIDGE IL 60527,,,,,30056.399999999998,390430.0
dupage,0936404047,2024-08-09,1550000.0,DPSOA-24045740,warranty,true,3,9 HIDDEN LAKE DR BURR RIDGE IL 60527,,,,,20473.199999999997,421120.0
dupage,0936405005,2022-07-15,665000.0,DPSOA-22067848,warranty,true,3,8532 HEATHER DR BURR RIDGE IL 60527,,,,,19602.0,177030.0
dupage,0936405007,2023-12-08,860000.0,DPSOA-23078119,trustee,false,3,8564 HEATHER DR BURR RIDGE IL 60527,,,,,19602.0,221960.0
dupage,0936405009,2022-06-15,390000.0,R2022-059102,trustee,false,3,8616 HEATHER DR BURR RIDGE IL 60527,,,,,19602.0,133320.0
dupage,0936405011,2023-05-11,729000.0,DPSOA-23028876,warranty,true,3,8648 HEATHER DR BURR RIDGE IL 60527,,,,,19602.0,242980.0
dupage,0936405013,2022-10-18,550000.0,DPSOA-22094407,warranty,true,3,8680 HEATHER DR BURR RIDGE IL 60527,,,,,21780.0,219290.0
dupage,0936406005,2024-06-27,830000.0,DPSOA-24036143,warranty,true,3,8565 HEATHER DR BURR RIDGE IL 60527,,,,,18730.8,265097.0
dupage,0936406006,2022-07-22,849000.0,R2022-076646,trustee,false,3,8601 HEATHER DR BURR RIDGE IL 60527,,,,,18730.8,225170.0
dupage,0936406008,2022-03-28,775000.0,DPSOA-31369,warranty,true,3,8633 HEATHER DR BURR RIDGE IL 60527,,,,,18730.8,306460.0
dupage,0936406015,2023-05-11,715000.0,DPSOA-23028724,warranty,true,3,250 LAKEWOOD CIR BURR RIDGE IL 60527,,,,,19166.4,236960.0
dupage,0936406017,2023-11-28,899000.0,DPSOA-23075770,warranty,true,3,105 LAKEWOOD CIR BURR RIDGE IL 60521,,,,,25700.399999999998,251990.0
dupage,0936406023,2024-12-24,660500.0,DPSOA-24076675,warranty,true,3,8564 WEDGEWOOD DR BURR RIDGE IL 60527,,,,,18730.8,215787.0
dupage,0936407020,2022-09-29,1200000.0,DPSOA-22089189,warranty,true,3,2 HIDDEN LAKE DR BURR RIDGE IL 60527,,,,,44431.200000000004,482730.0
dupage,0936408001,2021-08-02,555000.0,DPSOA-115892,other,false,3,73 DEER PATH TRL BURR RIDGE IL 60527,,,,,34412.4,208700.0
dupage,0936408005,2021-01-29,771500.0,R2021-019443,warranty,true,3,55 DEER PATH LN OAK BROOK IL 60523,,,,,20037.600000000002,274940.0
dupage,0936408023,2023-03-20,700000.0,DPSOA-23016809,warranty,true,3,8324 S COUNTY LINE RD BURR RIDGE IL 60527,,,,,33105.6,212450.0
dupage,0936408026,2024-07-09,2299000.0,DPSOA-24038526,trustee,false,3,8301 FARS COVE BURR RIDGE IL 60527,,,,,38332.8,471268.0
dupage,1001100037,2023-09-06,270000.0,DGT-1001100037-2023-09-06,warranty,true,3,8740 POLO RIDGE CT BURR RIDGE IL 60527,,,,,25700.399999999998,68610.0
dupage,1001102006,2021-09-01,940000.0,DGT-1001102006-2021-09-01,warranty,true,3,15W627 89TH ST BURR RIDGE IL 60527,,,,,35283.600000000006,303780.0
dupage,1001102009,2024-06-05,1500000.0,DPSOA-24031116,trustee,false,3,10S260 GRANT ST BURR RIDGE IL 60527,,,,,35719.2,313124.0
dupage,1001102010,2024-06-10,345000.0,DPSOA-24031919,trustee,false,3,10S280 GRANT ST BURR RIDGE IL 60527,,,,,35283.600000000006,101818.0
dupage,1001103012,2021-05-24,990000.0,DPSOA-80056,warranty,true,3,9000 TURNBERRY DR BURR RIDGE IL 60527,,,,,27442.8,384910.0
dupage,1001105007,2024-07-08,984000.0,DPSOA-24038290,warranty,true,3,8749 AINTREE LN BURR RIDGE IL 60527,,,,,22215.600000000002,271819.0
dupage,1001105007,2021-10-15,725000.0,R2021-163909,warranty,true,3,8749 AINTREE LN BURR RIDGE IL 60527,,,,,22215.600000000002,203730.0
dupage,1001106002,2021-04-30,620000.0,DPSOA-68058,warranty,true,3,1 HUNTER CT BURR RIDGE IL 60527,,,,,20037.600000000002,206650.0
dupage,1001106007,2024-11-25,953000.0,DGT-1001106007-2024-11-25,warranty,true,3,2 HUNTER CT BURR RIDGE IL 60527,,,,,20037.600000000002,287353.0
dupage,1001106007,2023-03-20,885000.0,DPSOA-23016596,warranty,true,3,2 HUNTER CT BURR RIDGE IL 60527,,,,,20037.600000000002,264160.0
dupage,1001106017,2023-11-07,818000.0,DPSOA-23071788,trustee,false,3,2 DEVON CT BURR RIDGE IL 60527,,,,,20037.600000000002,261240.0
dupage,1001107009,2021-02-16,520000.0,DPSOA-24472,warranty,true,3,500 DEVON DR BURR RIDGE IL 60527,,,,,20037.600000000002,261210.0
dupage,1001107013,2021-01-15,550000.0,DPSOA-7781,other,false,3,420 DEVON DR BURR RIDGE IL 60527,,,,,20037.600000000002,209890.0
dupage,1001107025,2022-10-19,675000.0,DPSOA-22094914,trustee,false,3,8815 AINTREE LN BURR RIDGE IL 60527,,,,,24829.199999999997,244960.0
dupage,1001107026,2021-12-07,609375.0,DPSOA-175407,other,false,3,620 DEVON DR BURR RIDGE IL 60527,,,,,21344.399999999998,267310.0
dupage,1001107029,2022-02-01,855000.0,DGT-1001107029-2022-02-01,warranty,true,3,8733 POLO RIDGE CT BURR RIDGE IL 60527,,,,,27007.2,270200.0
dupage,1001108002,2022-03-28,910000.0,DPSOA-31923,other,false,3,421 WESTMINSTER DR BURR RIDGE IL 60527,,,,,22651.2,248170.0
dupage,1001109005,2022-05-01,850000.0,DGT-1001109005-2022-05-01,warranty,true,3,3 MORGAN CT BURR RIDGE IL 60527,,,,,24829.199999999997,245380.0
dupage,1001109015,2023-09-07,899000.0,DPSOA-23057707,warranty,true,3,8 MORGAN CT BURR RIDGE IL 60527,,,,,30056.399999999998,219340.0
dupage,1001200002,2021-03-01,905000.0,DGT-1001200002-2021-03-01,warranty,true,3,15W351 87TH ST BURR RIDGE IL 60527,,,,,152460.0,301640.0
dupage,1001201026,2023-08-21,5100000.0,DPSOA-23053481,trustee,false,3,15W181 87TH ST BURR RIDGE IL 60527,,,,,138085.19999999998,760780.0
dupage,0936305011,2024-07-09,850000.0,R2024-039048,warranty,true,3,8336 DOLFOR CV BURR RIDGE IL 60527,,,,,13503.6,208759.0
dupage,0936305019,2024-07-26,765000.0,R2024-048314,warranty,true,3,8460 DOLFOR CV BURR RIDGE IL 60527,,,,,12196.800000000001,145612.0
dupage,0936305020,2024-07-29,610000.0,R2024-050983,trustee,false,3,8472 DOLFOR COVE BURR RIDGE IL 60527,,,,,12196.800000000001,201906.0
dupage,0936306004,2022-10-31,715000.0,R2022-099076,warranty,true,3,401 KIRKWOOD COVE BURR RIDGE IL 60527,,,,,16552.8,183340.0
dupage,0936307004,2021-05-10,525000.0,R2021-086183,warranty,true,3,400 KIRKWOOD CV BURR RIDGE IL 60527,,,,,16552.8,174980.0
dupage,0936309008,2023-11-06,737000.0,R2023-078580,warranty,true,3,402 PARKVIEW PL BURR RIDGE IL 60527,,,,,15681.599999999999,199440.0
dupage,0936309042,2024-11-06,680000.0,R2024-070071,trustee,false,3,484 PARKVIEW PL BURR RIDGE IL 60527,,,,,13939.2,192519.0
dupage,0936310009,2024-10-23,845000.0,R2024-064427,warranty,true,3,8472 KIMBERLY CT BURR RIDGE IL 60527,,,,,20908.8,253631.0
dupage,0936310028,2023-07-14,615000.0,R2023-047399,executor,false,3,611 BRIARWOOD DR BURR RIDGE IL 60521,,,,,18730.8,224980.0
dupage,0936311025,2021-04-19,530000.0,R2021-068551,trustee,false,3,15W487 87TH ST BURR RIDGE IL 60527,,,,,13939.2,197640.0
dupage,0936311032,2022-03-21,553450.0,R2022-039088,warranty,true,3,573 87TH ST BURR RIDGE IL 60527,,,,,16117.199999999999,212460.0
dupage,0936311042,2021-08-12,780000.0,R2021-127539,warranty,true,3,560 CONWAY CT BURR RIDGE IL 60527,,,,,14810.400000000001,235490.0
dupage,0936312001,2021-07-20,1030000.0,R2021-130168,trustee,false,3,131 KRAML DR BURR RIDGE IL 60527,,,,,30491.999999999996,396300.0
dupage,0936312006,2023-11-10,1325000.0,R2023-072979,warranty,true,3,4 ROANOKE CT BURR RIDGE IL 60527,,,,,24393.600000000002,458850.0
dupage,0936312011,2021-08-26,265000.0,R2021-156697,warranty,true,3,105 KRAML DR WILLOWBROOK IL 60527,,,,,20908.8,126890.0
dupage,0936312015,2022-04-15,950000.0,R2022-047051,warranty,true,3,141 KRAML DR BURR RIDGE IL 60527,,,,,27007.2,368470.0
dupage,0936400038,2022-04-01,725000.0,R2022-036098,warranty,true,3,8300 S COUNTY LINE RD BURR RIDGE IL 60527,,,,,70567.20000000001,260550.0
dupage,0936402010,2021-05-24,480000.0,R2021-106776,warranty,true,3,333 TAMERTON PKWY BURR RIDGE IL 60527,,,,,14374.800000000001,202800.0
dupage,0936403009,2021-12-14,680000.0,R2021-184361,trustee,false,3,8436 HEATHER CT BURR RIDGE IL 60527,,,,,15245.999999999998,235880.0
dupage,0936403012,2021-09-28,545000.0,R2021-150083,trustee,false,3,8413 HEATHER CT BURR RIDGE IL 60527,,,,,19602.0,201650.0
dupage,0936404002,2023-05-09,555000.0,R2023-038990,warranty,true,3,8313 PARK AVE BURR RIDGE IL 60527,,,,,13503.6,156120.0
dupage,0936404005,2024-07-17,720000.0,R2024-045537,warranty,true,3,8349 S PARK AVE BURR RIDGE IL 60527,,,,,13503.6,206377.0
dupage,0936404007,2022-11-09,545000.0,R2022-107287,trustee,false,3,8401 S PARK AVE BURR RIDGE IL 60527,,,,,17424.0,210960.0
dupage,0936404011,2021-08-31,779000.0,R2021-131729,warranty,true,3,8449 S PARK AVE BURR RIDGE IL 60527,,,,,16117.199999999999,216510.0
dupage,0936404017,2024-09-17,651600.0,R2024-057879,warranty,true,3,217 LAKEWOOD CIR BURR RIDGE IL 60527,,,,,20037.600000000002,240173.0
dupage,0936404043,2022-04-21,910000.0,R2022-043201,warranty,true,3,11 COVE CT BURR RIDGE IL 60527,,,,,30056.399999999998,390430.0
dupage,0936404047,2024-06-29,1550000.0,R2024-045740,warranty,true,3,9 HIDDEN LAKE DR BURR RIDGE IL 60527,,,,,20473.199999999997,421120.0
dupage,0936405005,2022-06-13,665000.0,R2022-067848,warranty,true,3,8532 HEATHER DR BURR RIDGE IL 60527,,,,,19602.0,177030.0
dupage,0936405007,2023-12-06,860000.0,R2023-078119,trustee,false,3,8564 HEATHER DR BURR RIDGE IL 60527,,,,,19602.0,221960.0
dupage,0936405011,2023-04-18,729000.0,R2023-028876,warranty,true,3,8648 HEATHER DR BURR RIDGE IL 60527,,,,,19602.0,242980.0
dupage,0936405013,2022-10-14,550000.0,R2022-094407,warranty,true,3,8680 HEATHER DR BURR RIDGE IL 60527,,,,,21780.0,219290.0
dupage,0936406005,2024-05-29,830000.0,R2024-036143,warranty,true,3,8565 HEATHER DR BURR RIDGE IL 60527,,,,,18730.8,265097.0
dupage,0936406008,2022-03-18,775000.0,R2022-031369,warranty,true,3,8633 HEATHER DR BURR RIDGE IL 60527,,,,,18730.8,306460.0
dupage,0936406015,2023-04-27,715000.0,R2023-028724,warranty,true,3,250 LAKEWOOD CIR BURR RIDGE IL 60527,,,,,19166.4,236960.0
dupage,0936406017,2023-11-07,899000.0,R2023-075770,warranty,true,3,105 LAKEWOOD CIR BURR RIDGE IL 60521,,,,,25700.399999999998,251990.0
dupage,0936406023,2024-12-09,660500.0,R2024-076675,warranty,true,3,8564 WEDGEWOOD DR BURR RIDGE IL 60527,,,,,18730.8,215787.0
dupage,0936407020,2022-08-17,1200000.0,R2022-089189,warranty,true,3,2 HIDDEN LAKE DR BURR RIDGE IL 60527,,,,,44431.200000000004,482730.0
dupage,0936408001,2021-07-26,555000.0,R2021-115892,trustee,false,3,73 DEER PATH TRL BURR RIDGE IL 60527,,,,,34412.4,208700.0
dupage,0936408023,2023-03-02,700000.0,R2023-016809,warranty,true,3,8324 S COUNTY LINE RD BURR RIDGE IL 60527,,,,,33105.6,212450.0
dupage,0936408026,2024-06-06,2299000.0,R2024-038526,trustee,false,3,8301 FARS COVE BURR RIDGE IL 60527,,,,,38332.8,471268.0
dupage,1001100037,2023-09-06,270000.0,R2023-064286,warranty,true,3,8740 POLO RIDGE CT BURR RIDGE IL 60527,,,,,25700.399999999998,68610.0
dupage,1001102006,2021-09-15,940000.0,R2021-139869,warranty,true,3,15W627 89TH ST BURR RIDGE IL 60527,,,,,35283.600000000006,303780.0
dupage,1001102009,2024-06-04,1500000.0,DGT-1001102009-2024-06-04,warranty,true,3,10S260 GRANT ST BURR RIDGE IL 60527,,,,,35719.2,313124.0
dupage,1001102010,2024-05-21,345000.0,DGT-1001102010-2024-05-21,warranty,true,3,10S280 GRANT ST BURR RIDGE IL 60527,,,,,35283.600000000006,101818.0
dupage,1001103012,2021-05-01,990000.0,DGT-1001103012-2021-05-01,warranty,true,3,9000 TURNBERRY DR BURR RIDGE IL 60527,,,,,27442.8,384910.0
dupage,1001105007,2024-06-01,984000.0,DGT-1001105007-2024-06-01,warranty,true,3,8749 AINTREE LN BURR RIDGE IL 60527,,,,,22215.600000000002,271819.0
dupage,1001106002,2021-02-01,620000.0,DGT-1001106002-2021-02-01,warranty,true,3,1 HUNTER CT BURR RIDGE IL 60527,,,,,20037.600000000002,206650.0
dupage,1001106007,2024-11-25,953000.0,R2025-000678,warranty,true,3,2 HUNTER CT BURR RIDGE IL 60527,,,,,20037.600000000002,287353.0
dupage,1001106007,2023-03-15,885000.0,R2023-016596,warranty,true,3,2 HUNTER CT BURR RIDGE IL 60527,,,,,20037.600000000002,264160.0
dupage,1001106017,2023-10-25,818000.0,R2023-071788,trustee,false,3,2 DEVON CT BURR RIDGE IL 60527,,,,,20037.600000000002,261240.0
dupage,1001107025,2022-10-14,675000.0,DGT-1001107025-2022-10-14,warranty,true,3,8815 AINTREE LN BURR RIDGE IL 60527,,,,,24829.199999999997,244960.0
dupage,1001107026,2021-10-01,609375.0,DGT-1001107026-2021-10-01,warranty,true,3,620 DEVON DR BURR RIDGE IL 60527,,,,,21344.399999999998,267310.0
dupage,1001107029,2022-02-16,855000.0,R2022-020766,warranty,true,3,8733 POLO RIDGE CT BURR RIDGE IL 60527,,,,,27007.2,270200.0
dupage,1001108002,2022-03-01,910000.0,DGT-1001108002-2022-03-01,warranty,true,3,421 WESTMINSTER DR BURR RIDGE IL 60527,,,,,22651.2,248170.0
dupage,1001109005,2022-05-05,850000.0,R2022-048566,warranty,true,3,3 MORGAN CT BURR RIDGE IL 60527,,,,,24829.199999999997,245380.0
dupage,1001109015,2023-08-30,899000.0,R2023-057707,warranty,true,3,8 MORGAN CT BURR RIDGE IL 60527,,,,,30056.399999999998,219340.0
dupage,1001200002,2021-03-11,905000.0,R2021-045260,warranty,true,3,15W351 87TH ST BURR RIDGE IL 60527,,,,,152460.0,301640.0
dupage,1001201026,2023-08-15,5100000.0,R2023-053481,trustee,false,3,15W181 87TH ST BURR RIDGE IL 60527,,,,,138085.19999999998,760780.0
dupage,0936306004,2022-05-09,550000.0,R2022-050169,warranty,true,3,401 KIRKWOOD COVE BURR RIDGE IL 60527,,,,,16552.8,183340.0
dupage,0936309008,2023-03-09,465000.0,R2023-015756,warranty,true,3,402 PARKVIEW PL BURR RIDGE IL 60527,,,,,15681.599999999999,199440.0
dupage,1001102009,2024-06-04,1500000.0,R2024-031116,trustee,false,3,10S260 GRANT ST BURR RIDGE IL 60527,,,,,35719.2,313124.0
dupage,1001102010,2024-05-21,345000.0,R2024-031919,trustee,false,3,10S280 GRANT ST BURR RIDGE IL 60527,,,,,35283.600000000006,101818.0
dupage,1001103012,2021-05-12,990000.0,R2021-080056,warranty,true,3,9000 TURNBERRY DR BURR RIDGE IL 60527,,,,,27442.8,384910.0
dupage,1001105007,2024-06-23,984000.0,R2024-038290,warranty,true,3,8749 AINTREE LN BURR RIDGE IL 60527,,,,,22215.600000000002,271819.0
dupage,1001107025,2022-10-14,675000.0,R2022-094914,trustee,false,3,8815 AINTREE LN BURR RIDGE IL 60527,,,,,24829.199999999997,244960.0
dupage,1001107026,2021-10-20,609375.0,R2021-175407,trustee,false,3,620 DEVON DR BURR RIDGE IL 60527,,,,,21344.399999999998,267310.0
dupage,1001108002,2022-03-21,910000.0,R2022-031923,trustee,false,3,421 WESTMINSTER DR BURR RIDGE IL 60527,,,,,22651.2,248170.0
dupage,1001201041,2021-01-01,219000.0,DGT-1001201041-2021-01-01,warranty,true,3,115 GLENMORA DR BURR RIDGE IL 60527,,,,,2613.6,30.0
dupage,1001203017,2023-02-01,690000.0,DPSOA-23006290,warranty,true,3,2 HANOVER CT BURR RIDGE IL 60527,,,,,20473.199999999997,247490.0
dupage,1001203018,2022-06-01,725000.0,DPSOA-52938,other,false,3,4 HANOVER CT BURR RIDGE IL 60527,,,,,23086.800000000003,236050.0
dupage,1001203031,2021-10-01,795000.0,DGT-1001203031-2021-10-01,warranty,true,3,2 REGENT CT BURR RIDGE IL 60527,,,,,26136.0,229810.0
dupage,1001204006,2022-08-01,795000.0,DPSOA-22072398,warranty,true,3,8721 WEDGEWOOD DR BURR RIDGE IL 60527,,,,,25264.8,93260.0
dupage,1001204007,2022-08-01,795000.0,DPSOA-22072398,warranty,true,3,8721 WEDGEWOOD DR BURR RIDGE IL 60527,,,,,24829.199999999997,226600.0
dupage,1001205001,2024-08-02,910000.0,DPSOA-24044311,warranty,true,3,8920 ROYAL DR BURR RIDGE IL 60521,,,,,27878.4,265695.0
dupage,1001207002,2022-09-23,870000.0,DGT-1001207002-2022-09-23,warranty,true,3,310 DEVON DR BURR RIDGE IL 60527,,,,,23522.4,229610.0
dupage,1001207005,2024-02-06,1075000.0,DPSOA-24006590,warranty,true,3,230 DEVON DR BURR RIDGE IL 60527,,,,,30927.6,323773.0
dupage,1001207008,2021-07-01,635000.0,DGT-1001207008-2021-07-01,warranty,true,3,8931 ROYAL DR BURR RIDGE IL 60527,,,,,22215.600000000002,221280.0
dupage,1001207011,2024-03-13,825000.0,DPSOA-24013317,warranty,true,3,9001 ROYAL DR BURR RIDGE IL 60527,,,,,24829.199999999997,239838.0
dupage,1001207011,2023-10-07,500000.0,R2023-065169,trustee,false,3,9001 ROYAL DR BURR RIDGE IL 60527,,,,,24829.199999999997,220480.0
dupage,1001207035,2024-11-19,950000.0,DPSOA-24069164,warranty,true,3,9011 ENCLAVE DR BURR RIDGE IL 60527,,,,,27442.8,317627.0
dupage,1001207037,2023-08-15,890000.0,DPSOA-23052055,warranty,true,3,3 ENCLAVE CT BURR RIDGE IL 60527,,,,,26571.6,305850.0
dupage,1001207039,2022-06-15,760000.0,DGT-1001207039-2022-06-15,warranty,true,3,4 ENCLAVE CT BURR RIDGE IL 60527,,,,,25264.8,327360.0
dupage,1001207046,2022-09-28,1402000.0,DGT-1001207046-2022-09-28,warranty,true,3,5 NORMAN CT BURR RIDGE IL 60527,,,,,24829.199999999997,334490.0
dupage,1001207049,2021-02-19,1000000.0,DPSOA-27466,other,false,3,2 NORMAN CT BURR RIDGE IL 60527,,,,,26136.0,366010.0
dupage,1001207053,2022-10-28,106000.0,DPSOA-22097376,trustee,false,3,17 ASHTON DR BURR RIDGE IL 60527,,,,,34848.0,70660.0
dupage,1001207057,2024-05-06,925000.0,DPSOA-24024516,warranty,true,3,202 ASHTON DR BURR RIDGE IL 60527,,,,,28749.600000000002,280990.0
dupage,1001207060,2023-04-21,919000.0,DPSOA-23024148,trustee,false,3,152 ASHTON DR BURR RIDGE IL 60521,,,,,21780.0,362360.0
dupage,1001207064,2021-11-17,1800000.0,DPSOA-167775,warranty,true,3,102 ASHTON DR HINSDALE IL 60521,,,,,34848.0,133020.0
dupage,1001207068,2022-01-03,1200000.0,DPSOA-376,warranty,true,3,20 ASHTON DR BURR RIDGE IL 60527,,,,,54450.0,356200.0
dupage,1001207068,2021-12-01,1200000.0,DGT-1001207068-2021-12-01,warranty,true,3,20 ASHTON DR BURR RIDGE IL 60527,,,,,54450.0,399920.0
dupage,1001207071,2021-06-01,1250000.0,DGT-1001207071-2021-06-01,warranty,true,3,160 GLENMORA DR BURR RIDGE IL 60527,,,,,22215.600000000002,327980.0
dupage,1001207073,2022-05-09,285000.0,DPSOA-46222,warranty,true,3,140 GLENMORA DR HINSDALE IL 60521,,,,,29185.2,132190.0
dupage,1001207075,2021-11-04,1000000.0,DPSOA-161728,warranty,true,3,80 ASHTON DR BURR RIDGE IL 60527,,,,,57063.600000000006,517820.0
dupage,1001207076,2021-10-01,1800000.0,DGT-1001207076-2021-10-01,warranty,true,3,9000 COUNTY LINE RD BURR RIDGE IL 60527,,,,,199504.80000000002,193030.0
dupage,1001207081,2023-09-08,215000.0,DPSOA-23057956,warranty,true,3,15W050 91ST ST BURR RIDGE IL 60527,,,,,21780.0,71990.0
dupage,1001209001,2021-08-01,240000.0,DGT-1001209001-2021-08-01,warranty,true,3,8955 GLENMORA LN WILLOWBROOK IL 60527,,,,,22215.600000000002,120490.0
dupage,1001209005,2021-11-01,1826000.0,DGT-1001209005-2021-11-01,warranty,true,3,21 ASHTON DR BURR RIDGE IL 60527,,,,,54450.0,509220.0
dupage,1001209006,2023-06-09,931000.0,DPSOA-23035978,warranty,true,3,8945 GLENMORA LN BURR RIDGE IL 60521,,,,,32670.0,293780.0
dupage,1001209007,2021-02-04,219000.0,DPSOA-19536,warranty,true,3,115 GLENMORA DR BURR RIDGE IL 60527,,,,,43995.6,144520.0
dupage,1001210004,2024-09-16,350000.0,DPSOA-24054122,warranty,true,3,1 SHENANDOAH CT BURR RIDGE IL 60527,,,,,32670.0,143165.0
dupage,1001210006,2021-10-18,1375000.0,DPSOA-153201,other,false,3,5 SHENANDOAH CT BURR RIDGE IL 60527,,,,,30056.399999999998,364860.0
dupage,1001210007,2021-10-01,1375000.0,DGT-1001210007-2021-10-01,warranty,true,3,7 SHENANDOAH CT BURR RIDGE IL 60527,,,,,26571.6,127660.0
dupage,1001210009,2021-02-26,850000.0,DPSOA-30987,warranty,true,3,9 SHENANDOAH CT BURR RIDGE IL 60527,,,,,29620.800000000003,289020.0
dupage,1001300001,2021-01-29,210000.0,DPSOA-15881,warranty,true,3,10S411 MADISON ST BURR RIDGE IL 60527,,,,,20473.199999999997,144640.0
dupage,1001300007,2022-02-01,500000.0,DGT-1001300007-2022-02-01,warranty,true,3,10S424 GLENN DR BURR RIDGE IL 60521,,,,,20037.600000000002,137860.0
dupage,1001301001,2024-09-25,950000.0,DPSOA-24056568,warranty,true,3,10S501 MADISON ST BURR RIDGE IL 60527,,,,,20037.600000000002,245668.0
dupage,1001301002,2024-01-31,387000.0,DPSOA-24005405,warranty,true,3,10S513 MADISON ST BURR RIDGE IL 60527,,,,,20037.600000000002,149159.0
dupage,1001301006,2021-08-01,455000.0,DGT-1001301006-2021-08-01,warranty,true,3,10S571 MADISON ST BURR RIDGE IL 60521,,,,,20037.600000000002,156410.0
dupage,1001301007,2024-10-23,575000.0,DPSOA-24063032,warranty,true,3,10S581 MADISON ST BURR RIDGE IL 60521,,,,,20037.600000000002,159362.0
dupage,1001301011,2021-08-01,775000.0,DGT-1001301011-2021-08-01,warranty,true,3,10S526 GLENN DR BURR RIDGE IL 60527,,,,,20037.600000000002,236070.0
dupage,1001301015,2023-09-15,835000.0,DPSOA-23059839,warranty,true,3,10S580 GLENN DR BURR RIDGE IL 60527,,,,,20037.600000000002,169770.0
dupage,1001301019,2021-11-01,664000.0,DGT-1001301019-2021-11-01,warranty,true,3,10S650 GLENN DR BURR RIDGE IL 60521,,,,,20908.8,232330.0
dupage,1001301022,2024-08-21,948000.0,DPSOA-24048470,warranty,true,3,9305 S MADISON ST BURR RIDGE IL 60527,,,,,20037.600000000002,377249.0
dupage,1001301025,2022-04-19,850000.0,DPSOA-39498,other,false,3,9359 S MADISON ST BURR RIDGE IL 60527,,,,,20037.600000000002,283310.0
dupage,1001302002,2022-03-14,475000.0,DPSOA-26633,other,false,3,10S431 GLENN DR BURR RIDGE IL 60521,,,,,21344.399999999998,155800.0
dupage,1001302009,2023-10-13,476900.0,DPSOA-23066593,warranty,false,2,10S543 GLENN DR BURR RIDGE IL 60527,,,,,20908.8,156850.0
dupage,1001302011,2021-06-15,589000.0,DPSOA-91518,other,false,3,10S575 GLENN DR BURR RIDGE IL 60527,,,,,20908.8,184650.0
dupage,1001302015,2022-04-14,695000.0,DPSOA-37809,warranty,true,3,10S667 GLENN DR BURR RIDGE IL 60527,,,,,22651.2,198230.0
dupage,1001302023,2022-11-29,810000.0,DGT-1001302023-2022-11-29,warranty,true,3,109 OAK RIDGE DR BURR RIDGE IL 60527,,,,,40075.200000000004,270750.0
dupage,1001302024,2024-07-25,885000.0,DPSOA-24042413,warranty,true,3,2 KERI LN BURR RIDGE IL 60527,,,,,40075.200000000004,307260.0
dupage,1001302025,2022-02-25,745000.0,DPSOA-20614,warranty,true,3,4 KERI LN BURR RIDGE IL 60527,,,,,43995.6,288230.0
dupage,1001302025,2021-12-01,745000.0,DGT-1001302025-2021-12-01,warranty,true,3,4 KERI LN BURR RIDGE IL 60527,,,,,43995.6,284950.0
dupage,1001302029,2021-01-13,640000.0,DPSOA-6951,warranty,true,3,113 OAK RIDGE DR E BURR RIDGE IL 60527,,,,,44431.200000000004,263590.0
dupage,1001302032,2022-05-24,725000.0,DPSOA-50782,other,false,3,119 OAK RIDGE DR E BURR RIDGE IL 60527,,,,,42688.799999999996,265150.0
dupage,1001302041,2023-10-18,840000.0,DPSOA-23067492,trustee,false,3,9108 DEVON RIDGE DR BURR RIDGE IL 60527,,,,,20037.600000000002,241850.0
dupage,1001302054,2022-09-01,850000.0,DGT-1001302054-2022-09-01,warranty,true,3,126 CIRCLE RIDGE DR BURR RIDGE IL 60527,,,,,23522.4,254700.0
dupage,1001302059,2022-04-08,981000.0,DPSOA-36199,other,false,3,136 CIRCLE RIDGE DR BURR RIDGE IL 60527,,,,,20037.600000000002,275840.0
dupage,1001302065,2024-02-23,1010000.0,DPSOA-24009396,warranty,true,3,148 CIRCLE RIDGE DR BURR RIDGE IL 60527,,,,,20473.199999999997,291487.0
dupage,1001302070,2022-06-20,996000.0,DGT-1001302070-2022-06-20,warranty,true,3,158 CIRCLE RIDGE DR BURR RIDGE IL 60527,,,,,47044.8,263140.0
dupage,1001302075,2022-05-20,1050000.0,DPSOA-50230,other,false,3,3 KERI LN BURR RIDGE IL 60527,,,,,38768.4,320940.0
dupage,1001304009,2024-05-13,775000.0,DPSOA-24026121,warranty,true,3,780 W 94TH ST BURR RIDGE IL 60527,,,,,23522.4,224924.0
dupage,1001304015,2022-08-24,910000.0,DGT-1001304015-2022-08-24,warranty,true,3,103 OAK RIDGE DR W BURR RIDGE IL 60527,,,,,40075.200000000004,241370.0
dupage,1001304017,2022-05-24,1137500.0,DPSOA-51030,warranty,true,3,701 PROVENCAL DR BURR RIDGE IL 60527,,,,,46609.200000000004,300970.0
dupage,1001304020,2024-01-29,1020000.0,DPSOA-24004959,warranty,true,3,801 PROVENCAL DR BURR RIDGE IL 60527,,,,,40075.200000000004,322479.0
dupage,1001304021,2023-06-16,1000000.0,DPSOA-23037589,warranty,true,3,9425 S MADISON ST BURR RIDGE IL 60521,,,,,50093.99999999999,333300.0
dupage,1001306006,2021-08-11,1320000.0,DPSOA-121256,other,false,3,116 OAK RIDGE DR E BURR RIDGE IL 60527,,,,,57934.8,409430.0
dupage,1001307007,2024-12-11,1450000.0,DPSOA-24073681,trustee,false,3,125 CIRCLE RIDGE DR BURR RIDGE IL 60527,,,,,23522.4,281077.0
dupage,1001307010,2024-01-29,852000.0,DPSOA-24004736,trustee,false,3,5 CIRCLE RIDGE CT BURR RIDGE IL 60527,,,,,25264.8,275343.0
dupage,1001307017,2024-10-16,965000.0,DPSOA-24061353,trustee,false,3,153 CIRCLE RIDGE DR BURR RIDGE IL 60527,,,,,21344.399999999998,288114.0
dupage,1001307021,2021-12-21,775000.0,DPSOA-181394,other,false,3,6 DEVON RIDGE CT BURR RIDGE IL 60527,,,,,25264.8,305450.0
dupage,1001308003,2024-12-17,745000.0,DPSOA-24074951,warranty,true,3,5 BEL AIRE CT BURR RIDGE IL 60527,,,,,3484.8,193650.0
dupage,1001308003,2022-10-19,425000.0,R2022-095558,trustee,false,3,5 BEL AIRE CT BURR RIDGE IL 60527,,,,,3484.8,179640.0
dupage,1001308004,2024-06-20,750000.0,DPSOA-24034453,warranty,true,3,6 BEL AIRE CT BURR RIDGE IL 60527,,,,,3484.8,132178.0
dupage,1001308004,2022-02-17,614000.0,R2022-020002,warranty,true,3,6 BEL AIRE CT BURR RIDGE IL 60527,,,,,3484.8,122620.0
dupage,1001308008,2023-07-05,660000.0,DPSOA-23042072,trustee,false,3,10 BEL AIRE CT BURR RIDGE IL 60527,,,,,3484.8,178020.0
dupage,1001308014,2022-08-31,695000.0,DGT-1001308014-2022-08-31,warranty,true,3,39 RED OAK CT BURR RIDGE IL 60527,,,,,4356.0,181390.0
dupage,1001308018,2021-10-01,498000.0,DGT-1001308018-2021-10-01,warranty,true,3,43 OAK CREEK CT BURR RIDGE IL 60527,,,,,2613.6,161710.0
dupage,1001308019,2022-06-16,540000.0,DGT-1001308019-2022-06-16,warranty,true,3,44 OAK CREEK CT BURR RIDGE IL 60527,,,,,2613.6,163570.0
dupage,1001308020,2022-03-01,480000.0,DGT-1001308020-2022-03-01,warranty,true,3,45 OAK CREEK CT BURR RIDGE IL 60527,,,,,2613.6,163700.0
dupage,1001308021,2024-05-16,525000.0,DPSOA-24026900,warranty,true,3,46 OAK CREEK DR BURR RIDGE IL 60527,,,,,2613.6,186416.0
dupage,1001308025,2021-06-01,390000.0,DGT-1001308025-2021-06-01,warranty,true,3,50 OAK CREEK DR BURR RIDGE IL 60527,,,,,2613.6,170830.0
dupage,1001308026,2022-01-01,490000.0,DGT-1001308026-2022-01-01,warranty,true,3,51 OAK CREEK DR BURR RIDGE IL 60527,,,,,2613.6,172790.0
dupage,1001308030,2023-09-11,515000.0,DPSOA-23058651,warranty,true,3,55 OAK CREEK DR BURR RIDGE IL 60527,,,,,2613.6,171240.0
dupage,1001308031,2023-02-03,525000.0,DPSOA-23007127,trustee,false,3,56 OAK CREEK CT BURR RIDGE IL 60527,,,,,3049.2000000000003,173270.0
dupage,1001308033,2021-11-09,575000.0,DPSOA-164356,warranty,true,3,58 MALIBU CT BURR RIDGE IL 60527,,,,,3920.3999999999996,167850.0
dupage,1001308036,2022-09-01,735000.0,DGT-1001308036-2022-09-01,warranty,true,3,61 MALIBU CT BURR RIDGE IL 60527,,,,,3920.3999999999996,178150.0
dupage,1001308037,2022-08-03,555000.0,DPSOA-22073291,warranty,true,3,62 MALIBU CT BURR RIDGE IL 60527,,,,,3920.3999999999996,169790.0
dupage,1001308038,2021-01-07,495000.0,R2021-010755,trustee,false,3,63 MALIBU CT BURR RIDGE IL 60527,,,,,3920.3999999999996,168320.0
dupage,1001308039,2024-06-24,699000.0,DPSOA-24035116,trustee,false,3,34 PIN OAK CT BURR RIDGE IL 60527,,,,,3484.8,190180.0
dupage,1001401005,2024-09-05,339900.0,DPSOA-24051967,warranty,true,3,15W271 91ST ST BURR RIDGE IL 60527,,,,,14810.400000000001,103689.0
dupage,1001401029,2023-08-22,1275000.0,DPSOA-23053862,trustee,false,3,9210 FOREST EDGE DR BURR RIDGE IL 60527,,,,,30927.6,314690.0
dupage,1001401031,2023-07-07,140000.0,DPSOA-23042471,warranty,true,3,9250 FOREST EDGE DR BURR RIDGE IL 60527,,,,,24829.199999999997,129880.0
dupage,1001401033,2023-04-04,1180000.0,DPSOA-23019864,warranty,true,3,9290 FOREST EDGE LN BURR RIDGE IL 60527,,,,,45738.0,361010.0
dupage,1001401041,2024-03-11,1700000.0,DPSOA-24012599,warranty,true,3,9125 FOREST EDGE DR BURR RIDGE IL 60527,,,,,35283.600000000006,439895.0
dupage,1001401045,2022-06-28,1280000.0,DGT-1001401045-2022-06-28,warranty,true,3,225 FOREST EDGE CT BURR RIDGE IL 60527,,,,,28314.0,338430.0
dupage,1001401046,2023-01-04,2150000.0,DPSOA-23000328,warranty,true,3,220 FOREST EDGE CT BURR RIDGE IL 60527,,,,,36590.4,377860.0
dupage,1001401046,2022-12-14,2150000.0,DGT-1001401046-2022-12-14,warranty,true,3,220 FOREST EDGE CT BURR RIDGE IL 60527,,,,,36590.4,137190.0
dupage,1001401053,2023-12-07,1375000.0,DPSOA-23078051,warranty,true,3,9121 S GARFIELD AVE BURR RIDGE IL 60527,,,,,31798.8,381540.0
dupage,1001401060,2024-05-02,665000.0,DPSOA-24023998,warranty,true,3,15W287 91ST ST BURR RIDGE IL 60527,,,,,82764.0,199883.0
dupage,1001406009,2024-06-10,550000.0,DPSOA-24032145,warranty,true,3,18 LAUREL OAK CT BURR RIDGE IL 60527,,,,,3484.8,190180.0
dupage,1001406011,2022-01-01,460000.0,DGT-1001406011-2022-01-01,warranty,true,3,29 PIN OAK CT BURR RIDGE IL 60527,,,,,4791.6,167110.0
dupage,1001406012,2022-02-14,200000.0,DPSOA-16560,warranty,true,3,28 PIN OAK CT BURR RIDGE IL 60527,,,,,3920.3999999999996,184340.0
dupage,1001406012,2021-12-01,200000.0,DGT-1001406012-2021-12-01,warranty,true,3,28 PIN OAK CT BURR RIDGE IL 60527,,,,,3920.3999999999996,182240.0
dupage,1001406015,2024-03-25,605000.0,DPSOA-24015497,warranty,true,3,21 RODEO DR BURR RIDGE IL 60527,,,,,3484.8,175375.0
dupage,1001406016,2021-06-01,475000.0,DGT-1001406016-2021-06-01,warranty,true,3,22 RODEO DR BURR RIDGE IL 60527,,,,,3484.8,175770.0
dupage,1001406018,2022-10-12,460000.0,DPSOA-22092587,warranty,true,3,24 RODEO DR BURR RIDGE IL 60527,,,,,3484.8,162090.0
dupage,1002211006,2022-07-15,1775000.0,DPSOA-22067275,trustee,false,3,10S370 MADISON BURR RIDGE IL 60527,,,,,217800.0,605150.0
dupage,1002400020,2021-08-17,1425000.0,DPSOA-123841,other,false,3,9115 KINGERY HWY BURR RIDGE IL 60527,,,,,78408.0,236110.0
dupage,1002401008,2022-03-01,366000.0,DGT-1002401008-2022-03-01,warranty,true,3,16W324 93RD ST BURR RIDGE IL 60527,,,,,871.2,3020.0
dupage,1002401009,2022-03-18,366000.0,DPSOA-28588,warranty,true,3,16W324 93RD PL BURR RIDGE IL 60527,,,,,11325.6,87690.0
dupage,1002401015,2024-03-18,605000.0,DPSOA-24014110,warranty,true,3,10S650 OAK HILL CT BURR RIDGE IL 60527,,,,,29620.800000000003,207030.0
dupage,1002402001,2021-08-01,380000.0,DGT-1002402001-2021-08-01,warranty,true,3,10S659 S JACKSON ST BURR RIDGE IL 60527,,,,,14810.400000000001,105220.0
dupage,1002402009,2023-10-30,325600.0,DPSOA-23070211,warranty,true,3,16W331 93RD PL BURR RIDGE IL 60527,,,,,11325.6,70970.0
dupage,1002402010,2022-08-16,390000.0,DGT-1002402010-2022-08-16,warranty,true,3,16W321 93RD ST BURR RIDGE IL 60527,,,,,13939.2,101300.0
dupage,1002402011,2024-12-23,452000.0,DPSOA-24076514,warranty,true,3,16W311 93RD PL BURR RIDGE IL 60527,,,,,13939.2,120006.0
dupage,1002402028,2021-01-11,322000.0,DPSOA-4579,warranty,true,3,16W320 94TH ST BURR RIDGE IL 60527,,,,,14810.400000000001,84240.0
dupage,1002402033,2021-08-01,380000.0,DGT-1002402033-2021-08-01,warranty,true,3,10S651 JACKSON ST BURR RIDGE IL 60527,,,,,6969.6,23410.0
dupage,1002403008,2021-03-01,600000.0,DGT-1002403008-2021-03-01,warranty,true,3,16W331 94TH ST BURR RIDGE IL 60527,,,,,10890.0,120710.0
dupage,1002403011,2022-07-25,350000.0,DGT-1002403011-2022-07-25,warranty,true,3,16W281 94TH ST BURR RIDGE IL 60527,,,,,14810.400000000001,100300.0
dupage,1002403021,2023-11-08,310000.0,DPSOA-23072098,warranty,true,3,16W330 94TH PL BURR RIDGE IL 60527,,,,,11325.6,80540.0
dupage,1001203017,2023-01-26,690000.0,DGT-1001203017-2023-01-26,warranty,true,3,2 HANOVER CT BURR RIDGE IL 60527,,,,,20473.199999999997,247490.0
dupage,1001203018,2022-05-25,725000.0,DGT-1001203018-2022-05-25,warranty,true,3,4 HANOVER CT BURR RIDGE IL 60527,,,,,23086.800000000003,236050.0
dupage,1001203031,2021-10-28,795000.0,R2021-179700,warranty,true,3,2 REGENT CT BURR RIDGE IL 60527,,,,,26136.0,229810.0
dupage,1001204006,2022-07-25,795000.0,DGT-1001204006-2022-07-25,warranty,true,3,8721 WEDGEWOOD DR BURR RIDGE IL 60527,,,,,25264.8,93260.0
dupage,1001204007,2022-07-25,795000.0,DGT-1001204007-2022-07-25,warranty,true,3,8721 WEDGEWOOD DR BURR RIDGE IL 60527,,,,,24829.199999999997,226600.0
dupage,1001205001,2024-07-15,910000.0,DGT-1001205001-2024-07-15,warranty,true,3,8920 ROYAL DR BURR RIDGE IL 60521,,,,,27878.4,265695.0
dupage,1001207002,2022-09-23,870000.0,R2022-089032,warranty,true,3,310 DEVON DR BURR RIDGE IL 60527,,,,,23522.4,229610.0
dupage,1001207005,2024-01-19,1075000.0,DGT-1001207005-2024-01-19,warranty,true,3,230 DEVON DR BURR RIDGE IL 60527,,,,,30927.6,323773.0
dupage,1001207008,2021-07-28,635000.0,R2021-118332,warranty,true,3,8931 ROYAL DR BURR RIDGE IL 60527,,,,,22215.600000000002,221280.0
dupage,1001207011,2024-02-29,825000.0,DGT-1001207011-2024-02-29,warranty,true,3,9001 ROYAL DR BURR RIDGE IL 60527,,,,,24829.199999999997,239838.0
dupage,1001207035,2024-10-21,950000.0,DGT-1001207035-2024-10-21,warranty,true,3,9011 ENCLAVE DR BURR RIDGE IL 60527,,,,,27442.8,317627.0
dupage,1001207037,2023-07-31,890000.0,R2023-052055,warranty,true,3,3 ENCLAVE CT BURR RIDGE IL 60527,,,,,26571.6,305850.0
dupage,1001207039,2022-06-15,760000.0,R2022-059322,warranty,true,3,4 ENCLAVE CT BURR RIDGE IL 60527,,,,,25264.8,327360.0
dupage,1001207046,2022-09-28,1402000.0,R2022-089482,trustee,false,3,5 NORMAN CT BURR RIDGE IL 60527,,,,,24829.199999999997,334490.0
dupage,1001207049,2021-01-01,1000000.0,DGT-1001207049-2021-01-01,warranty,true,3,2 NORMAN CT BURR RIDGE IL 60527,,,,,26136.0,366010.0
dupage,1001207053,2022-08-25,106000.0,DGT-1001207053-2022-08-25,warranty,true,3,17 ASHTON DR BURR RIDGE IL 60527,,,,,34848.0,70660.0
dupage,1001207057,2024-04-15,925000.0,DGT-1001207057-2024-04-15,warranty,true,3,202 ASHTON DR BURR RIDGE IL 60527,,,,,28749.600000000002,280990.0
dupage,1001207060,2023-04-19,919000.0,DGT-1001207060-2023-04-19,warranty,true,3,152 ASHTON DR BURR RIDGE IL 60521,,,,,21780.0,362360.0
dupage,1001207064,2021-10-01,1800000.0,DGT-1001207064-2021-10-01,warranty,true,3,102 ASHTON DR HINSDALE IL 60521,,,,,34848.0,133020.0
dupage,1001207068,2021-12-08,1200000.0,R2022-000376,warranty,true,3,20 ASHTON DR BURR RIDGE IL 60527,,,,,54450.0,399920.0
dupage,1001207071,2021-06-28,1250000.0,R2021-125206,warranty,true,3,160 GLENMORA DR BURR RIDGE IL 60527,,,,,22215.600000000002,327980.0
dupage,1001207073,2022-05-01,285000.0,DGT-1001207073-2022-05-01,warranty,true,3,140 GLENMORA DR HINSDALE IL 60521,,,,,29185.2,132190.0
dupage,1001207075,2021-10-01,1000000.0,DGT-1001207075-2021-10-01,warranty,true,3,80 ASHTON DR BURR RIDGE IL 60527,,,,,57063.600000000006,517820.0
dupage,1001207081,2023-08-31,215000.0,DGT-1001207081-2023-08-31,warranty,true,3,15W050 91ST ST BURR RIDGE IL 60527,,,,,21780.0,71990.0
dupage,1001209001,2021-08-16,240000.0,R2021-130658,warranty,true,3,8955 GLENMORA LN WILLOWBROOK IL 60527,,,,,22215.600000000002,120490.0
dupage,1001209005,2021-11-16,1826000.0,R2021-173567,trustee,false,3,21 ASHTON DR BURR RIDGE IL 60527,,,,,54450.0,509220.0
dupage,1001209006,2023-05-16,931000.0,R2023-035978,warranty,true,3,8945 GLENMORA LN BURR RIDGE IL 60521,,,,,32670.0,293780.0
dupage,1001209007,2021-01-01,219000.0,DGT-1001209007-2021-01-01,warranty,true,3,115 GLENMORA DR BURR RIDGE IL 60527,,,,,43995.6,144520.0
dupage,1001210004,2024-09-04,350000.0,DGT-1001210004-2024-09-04,warranty,true,3,1 SHENANDOAH CT BURR RIDGE IL 60527,,,,,32670.0,143165.0
dupage,1001210006,2021-10-01,1375000.0,DGT-1001210006-2021-10-01,warranty,true,3,5 SHENANDOAH CT BURR RIDGE IL 60527,,,,,30056.399999999998,364860.0
dupage,1001300007,2022-02-25,500000.0,R2022-021820,warranty,true,3,10S424 GLENN DR BURR RIDGE IL 60521,,,,,20037.600000000002,137860.0
dupage,1001301001,2024-09-05,950000.0,DGT-1001301001-2024-09-05,warranty,true,3,10S501 MADISON ST BURR RIDGE IL 60527,,,,,20037.600000000002,245668.0
dupage,1001301002,2024-01-23,387000.0,DGT-1001301002-2024-01-23,warranty,true,3,10S513 MADISON ST BURR RIDGE IL 60527,,,,,20037.600000000002,149159.0
dupage,1001301006,2021-08-27,455000.0,R2021-153106,warranty,true,3,10S571 MADISON ST BURR RIDGE IL 60521,,,,,20037.600000000002,156410.0
dupage,1001301007,2024-10-08,575000.0,DGT-1001301007-2024-10-08,warranty,true,3,10S581 MADISON ST BURR RIDGE IL 60521,,,,,20037.600000000002,159362.0
dupage,1001301011,2021-08-13,775000.0,R2021-145066,trustee,false,3,10S526 GLENN DR BURR RIDGE IL 60527,,,,,20037.600000000002,236070.0
dupage,1001301015,2023-09-12,835000.0,R2023-059839,warranty,true,3,10S580 GLENN DR BURR RIDGE IL 60527,,,,,20037.600000000002,169770.0
dupage,1001301019,2021-11-22,664000.0,R2022-018275,warranty,true,3,10S650 GLENN DR BURR RIDGE IL 60521,,,,,20908.8,232330.0
dupage,1001301022,2024-08-09,948000.0,DGT-1001301022-2024-08-09,warranty,true,3,9305 S MADISON ST BURR RIDGE IL 60527,,,,,20037.600000000002,377249.0
dupage,1001301025,2022-04-01,850000.0,DGT-1001301025-2022-04-01,warranty,true,3,9359 S MADISON ST BURR RIDGE IL 60527,,,,,20037.600000000002,283310.0
dupage,1001302002,2022-03-01,475000.0,DGT-1001302002-2022-03-01,warranty,true,3,10S431 GLENN DR BURR RIDGE IL 60521,,,,,21344.399999999998,155800.0
dupage,1001302009,2023-10-09,476900.0,R2023-066593,warranty,false,2,10S543 GLENN DR BURR RIDGE IL 60527,,,,,20908.8,156850.0
dupage,1001302011,2021-05-01,589000.0,DGT-1001302011-2021-05-01,warranty,true,3,10S575 GLENN DR BURR RIDGE IL 60527,,,,,20908.8,184650.0
dupage,1001302015,2022-04-11,695000.0,R2022-037809,warranty,true,3,10S667 GLENN DR BURR RIDGE IL 60527,,,,,22651.2,198230.0
dupage,1001302023,2022-11-29,810000.0,R2022-106416,trustee,false,3,109 OAK RIDGE DR BURR RIDGE IL 60527,,,,,40075.200000000004,270750.0
dupage,1001302024,2024-07-09,885000.0,DGT-1001302024-2024-07-09,warranty,true,3,2 KERI LN BURR RIDGE IL 60527,,,,,40075.200000000004,307260.0
dupage,1001302025,2021-12-28,745000.0,R2022-020614,warranty,true,3,4 KERI LN BURR RIDGE IL 60527,,,,,43995.6,284950.0
dupage,1001302032,2022-04-01,725000.0,DGT-1001302032-2022-04-01,warranty,true,3,119 OAK RIDGE DR E BURR RIDGE IL 60527,,,,,42688.799999999996,265150.0
dupage,1001302041,2023-10-10,840000.0,R2023-067492,trustee,false,3,9108 DEVON RIDGE DR BURR RIDGE IL 60527,,,,,20037.600000000002,241850.0
dupage,1001302054,2022-09-01,850000.0,R2022-085290,warranty,true,3,126 CIRCLE RIDGE DR BURR RIDGE IL 60527,,,,,23522.4,254700.0
dupage,1001302059,2022-03-01,981000.0,DGT-1001302059-2022-03-01,warranty,true,3,136 CIRCLE RIDGE DR BURR RIDGE IL 60527,,,,,20037.600000000002,275840.0
dupage,1001302065,2024-02-12,1010000.0,DGT-1001302065-2024-02-12,warranty,true,3,148 CIRCLE RIDGE DR BURR RIDGE IL 60527,,,,,20473.199999999997,291487.0
dupage,1001302070,2022-06-20,996000.0,R2022-064272,warranty,true,3,158 CIRCLE RIDGE DR BURR RIDGE IL 60527,,,,,47044.8,263140.0
dupage,1001302075,2022-05-01,1050000.0,DGT-1001302075-2022-05-01,warranty,true,3,3 KERI LN BURR RIDGE IL 60527,,,,,38768.4,320940.0
dupage,1001304009,2024-04-11,775000.0,DGT-1001304009-2024-04-11,warranty,true,3,780 W 94TH ST BURR RIDGE IL 60527,,,,,23522.4,224924.0
dupage,1001304015,2022-08-24,910000.0,R2022-085075,warranty,true,3,103 OAK RIDGE DR W BURR RIDGE IL 60527,,,,,40075.200000000004,241370.0
dupage,1001304017,2022-05-01,1137500.0,DGT-1001304017-2022-05-01,warranty,true,3,701 PROVENCAL DR BURR RIDGE IL 60527,,,,,46609.200000000004,300970.0
dupage,1001304020,2024-01-23,1020000.0,DGT-1001304020-2024-01-23,warranty,true,3,801 PROVENCAL DR BURR RIDGE IL 60527,,,,,40075.200000000004,322479.0
dupage,1001304021,2023-06-01,1000000.0,R2023-037589,warranty,true,3,9425 S MADISON ST BURR RIDGE IL 60521,,,,,50093.99999999999,333300.0
dupage,1001306006,2021-07-01,1320000.0,DGT-1001306006-2021-07-01,warranty,true,3,116 OAK RIDGE DR E BURR RIDGE IL 60527,,,,,57934.8,409430.0
dupage,1001307007,2024-10-23,1450000.0,DGT-1001307007-2024-10-23,warranty,true,3,125 CIRCLE RIDGE DR BURR RIDGE IL 60527,,,,,23522.4,281077.0
dupage,1001307010,2024-01-23,852000.0,DGT-1001307010-2024-01-23,warranty,true,3,5 CIRCLE RIDGE CT BURR RIDGE IL 60527,,,,,25264.8,275343.0
dupage,1001307017,2024-10-07,965000.0,DGT-1001307017-2024-10-07,warranty,true,3,153 CIRCLE RIDGE DR BURR RIDGE IL 60527,,,,,21344.399999999998,288114.0
dupage,1001307021,2021-11-01,775000.0,DGT-1001307021-2021-11-01,warranty,true,3,6 DEVON RIDGE CT BURR RIDGE IL 60527,,,,,25264.8,305450.0
dupage,1001308003,2024-12-13,745000.0,DGT-1001308003-2024-12-13,warranty,true,3,5 BEL AIRE CT BURR RIDGE IL 60527,,,,,3484.8,193650.0
dupage,1001308004,2024-05-25,750000.0,DGT-1001308004-2024-05-25,warranty,true,3,6 BEL AIRE CT BURR RIDGE IL 60527,,,,,3484.8,132178.0
dupage,1001308008,2023-06-30,660000.0,DGT-1001308008-2023-06-30,warranty,true,3,10 BEL AIRE CT BURR RIDGE IL 60527,,,,,3484.8,178020.0
dupage,1001308014,2022-08-31,695000.0,R2022-088296,warranty,true,3,39 RED OAK CT BURR RIDGE IL 60527,,,,,4356.0,181390.0
dupage,1001308018,2021-10-14,498000.0,R2021-161422,warranty,true,3,43 OAK CREEK CT BURR RIDGE IL 60527,,,,,2613.6,161710.0
dupage,1001308019,2022-06-16,540000.0,R2022-061645,warranty,true,3,44 OAK CREEK CT BURR RIDGE IL 60527,,,,,2613.6,163570.0
dupage,1001308020,2022-03-02,480000.0,R2022-025624,warranty,true,3,45 OAK CREEK CT BURR RIDGE IL 60527,,,,,2613.6,163700.0
dupage,1001308021,2024-05-07,525000.0,DGT-1001308021-2024-05-07,warranty,true,3,46 OAK CREEK DR BURR RIDGE IL 60527,,,,,2613.6,186416.0
dupage,1001308025,2021-07-02,390000.0,R2021-102474,warranty,true,3,50 OAK CREEK DR BURR RIDGE IL 60527,,,,,2613.6,170830.0
dupage,1001308026,2022-01-24,490000.0,R2022-017220,warranty,true,3,51 OAK CREEK DR BURR RIDGE IL 60527,,,,,2613.6,172790.0
dupage,1001308030,2023-08-30,515000.0,R2023-058651,warranty,true,3,55 OAK CREEK DR BURR RIDGE IL 60527,,,,,2613.6,171240.0
dupage,1001308031,2023-02-01,525000.0,R2023-007127,trustee,false,3,56 OAK CREEK CT BURR RIDGE IL 60527,,,,,3049.2000000000003,173270.0
dupage,1001308033,2021-11-01,575000.0,DGT-1001308033-2021-11-01,warranty,true,3,58 MALIBU CT BURR RIDGE IL 60527,,,,,3920.3999999999996,167850.0
dupage,1001308036,2022-09-01,735000.0,R2022-083488,trustee,false,3,61 MALIBU CT BURR RIDGE IL 60527,,,,,3920.3999999999996,178150.0
dupage,1001308037,2022-06-17,555000.0,DGT-1001308037-2022-06-17,warranty,true,3,62 MALIBU CT BURR RIDGE IL 60527,,,,,3920.3999999999996,169790.0
dupage,1001308039,2024-05-10,699000.0,DGT-1001308039-2024-05-10,warranty,true,3,34 PIN OAK CT BURR RIDGE IL 60527,,,,,3484.8,190180.0
dupage,1001401005,2024-08-20,339900.0,DGT-1001401005-2024-08-20,warranty,true,3,15W271 91ST ST BURR RIDGE IL 60527,,,,,14810.400000000001,103689.0
dupage,1001401029,2023-08-10,1275000.0,DGT-1001401029-2023-08-10,warranty,true,3,9210 FOREST EDGE DR BURR RIDGE IL 60527,,,,,30927.6,314690.0
dupage,1001401031,2023-06-22,140000.0,DGT-1001401031-2023-06-22,warranty,true,3,9250 FOREST EDGE DR BURR RIDGE IL 60527,,,,,24829.199999999997,129880.0
dupage,1001401033,2023-03-31,1180000.0,DGT-1001401033-2023-03-31,warranty,true,3,9290 FOREST EDGE LN BURR RIDGE IL 60527,,,,,45738.0,361010.0
dupage,1001401041,2024-03-06,1700000.0,DGT-1001401041-2024-03-06,warranty,true,3,9125 FOREST EDGE DR BURR RIDGE IL 60527,,,,,35283.600000000006,439895.0
dupage,1001401045,2022-06-28,1280000.0,R2022-074977,warranty,true,3,225 FOREST EDGE CT BURR RIDGE IL 60527,,,,,28314.0,338430.0
dupage,1001401046,2022-12-14,2150000.0,R2023-000328,warranty,true,3,220 FOREST EDGE CT BURR RIDGE IL 60527,,,,,36590.4,137190.0
dupage,1001401053,2023-11-16,1375000.0,DGT-1001401053-2023-11-16,warranty,true,3,9121 S GARFIELD AVE BURR RIDGE IL 60527,,,,,31798.8,381540.0
dupage,1001401060,2024-04-30,665000.0,DGT-1001401060-2024-04-30,warranty,true,3,15W287 91ST ST BURR RIDGE IL 60527,,,,,82764.0,199883.0
dupage,1001406009,2024-05-13,550000.0,DGT-1001406009-2024-05-13,warranty,true,3,18 LAUREL OAK CT BURR RIDGE IL 60527,,,,,3484.8,190180.0
dupage,1001406011,2022-01-17,460000.0,R2022-014033,warranty,true,3,29 PIN OAK CT BURR RIDGE IL 60527,,,,,4791.6,167110.0
dupage,1001406012,2021-12-16,200000.0,R2022-016560,warranty,false,2,28 PIN OAK CT BURR RIDGE IL 60527,,,,,3920.3999999999996,182240.0
dupage,1001406015,2024-03-12,605000.0,DGT-1001406015-2024-03-12,warranty,true,3,21 RODEO DR BURR RIDGE IL 60527,,,,,3484.8,175375.0
dupage,1001406016,2021-06-30,475000.0,R2021-111004,warranty,true,3,22 RODEO DR BURR RIDGE IL 60527,,,,,3484.8,175770.0
dupage,1001406018,2022-08-04,460000.0,DGT-1001406018-2022-08-04,warranty,true,3,24 RODEO DR BURR RIDGE IL 60527,,,,,3484.8,162090.0
dupage,1002211006,2022-05-16,1775000.0,DGT-1002211006-2022-05-16,warranty,true,3,10S370 MADISON BURR RIDGE IL 60527,,,,,217800.0,605150.0
dupage,1002400020,2021-08-16,1425000.0,R2021-123841,warranty,true,3,9115 KINGERY HWY BURR RIDGE IL 60527,,,,,78408.0,236110.0
dupage,1002401009,2022-03-01,366000.0,DGT-1002401009-2022-03-01,warranty,true,3,16W324 93RD PL BURR RIDGE IL 60527,,,,,11325.6,87690.0
dupage,1002401015,2024-03-15,605000.0,DGT-1002401015-2024-03-15,warranty,true,3,10S650 OAK HILL CT BURR RIDGE IL 60527,,,,,29620.800000000003,207030.0
dupage,1002402001,2021-08-06,380000.0,R2021-151909,warranty,true,3,10S659 S JACKSON ST BURR RIDGE IL 60527,,,,,14810.400000000001,105220.0
dupage,1002402009,2023-10-25,325600.0,R2023-070211,warranty,true,3,16W331 93RD PL BURR RIDGE IL 60527,,,,,11325.6,70970.0
dupage,1002402010,2022-10-26,184000.0,R2022-097821,quit_claim,false,2,16W321 93RD ST BURR RIDGE IL 60527,,,,,13939.2,101300.0
dupage,1002402011,2024-12-17,452000.0,DGT-1002402011-2024-12-17,warranty,true,3,16W311 93RD PL BURR RIDGE IL 60527,,,,,13939.2,120006.0
dupage,1002403008,2021-03-09,600000.0,R2021-040813,warranty,true,3,16W331 94TH ST BURR RIDGE IL 60527,,,,,10890.0,120710.0
dupage,1002403011,2022-07-25,350000.0,R2022-076870,warranty,true,3,16W281 94TH ST BURR RIDGE IL 60527,,,,,14810.400000000001,100300.0
dupage,1002403021,2023-10-26,310000.0,R2023-072098,warranty,true,3,16W330 94TH PL BURR RIDGE IL 60527,,,,,11325.6,80540.0
dupage,1001203017,2023-01-26,690000.0,R2023-006290,warranty,true,3,2 HANOVER CT BURR RIDGE IL 60527,,,,,20473.199999999997,247490.0
dupage,1001203018,2022-05-25,725000.0,R2022-052938,other,false,3,4 HANOVER CT BURR RIDGE IL 60527,,,,,23086.800000000003,236050.0
dupage,1001204007,2022-07-25,795000.0,R2022-072398,warranty,true,3,8721 WEDGEWOOD DR BURR RIDGE IL 60527,,,,,24829.199999999997,226600.0
dupage,1001205001,2024-07-15,910000.0,R2024-044311,warranty,true,3,8920 ROYAL DR BURR RIDGE IL 60521,,,,,27878.4,265695.0
dupage,1001207005,2024-01-19,1075000.0,R2024-006590,warranty,true,3,230 DEVON DR BURR RIDGE IL 60527,,,,,30927.6,323773.0
dupage,1001207011,2024-02-29,825000.0,R2024-013317,warranty,true,3,9001 ROYAL DR BURR RIDGE IL 60527,,,,,24829.199999999997,239838.0
dupage,1001207035,2024-10-21,950000.0,R2024-069164,warranty,true,3,9011 ENCLAVE DR BURR RIDGE IL 60527,,,,,27442.8,317627.0
dupage,1001207049,2021-01-20,1000000.0,R2021-027466,trustee,false,3,2 NORMAN CT BURR RIDGE IL 60527,,,,,26136.0,366010.0
dupage,1001207053,2022-08-25,106000.0,R2022-097375,warranty,true,3,17 ASHTON DR BURR RIDGE IL 60527,,,,,34848.0,70660.0
dupage,1001207057,2024-04-15,925000.0,R2024-024516,warranty,true,3,202 ASHTON DR BURR RIDGE IL 60527,,,,,28749.600000000002,280990.0
dupage,1001207060,2023-04-19,919000.0,R2023-024148,trustee,false,3,152 ASHTON DR BURR RIDGE IL 60521,,,,,21780.0,362360.0
dupage,1001207064,2021-10-25,1800000.0,R2021-167775,warranty,true,3,102 ASHTON DR HINSDALE IL 60521,,,,,34848.0,133020.0
dupage,1001207073,2022-05-05,285000.0,R2022-046222,warranty,true,3,140 GLENMORA DR HINSDALE IL 60521,,,,,29185.2,132190.0
dupage,1001207075,2021-10-25,1000000.0,R2021-161728,warranty,true,3,80 ASHTON DR BURR RIDGE IL 60527,,,,,57063.600000000006,517820.0
dupage,1001207081,2023-08-31,215000.0,R2023-057956,warranty,true,3,15W050 91ST ST BURR RIDGE IL 60527,,,,,21780.0,71990.0
dupage,1001209007,2021-01-26,219000.0,R2021-019536,warranty,true,3,115 GLENMORA DR BURR RIDGE IL 60527,,,,,43995.6,144520.0
dupage,1001210004,2024-09-04,350000.0,R2024-054122,warranty,true,3,1 SHENANDOAH CT BURR RIDGE IL 60527,,,,,32670.0,143165.0
dupage,1001210006,2021-10-06,1375000.0,R2021-153201,trustee,false,3,5 SHENANDOAH CT BURR RIDGE IL 60527,,,,,30056.399999999998,364860.0
dupage,1001301001,2024-09-05,950000.0,R2024-056568,warranty,true,3,10S501 MADISON ST BURR RIDGE IL 60527,,,,,20037.600000000002,245668.0
dupage,1001301002,2024-01-23,387000.0,R2024-005405,warranty,true,3,10S513 MADISON ST BURR RIDGE IL 60527,,,,,20037.600000000002,149159.0
dupage,1001301007,2024-10-08,575000.0,R2024-063032,warranty,true,3,10S581 MADISON ST BURR RIDGE IL 60521,,,,,20037.600000000002,159362.0
dupage,1001301022,2024-08-09,948000.0,R2024-048470,warranty,true,3,9305 S MADISON ST BURR RIDGE IL 60527,,,,,20037.600000000002,377249.0
dupage,1001301025,2022-04-15,850000.0,R2022-039498,trustee,false,3,9359 S MADISON ST BURR RIDGE IL 60527,,,,,20037.600000000002,283310.0
dupage,1001302011,2021-05-25,589000.0,R2021-091518,trustee,false,3,10S575 GLENN DR BURR RIDGE IL 60527,,,,,20908.8,184650.0
dupage,1001302024,2024-07-09,885000.0,R2024-042413,warranty,true,3,2 KERI LN BURR RIDGE IL 60527,,,,,40075.200000000004,307260.0
dupage,1001302032,2022-04-28,725000.0,R2022-050782,trustee,false,3,119 OAK RIDGE DR E BURR RIDGE IL 60527,,,,,42688.799999999996,265150.0
dupage,1001302059,2022-03-29,981000.0,R2022-036199,trustee,false,3,136 CIRCLE RIDGE DR BURR RIDGE IL 60527,,,,,20037.600000000002,275840.0
dupage,1001302065,2024-02-12,1010000.0,R2024-009396,warranty,true,3,148 CIRCLE RIDGE DR BURR RIDGE IL 60527,,,,,20473.199999999997,291487.0
dupage,1001302075,2022-05-13,1050000.0,R2022-050230,trustee,false,3,3 KERI LN BURR RIDGE IL 60527,,,,,38768.4,320940.0
dupage,1001304009,2024-04-11,775000.0,R2024-026121,warranty,true,3,780 W 94TH ST BURR RIDGE IL 60527,,,,,23522.4,224924.0
dupage,1001304017,2022-05-19,1137500.0,R2022-051030,warranty,true,3,701 PROVENCAL DR BURR RIDGE IL 60527,,,,,46609.200000000004,300970.0
dupage,1001304020,2024-01-23,1020000.0,R2024-004959,warranty,true,3,801 PROVENCAL DR BURR RIDGE IL 60527,,,,,40075.200000000004,322479.0
dupage,1001306006,2021-07-28,1320000.0,R2021-121256,trustee,false,3,116 OAK RIDGE DR E BURR RIDGE IL 60527,,,,,57934.8,409430.0
dupage,1001307007,2024-10-23,1450000.0,R2024-073681,trustee,false,3,125 CIRCLE RIDGE DR BURR RIDGE IL 60527,,,,,23522.4,281077.0
dupage,1001307010,2024-01-23,852000.0,R2024-004736,trustee,false,3,5 CIRCLE RIDGE CT BURR RIDGE IL 60527,,,,,25264.8,275343.0
dupage,1001307017,2024-10-07,965000.0,R2024-061353,trustee,false,3,153 CIRCLE RIDGE DR BURR RIDGE IL 60527,,,,,21344.399999999998,288114.0
dupage,1001307021,2021-11-22,775000.0,R2021-181394,trustee,false,3,6 DEVON RIDGE CT BURR RIDGE IL 60527,,,,,25264.8,305450.0
dupage,1001308003,2024-12-13,745000.0,R2024-074951,warranty,true,3,5 BEL AIRE CT BURR RIDGE IL 60527,,,,,3484.8,193650.0
dupage,1001308004,2024-05-25,750000.0,R2024-034453,warranty,true,3,6 BEL AIRE CT BURR RIDGE IL 60527,,,,,3484.8,132178.0
dupage,1001308008,2023-06-30,660000.0,R2023-042072,trustee,false,3,10 BEL AIRE CT BURR RIDGE IL 60527,,,,,3484.8,178020.0
dupage,1001308021,2024-05-07,525000.0,R2024-026900,warranty,true,3,46 OAK CREEK DR BURR RIDGE IL 60527,,,,,2613.6,186416.0
dupage,1001308033,2021-11-01,575000.0,R2021-164356,warranty,true,3,58 MALIBU CT BURR RIDGE IL 60527,,,,,3920.3999999999996,167850.0
dupage,1001308037,2022-06-17,555000.0,R2022-073291,warranty,true,3,62 MALIBU CT BURR RIDGE IL 60527,,,,,3920.3999999999996,169790.0
dupage,1001308039,2024-05-10,699000.0,R2024-035116,trustee,false,3,34 PIN OAK CT BURR RIDGE IL 60527,,,,,3484.8,190180.0
dupage,1001401005,2024-08-20,339900.0,R2024-051967,warranty,true,3,15W271 91ST ST BURR RIDGE IL 60527,,,,,14810.400000000001,103689.0
dupage,1001401029,2023-08-10,1275000.0,R2023-053862,trustee,false,3,9210 FOREST EDGE DR BURR RIDGE IL 60527,,,,,30927.6,314690.0
dupage,1001401031,2023-06-22,140000.0,R2023-042471,warranty,true,3,9250 FOREST EDGE DR BURR RIDGE IL 60527,,,,,24829.199999999997,129880.0
dupage,1001401033,2023-03-31,1180000.0,R2023-019864,warranty,true,3,9290 FOREST EDGE LN BURR RIDGE IL 60527,,,,,45738.0,361010.0
dupage,1001401041,2024-03-06,1700000.0,R2024-012599,warranty,true,3,9125 FOREST EDGE DR BURR RIDGE IL 60527,,,,,35283.600000000006,439895.0
dupage,1001401053,2023-11-16,1375000.0,R2023-078051,warranty,true,3,9121 S GARFIELD AVE BURR RIDGE IL 60527,,,,,31798.8,381540.0
dupage,1001401060,2024-04-30,665000.0,R2024-023998,warranty,true,3,15W287 91ST ST BURR RIDGE IL 60527,,,,,82764.0,199883.0
dupage,1001406009,2024-05-13,550000.0,R2024-032145,warranty,true,3,18 LAUREL OAK CT BURR RIDGE IL 60527,,,,,3484.8,190180.0
dupage,1001406015,2024-03-12,605000.0,R2024-015497,warranty,true,3,21 RODEO DR BURR RIDGE IL 60527,,,,,3484.8,175375.0
dupage,1001406018,2022-08-04,460000.0,R2022-092587,warranty,true,3,24 RODEO DR BURR RIDGE IL 60527,,,,,3484.8,162090.0
dupage,1002211006,2022-05-16,1775000.0,R2022-067275,trustee,false,3,10S370 MADISON BURR RIDGE IL 60527,,,,,217800.0,605150.0
dupage,1002401009,2022-03-01,366000.0,R2022-028588,warranty,true,3,16W324 93RD PL BURR RIDGE IL 60527,,,,,11325.6,87690.0
dupage,1002401015,2024-03-15,605000.0,R2024-014110,warranty,true,3,10S650 OAK HILL CT BURR RIDGE IL 60527,,,,,29620.800000000003,207030.0
dupage,1002402010,2022-08-16,390000.0,R2022-080147,warranty,true,3,16W321 93RD ST BURR RIDGE IL 60527,,,,,13939.2,101300.0
dupage,1002402011,2024-12-17,452000.0,R2024-076514,warranty,true,3,16W311 93RD PL BURR RIDGE IL 60527,,,,,13939.2,120006.0
dupage,1001207053,2022-08-24,106000.0,R2022-097376,trustee,false,3,17 ASHTON DR BURR RIDGE IL 60527,,,,,34848.0,70660.0
dupage,1002403032,2024-06-07,340000.0,DPSOA-24031633,trustee,false,3,16W360 94TH PL BURR RIDGE IL 60527,,,,,11325.6,97869.0
dupage,1002405001,2022-12-20,800000.0,DGT-1002405001-2022-12-20,warranty,true,3,10S560 OAK HILL CT BURR RIDGE IL 60527,,,,,26571.6,212170.0
dupage,1002408008,2021-05-01,195000.0,DGT-1002408008-2021-05-01,warranty,true,3,7 CASCADE CT W BURR RIDGE IL 60527,,,,,23958.000000000004,124170.0
dupage,1002408014,2022-11-01,1200000.0,DGT-1002408014-2022-11-01,warranty,true,3,9295 CASCADE CIR BURR RIDGE IL 60527,,,,,21344.399999999998,322040.0
dupage,1002409001,2021-02-19,1500000.0,DPSOA-27385,warranty,true,3,9286 FALLING WATERS BURR RIDGE IL 60527,,,,,33976.8,500000.0
dupage,1002409003,2021-06-16,900000.0,DPSOA-92626,other,false,3,9254 FALLING WATERS BURR RIDGE IL 60527,,,,,26136.0,358730.0
dupage,1002409005,2023-11-22,315000.0,DPSOA-23075066,warranty,true,3,9224 FALLING WATERS DR E BURR RIDGE IL 60527,,,,,28749.600000000002,128200.0
dupage,1002409005,2021-10-23,265000.0,R2021-163714,trustee,false,3,9224 FALLING WATERS DR E BURR RIDGE IL 60527,,,,,28749.600000000002,133280.0
dupage,1002409006,2023-06-29,325000.0,DPSOA-23041045,trustee,false,3,9216 FALLING WATER E BURR RIDGE IL 60521,,,,,33105.6,135790.0
dupage,1002409014,2021-08-31,820000.0,DPSOA-130417,warranty,true,3,8 SYLVAN GLEN CT BURR RIDGE IL 60527,,,,,31798.8,273310.0
dupage,1002409015,2024-07-12,290000.0,DPSOA-24039629,warranty,true,3,10 SYLVAN CT BURR RIDGE IL 60527,,,,,29185.2,86545.0
dupage,1002409016,2023-03-17,1325000.0,DPSOA-23016464,warranty,true,3,12 SYLVAN GLEN CT BURR RIDGE IL 60527,,,,,31798.8,375450.0
dupage,1002409023,2021-11-01,890000.0,DGT-1002409023-2021-11-01,warranty,true,3,9321 FALLING WATERS DR W BURR RIDGE IL 60527,,,,,34848.0,347250.0
dupage,1002409024,2024-03-05,300000.0,DPSOA-24011491,trustee,false,3,9351 FALLING WATERS DR W BURR RIDGE IL 60527,,,,,30056.399999999998,141632.0
dupage,1002409024,2022-10-29,215000.0,R2022-104655,warranty,true,3,9351 FALLING WATERS DR W BURR RIDGE IL 60527,,,,,30056.399999999998,76660.0
dupage,1002409028,2021-09-03,250000.0,DPSOA-132715,other,false,3,9441 FALLING WATER DR W BURR RIDGE IL 60527,,,,,30056.399999999998,136310.0
dupage,1002409032,2023-05-10,375000.0,DPSOA-23028558,warranty,true,3,9450 FALLING WATERS DR E BURR RIDGE IL 60527,,,,,39639.6,148460.0
dupage,1002409034,2021-10-27,675000.0,DPSOA-157992,warranty,true,3,9400 FALLING WATER DR BURR RIDGE IL 60527,,,,,30491.999999999996,387880.0
dupage,1002409036,2022-05-11,1150000.0,DPSOA-46944,other,false,3,9350 FALLING WATERS DR E BURR RIDGE IL 60527,,,,,35283.600000000006,383300.0
dupage,1002410004,2022-03-17,1225000.0,DPSOA-27844,warranty,true,3,9171 FALLING WATERS BURR RIDGE IL 60527,,,,,26136.0,387610.0
dupage,1002410011,2021-06-01,1241800.0,DGT-1002410011-2021-06-01,warranty,true,3,9283 FALLINGWATER DR BURR RIDGE IL 60527,,,,,42688.799999999996,404470.0
dupage,1002410014,2023-07-26,1140000.0,DPSOA-23047016,trustee,false,3,9301 FALLINGWATER DR BURR RIDGE IL 60527,,,,,30056.399999999998,311550.0
dupage,1002410014,2021-11-22,950000.0,R2021-169942,trustee,false,3,9301 FALLINGWATER DR BURR RIDGE IL 60527,,,,,30056.399999999998,278900.0
dupage,1002410016,2021-03-01,441000.0,DGT-1002410016-2021-03-01,warranty,true,3,9340 S MADISON ST BURR RIDGE IL 60527,,,,,103237.20000000001,47050.0
dupage,1002410017,2021-06-21,441000.0,DPSOA-94964,other,false,3,9340 S MADISON ST WILLOWBROOK IL 60527,,,,,34412.4,99940.0
dupage,1002411005,2023-04-13,917000.0,DPSOA-23022212,warranty,true,3,9 ARCADIA CT BURR RIDGE IL 60527,,,,,33105.6,338610.0
dupage,1002411005,2021-01-20,875000.0,R2021-043404,warranty,true,3,9 ARCADIA CT BURR RIDGE IL 60527,,,,,33105.6,352000.0
dupage,1002411008,2024-11-07,1850000.0,DPSOA-24066649,trustee,false,3,3 ARCADIA CT BURR RIDGE IL 60527,,,,,30491.999999999996,442125.0
dupage,1002411010,2022-12-28,1150000.0,DPSOA-22110778,other,false,3,9425 FALLINGWATER DR BURR RIDGE IL 60527,,,,,30056.399999999998,403930.0
dupage,1002412005,2023-02-16,1155000.0,DPSOA-23009477,warranty,true,3,4 TUMBLEBROOK CT BURR RIDGE IL 60527,,,,,26136.0,361940.0
dupage,1002412006,2022-06-14,1050000.0,DGT-1002412006-2022-06-14,warranty,true,3,6 TUMBLEBROOK CT BURR RIDGE IL 60527,,,,,29185.2,260430.0
dupage,1002412006,2021-01-13,772500.0,DPSOA-6090,warranty,true,3,6 TUMBLEBROOK CT BURR RIDGE IL 60527,,,,,29185.2,257470.0
dupage,1011200002,2023-04-28,365000.0,DPSOA-23025607,warranty,true,3,16W370 95TH PL BURR RIDGE IL 60527,,,,,11325.6,98940.0
dupage,1011200005,2023-05-08,490000.0,DPSOA-23027939,warranty,true,3,16W348 95TH PL BURR RIDGE IL 60527,,,,,11325.6,128240.0
dupage,1011200007,2023-08-31,398000.0,DPSOA-23056238,warranty,true,3,16W328 95TH PL BURR RIDGE IL 60527,,,,,11325.6,115840.0
dupage,1011200007,2022-07-05,398000.0,DGT-1011200007-2022-07-05,warranty,true,3,16W328 95TH PL BURR RIDGE IL 60527,,,,,11325.6,105220.0
dupage,1011201002,2021-12-01,525000.0,DGT-1011201002-2021-12-01,warranty,true,3,16W361 95TH PL BURR RIDGE IL 60527,,,,,11325.6,93150.0
dupage,1011201004,2023-03-03,355000.0,DPSOA-23012338,trustee,false,3,16W337 95TH PL BURR RIDGE IL 60527,,,,,11325.6,111600.0
dupage,1011201008,2024-12-24,880000.0,DGT-1011201008-2024-12-24,warranty,true,3,16W307 95TH PL BURR RIDGE IL 60527,,,,,14810.400000000001,303181.0
dupage,1011201008,2022-01-24,895000.0,DPSOA-8415,warranty,true,3,16W307 95TH PL BURR RIDGE IL 60527,,,,,14810.400000000001,266870.0
dupage,1011201008,2021-12-28,895000.0,R2022-008415,warranty,true,3,16W307 95TH PL BURR RIDGE IL 60527,,,,,14810.400000000001,263840.0
dupage,1011206001,2024-06-20,1720000.0,DPSOA-24034159,warranty,true,3,9520 FALLING WATER DR E BURR RIDGE IL 60527,,,,,27442.8,480165.0
dupage,1011206001,2021-05-31,1250000.0,R2021-092808,warranty,true,3,9520 FALLING WATER DR E BURR RIDGE IL 60527,,,,,27442.8,399540.0
dupage,1011207002,2023-08-07,205000.0,DPSOA-23049918,warranty,true,3,9508 FALLING WATERS DR W BURR RIDGE IL 60527,,,,,32234.399999999998,135090.0
dupage,1011207006,2024-02-27,2012500.0,DPSOA-24010262,warranty,true,3,9600 PACIFIC CT BURR RIDGE IL 60527,,,,,28749.600000000002,455114.0
dupage,1011207007,2024-07-22,350000.0,DPSOA-24041112,trustee,false,3,9620 PACIFIC CT BURR RIDGE IL 60527,,,,,32670.0,129513.0
dupage,1011207007,2023-04-12,219800.0,R2023-023448,other,false,3,9620 PACIFIC CT BURR RIDGE IL 60527,,,,,32670.0,119060.0
dupage,1011207012,2021-01-11,1388890.0,DPSOA-4455,warranty,true,3,9705 PACIFIC CT BURR RIDGE IL 60527,,,,,35283.600000000006,462960.0
dupage,1011207017,2022-11-21,1875000.0,DGT-1011207017-2022-11-21,warranty,true,3,9601 PACIFIC CT BURR RIDGE IL 60527,,,,,40075.200000000004,507700.0
dupage,1011207020,2022-01-12,1200000.0,DPSOA-4265,warranty,true,3,9515 FALLING WATERS BURR RIDGE IL 60527,,,,,32670.0,433030.0
dupage,1011207020,2021-10-01,1200000.0,DGT-1011207020-2021-10-01,warranty,true,3,9515 FALLING WATERS BURR RIDGE IL 60527,,,,,32670.0,428110.0
dupage,1012100007,2022-03-01,112000.0,DPSOA-21892,warranty,true,3,34 MARISSA CT BURR RIDGE IL 60527,,,,,46173.600000000006,112490.0
dupage,1012100008,2021-03-15,600000.0,DPSOA-40574,other,false,3,3 MARISSA CT BURR RIDGE IL 60527,,,,,40075.200000000004,230360.0
dupage,1002403032,2024-05-16,340000.0,DGT-1002403032-2024-05-16,warranty,true,3,16W360 94TH PL BURR RIDGE IL 60527,,,,,11325.6,97869.0
dupage,1002405001,2022-12-20,800000.0,R2022-110767,warranty,true,3,10S560 OAK HILL CT BURR RIDGE IL 60527,,,,,26571.6,212170.0
dupage,1002408008,2021-05-24,195000.0,R2021-102335,warranty,true,3,7 CASCADE CT W BURR RIDGE IL 60527,,,,,23958.000000000004,124170.0
dupage,1002408014,2022-11-01,1200000.0,R2022-103199,warranty,true,3,9295 CASCADE CIR BURR RIDGE IL 60527,,,,,21344.399999999998,322040.0
dupage,1002409001,2021-02-01,1500000.0,DGT-1002409001-2021-02-01,warranty,true,3,9286 FALLING WATERS BURR RIDGE IL 60527,,,,,33976.8,500000.0
dupage,1002409003,2021-06-01,900000.0,DGT-1002409003-2021-06-01,warranty,true,3,9254 FALLING WATERS BURR RIDGE IL 60527,,,,,26136.0,358730.0
dupage,1002409005,2023-11-10,315000.0,DGT-1002409005-2023-11-10,warranty,true,3,9224 FALLING WATERS DR E BURR RIDGE IL 60527,,,,,28749.600000000002,128200.0
dupage,1002409006,2023-06-21,325000.0,DGT-1002409006-2023-06-21,warranty,true,3,9216 FALLING WATER E BURR RIDGE IL 60521,,,,,33105.6,135790.0
dupage,1002409014,2021-08-01,820000.0,DGT-1002409014-2021-08-01,warranty,true,3,8 SYLVAN GLEN CT BURR RIDGE IL 60527,,,,,31798.8,273310.0
dupage,1002409015,2024-06-26,290000.0,DGT-1002409015-2024-06-26,warranty,true,3,10 SYLVAN CT BURR RIDGE IL 60527,,,,,29185.2,86545.0
dupage,1002409016,2023-03-01,1325000.0,R2023-016464,warranty,true,3,12 SYLVAN GLEN CT BURR RIDGE IL 60527,,,,,31798.8,375450.0
dupage,1002409023,2021-11-05,890000.0,R2022-003659,warranty,true,3,9321 FALLING WATERS DR W BURR RIDGE IL 60527,,,,,34848.0,347250.0
dupage,1002409024,2024-02-27,300000.0,DGT-1002409024-2024-02-27,warranty,true,3,9351 FALLING WATERS DR W BURR RIDGE IL 60527,,,,,30056.399999999998,141632.0
dupage,1002409028,2021-08-01,250000.0,DGT-1002409028-2021-08-01,warranty,true,3,9441 FALLING WATER DR W BURR RIDGE IL 60527,,,,,30056.399999999998,136310.0
dupage,1002409032,2023-05-04,375000.0,DGT-1002409032-2023-05-04,warranty,true,3,9450 FALLING WATERS DR E BURR RIDGE IL 60527,,,,,39639.6,148460.0
dupage,1002409034,2021-10-01,675000.0,DGT-1002409034-2021-10-01,warranty,true,3,9400 FALLING WATER DR BURR RIDGE IL 60527,,,,,30491.999999999996,387880.0
dupage,1002409036,2022-05-01,1150000.0,DGT-1002409036-2022-05-01,warranty,true,3,9350 FALLING WATERS DR E BURR RIDGE IL 60527,,,,,35283.600000000006,383300.0
dupage,1002410004,2022-03-01,1225000.0,DGT-1002410004-2022-03-01,warranty,true,3,9171 FALLING WATERS BURR RIDGE IL 60527,,,,,26136.0,387610.0
dupage,1002410011,2021-06-24,1241800.0,R2021-113486,warranty,true,3,9283 FALLINGWATER DR BURR RIDGE IL 60527,,,,,42688.799999999996,404470.0
dupage,1002410014,2023-07-20,1140000.0,R2023-047016,trustee,false,3,9301 FALLINGWATER DR BURR RIDGE IL 60527,,,,,30056.399999999998,311550.0
dupage,1002410017,2021-03-01,441000.0,DGT-1002410017-2021-03-01,warranty,true,3,9340 S MADISON ST WILLOWBROOK IL 60527,,,,,34412.4,99940.0
dupage,1002411005,2023-03-31,917000.0,DGT-1002411005-2023-03-31,warranty,true,3,9 ARCADIA CT BURR RIDGE IL 60527,,,,,33105.6,338610.0
dupage,1002411008,2024-11-04,1850000.0,DGT-1002411008-2024-11-04,warranty,true,3,3 ARCADIA CT BURR RIDGE IL 60527,,,,,30491.999999999996,442125.0
dupage,1002411010,2022-12-23,1150000.0,R2022-110778,other,false,3,9425 FALLINGWATER DR BURR RIDGE IL 60527,,,,,30056.399999999998,403930.0
dupage,1002412005,2023-01-11,1155000.0,R2023-009477,warranty,true,3,4 TUMBLEBROOK CT BURR RIDGE IL 60527,,,,,26136.0,361940.0
dupage,1002412006,2022-06-14,1050000.0,R2022-058721,warranty,true,3,6 TUMBLEBROOK CT BURR RIDGE IL 60527,,,,,29185.2,260430.0
dupage,1002412006,2021-01-06,772500.0,R2021-006090,warranty,true,3,6 TUMBLEBROOK CT BURR RIDGE IL 60527,,,,,29185.2,257470.0
dupage,1011200002,2023-04-18,365000.0,R2023-025607,warranty,true,3,16W370 95TH PL BURR RIDGE IL 60527,,,,,11325.6,98940.0
dupage,1011200005,2023-04-27,490000.0,R2023-027939,warranty,true,3,16W348 95TH PL BURR RIDGE IL 60527,,,,,11325.6,128240.0
dupage,1011200007,2022-07-05,398000.0,R2023-056238,warranty,true,3,16W328 95TH PL BURR RIDGE IL 60527,,,,,11325.6,105220.0
dupage,1011201002,2021-12-14,525000.0,R2021-180152,warranty,true,3,16W361 95TH PL BURR RIDGE IL 60527,,,,,11325.6,93150.0
dupage,1011201004,2023-02-24,355000.0,DGT-1011201004-2023-02-24,warranty,true,3,16W337 95TH PL BURR RIDGE IL 60527,,,,,11325.6,111600.0
dupage,1011201008,2024-12-24,880000.0,R2025-002720,warranty,false,2,16W307 95TH PL BURR RIDGE IL 60527,,,,,14810.400000000001,303181.0
dupage,1011206001,2024-06-11,1720000.0,DGT-1011206001-2024-06-11,warranty,true,3,9520 FALLING WATER DR E BURR RIDGE IL 60527,,,,,27442.8,480165.0
dupage,1011207002,2023-07-14,205000.0,DGT-1011207002-2023-07-14,warranty,true,3,9508 FALLING WATERS DR W BURR RIDGE IL 60527,,,,,32234.399999999998,135090.0
dupage,1011207006,2024-02-09,2012500.0,DGT-1011207006-2024-02-09,warranty,true,3,9600 PACIFIC CT BURR RIDGE IL 60527,,,,,28749.600000000002,455114.0
dupage,1011207007,2024-06-27,350000.0,DGT-1011207007-2024-06-27,warranty,true,3,9620 PACIFIC CT BURR RIDGE IL 60527,,,,,32670.0,129513.0
dupage,1011207017,2022-11-21,1875000.0,R2022-108966,warranty,true,3,9601 PACIFIC CT BURR RIDGE IL 60527,,,,,40075.200000000004,507700.0
dupage,1011207020,2021-10-04,1200000.0,R2022-004265,warranty,true,3,9515 FALLING WATERS BURR RIDGE IL 60527,,,,,32670.0,428110.0
dupage,1012100007,2022-02-01,112000.0,DGT-1012100007-2022-02-01,warranty,true,3,34 MARISSA CT BURR RIDGE IL 60527,,,,,46173.600000000006,112490.0
dupage,1012100008,2021-03-01,600000.0,DGT-1012100008-2021-03-01,warranty,true,3,3 MARISSA CT BURR RIDGE IL 60527,,,,,40075.200000000004,230360.0
dupage,1002403032,2024-05-16,340000.0,R2024-031633,trustee,false,3,16W360 94TH PL BURR RIDGE IL 60527,,,,,11325.6,97869.0
dupage,1002409001,2021-02-12,1500000.0,R2021-027385,warranty,true,3,9286 FALLING WATERS BURR RIDGE IL 60527,,,,,33976.8,500000.0
dupage,1002409003,2021-06-09,900000.0,R2021-092626,trustee,false,3,9254 FALLING WATERS BURR RIDGE IL 60527,,,,,26136.0,358730.0
dupage,1002409005,2023-11-10,315000.0,R2023-075066,warranty,true,3,9224 FALLING WATERS DR E BURR RIDGE IL 60527,,,,,28749.600000000002,128200.0
dupage,1002409006,2023-06-21,325000.0,R2023-041045,trustee,false,3,9216 FALLING WATER E BURR RIDGE IL 60521,,,,,33105.6,135790.0
dupage,1002409014,2021-08-23,820000.0,R2021-130417,warranty,true,3,8 SYLVAN GLEN CT BURR RIDGE IL 60527,,,,,31798.8,273310.0
dupage,1002409015,2024-06-26,290000.0,R2024-039629,warranty,true,3,10 SYLVAN CT BURR RIDGE IL 60527,,,,,29185.2,86545.0
dupage,1002409024,2024-02-27,300000.0,R2024-011491,trustee,false,3,9351 FALLING WATERS DR W BURR RIDGE IL 60527,,,,,30056.399999999998,141632.0
dupage,1002409028,2021-08-04,250000.0,R2021-132715,trustee,false,3,9441 FALLING WATER DR W BURR RIDGE IL 60527,,,,,30056.399999999998,136310.0
dupage,1002409032,2023-05-04,375000.0,R2023-028558,warranty,true,3,9450 FALLING WATERS DR E BURR RIDGE IL 60527,,,,,39639.6,148460.0
dupage,1002409034,2021-10-13,675000.0,R2021-157992,warranty,true,3,9400 FALLING WATER DR BURR RIDGE IL 60527,,,,,30491.999999999996,387880.0
dupage,1002409036,2022-05-04,1150000.0,R2022-046944,trustee,false,3,9350 FALLING WATERS DR E BURR RIDGE IL 60527,,,,,35283.600000000006,383300.0
dupage,1002410004,2022-03-11,1225000.0,R2022-027844,warranty,true,3,9171 FALLING WATERS BURR RIDGE IL 60527,,,,,26136.0,387610.0
dupage,1002410017,2021-03-08,441000.0,R2021-094964,warranty,true,3,9340 S MADISON ST WILLOWBROOK IL 60527,,,,,34412.4,99940.0
dupage,1002411005,2023-03-31,917000.0,R2023-022212,warranty,true,3,9 ARCADIA CT BURR RIDGE IL 60527,,,,,33105.6,338610.0
dupage,1002411008,2024-11-04,1850000.0,R2024-066649,trustee,false,3,3 ARCADIA CT BURR RIDGE IL 60527,,,,,30491.999999999996,442125.0
dupage,1011200007,2022-03-11,300500.0,R2022-032764,trustee,false,3,16W328 95TH PL BURR RIDGE IL 60527,,,,,11325.6,105220.0
dupage,1011201004,2023-02-24,355000.0,R2023-012338,trustee,false,3,16W337 95TH PL BURR RIDGE IL 60527,,,,,11325.6,111600.0
dupage,1011206001,2024-06-11,1720000.0,R2024-034159,warranty,true,3,9520 FALLING WATER DR E BURR RIDGE IL 60527,,,,,27442.8,480165.0
dupage,1011207002,2023-07-14,205000.0,R2023-049918,warranty,true,3,9508 FALLING WATERS DR W BURR RIDGE IL 60527,,,,,32234.399999999998,135090.0
dupage,1011207006,2024-02-09,2012500.0,R2024-010262,warranty,true,3,9600 PACIFIC CT BURR RIDGE IL 60527,,,,,28749.600000000002,455114.0
dupage,1011207007,2024-06-27,350000.0,R2024-041112,trustee,false,3,9620 PACIFIC CT BURR RIDGE IL 60527,,,,,32670.0,129513.0
dupage,1012100007,2022-02-14,112000.0,R2022-021892,warranty,true,3,34 MARISSA CT BURR RIDGE IL 60527,,,,,46173.600000000006,112490.0
dupage,0936404048,2026-02-02,1075000.0,DECL-20260202289766,warranty,true,3,1 HIDDEN LAKE DR BURR RIDGE IL 60527,,,,,43560.0,388142.0
dupage,0913405003,2026-01-09,3750000.0,DECL-20260102270351,warranty,true,3,15W170 60TH ST BURR RIDGE IL 60527,,,,,52707.6,968838.0
dupage,0935204025,2026-03-25,850000.0,DECL-20260302227773,trustee,false,3,401 W 83RD ST BURR RIDGE IL 60521,,,,,22651.2,233574.0
dupage,1001207023,2026-03-20,1045000.0,DECL-20260302220414,warranty,true,3,8980 ENCLAVE DR BURR RIDGE IL 60527,,,,,26571.6,429376.0
dupage,0913300015,2026-02-17,3500000.0,DECL-20260202294571,trustee,false,3,6221 S MADISON ST BURR RIDGE IL 60527,,,,,206038.80000000002,801874.0
dupage,0913308001,2026-04-08,1200000.0,R2026-024513,warranty,true,3,1 CLUBSIDE CT BURR RIDGE IL 60527,,,,,16117.199999999999,367732.0
dupage,0936408012,2026-02-23,1080000.0,DECL-20260202207606,warranty,true,3,23 DEER PATH TRL BURR RIDGE IL 60527,,,,,29185.2,337942.0
dupage,0936109069,2026-04-02,979000.0,DECL-20260402233848,warranty,true,3,15W641 81ST ST BURR RIDGE IL 60527,,,,,16988.4,273845.0
dupage,0913302011,2026-04-17,1900000.0,DECL-20260402245999,trustee,false,3,440 60TH PL BURR RIDGE IL 60521,,,,,14374.800000000001,460069.0
dupage,0913308014,2026-04-03,2000000.0,DECL-20260302224516,warranty,true,3,5 ANDREW CT BURR RIDGE IL 60527,,,,,14810.400000000001,538417.0
dupage,1001203003,2026-04-20,1275000.0,DECL-20260402244785,trustee,false,3,3 BRIDLE CT BURR RIDGE IL 60527,,,,,20037.600000000002,297084.0
dupage,1001304021,2026-04-09,1250000.0,DECL-20260402238647,warranty,true,3,9425 S MADISON ST BURR RIDGE IL 60521,,,,,50093.99999999999,391207.0
dupage,1002401014,2026-02-25,480000.0,DECL-20260202203232,warranty,true,3,16W250 93RD PL BURR RIDGE IL 60527,,,,,22651.2,209794.0
dupage,1002409027,2026-04-15,2488000.0,DECL-20260402236817,warranty,true,3,9427 FALLINGWATER DR BURR RIDGE IL 60527,,,,,29620.800000000003,392709.0
dupage,0913408016,2026-03-23,0.0,DECL-20260302225533,other,false,2,1002 BURR RIDGE CLB BURR RIDGE IL 60527,,,,,6969.6,492641.0
dupage,0936109055,2026-03-16,890000.0,R2026-023834,other,false,3,55 CHESTERFIELD CT BURR RIDGE IL 60521,,,,,3920.3999999999996,261848.0
dupage,0936311019,2026-05-01,750000.0,DECL-20260402233870,warranty,true,3,452 LEONARD LN BURR RIDGE IL 60521,,,,,13939.2,220438.0
dupage,0936407008,2026-03-26,0.0,DECL-20260402244417,other,false,2,120 LAKEWOOD CIR BURR RIDGE IL 60521,,,,,25264.8,281509.0
dupage,0936204003,2026-04-03,615000.0,R2026-022026,trustee,false,3,8100 S PARK AVE BURR RIDGE IL 60527,,,,,16117.199999999999,248585.0
dupage,0935402051,2026-03-02,595000.0,DECL-20260302208735,warranty,true,3,8401 MEADOWBROOK DR BURR RIDGE IL 60527,,,,,49222.799999999996,197423.0
dupage,0913408023,2026-01-30,1900000.0,DECL-20260102282143,trustee,false,3,105 BURR RIDGE CLUB BURR RIDGE IL 60527,,,,,7405.200000000001,395678.0
dupage,1001302025,2026-02-10,875000.0,DECL-20260202295498,warranty,true,3,4 KERI LN BURR RIDGE IL 60527,,,,,43995.6,328493.0
dupage,0936303005,2026-02-26,352000.0,R2026-013168,trustee,false,3,473 KIRKWOOD COVE BURR RIDGE IL 60521,,,,,13068.0,185873.0
dupage,0925207003,2026-02-27,351463.0,DECL-20260202207342,warranty,true,3,7339 S PARK AVE BURR RIDGE IL 60521,,,,,13068.0,110649.0
dupage,1002403016,2026-01-27,728000.0,DECL-20260102282516,trustee,false,3,16W215 94TH ST BURR RIDGE IL 60527,,,,,28314.0,214465.0
dupage,0924207022,2026-03-17,975000.0,R2026-025053,trustee,false,3,802 KENMARE DR BURR RIDGE IL 60521,,,,,6098.400000000001,317085.0
dupage,1011101021,2026-02-17,800000.0,R2026-010673,warranty,true,3,11S054 JACKSON ST BURR RIDGE IL 60527,,,,,49222.799999999996,127292.0
dupage,0913403010,2026-03-24,2499000.0,DECL-20260302224494,warranty,true,3,15W260 62ND ST BURR RIDGE IL 60527,,,,,37026.0,823728.0
dupage,0936312001,2026-01-20,0.0,DECL-20260102287490,other,false,2,131 KRAML DR BURR RIDGE IL 60527,,,,,30491.999999999996,423085.0
dupage,0936404048,2026-02-02,1075000.0,R2026-009811,warranty,true,3,1 HIDDEN LAKE DR BURR RIDGE IL 60527,,,,,43560.0,388142.0
dupage,0935204025,2026-03-25,850000.0,R2026-023624,trustee,false,3,401 W 83RD ST BURR RIDGE IL 60521,,,,,22651.2,233574.0
dupage,1001207023,2026-03-11,1045000.0,DECL-20260302220414,warranty,true,3,8980 ENCLAVE DR BURR RIDGE IL 60527,,,,,26571.6,429376.0
dupage,0913308001,2026-04-08,1200000.0,DECL-20260402236939,warranty,true,3,1 CLUBSIDE CT BURR RIDGE IL 60527,,,,,16117.199999999999,367732.0
dupage,0936408012,2026-02-23,1080000.0,DECL-20260202207625,warranty,true,3,23 DEER PATH TRL BURR RIDGE IL 60527,,,,,29185.2,337942.0
dupage,0936109069,2026-04-02,979000.0,R2026-022523,warranty,true,3,15W641 81ST ST BURR RIDGE IL 60527,,,,,16988.4,273845.0
dupage,0913302011,2026-04-17,1900000.0,DECL-20260402245226,warranty,true,3,440 60TH PL BURR RIDGE IL 60521,,,,,14374.800000000001,460069.0
dupage,0913308014,2026-03-23,2000000.0,DECL-20260302224516,warranty,true,3,5 ANDREW CT BURR RIDGE IL 60527,,,,,14810.400000000001,538417.0
dupage,1001304021,2026-03-24,1250000.0,R2026-024263,warranty,true,3,9425 S MADISON ST BURR RIDGE IL 60521,,,,,50093.99999999999,391207.0
dupage,1002401014,2026-02-25,445000.0,DECL-20260202203201,warranty,true,3,16W250 93RD PL BURR RIDGE IL 60527,,,,,22651.2,209794.0
dupage,1002409027,2026-04-14,2488000.0,DECL-20260402236817,warranty,true,3,9427 FALLINGWATER DR BURR RIDGE IL 60527,,,,,29620.800000000003,392709.0
dupage,0936109055,2026-03-16,890000.0,DECL-20260302220001,other,false,3,55 CHESTERFIELD CT BURR RIDGE IL 60521,,,,,3920.3999999999996,261848.0
dupage,0936204003,2026-04-03,615000.0,DECL-20260402234779,trustee,false,3,8100 S PARK AVE BURR RIDGE IL 60527,,,,,16117.199999999999,248585.0
dupage,0935402051,2026-03-02,595000.0,R2026-015622,warranty,true,3,8401 MEADOWBROOK DR BURR RIDGE IL 60527,,,,,49222.799999999996,197423.0
dupage,0913408023,2026-01-24,1900000.0,R2026-021965,trustee,false,3,105 BURR RIDGE CLUB BURR RIDGE IL 60527,,,,,7405.200000000001,395678.0
dupage,1001302025,2026-02-10,875000.0,R2026-010940,warranty,true,3,4 KERI LN BURR RIDGE IL 60527,,,,,43995.6,328493.0
dupage,0936303005,2026-02-26,352000.0,DECL-20260202204789,trustee,false,3,473 KIRKWOOD COVE BURR RIDGE IL 60521,,,,,13068.0,185873.0
dupage,1001207023,2026-03-11,1045000.0,R2026-020650,warranty,true,3,8980 ENCLAVE DR BURR RIDGE IL 60527,,,,,26571.6,429376.0
dupage,0936408012,2026-02-23,1080000.0,R2026-013323,warranty,true,3,23 DEER PATH TRL BURR RIDGE IL 60527,,,,,29185.2,337942.0
dupage,0913308014,2026-03-23,2000000.0,R2026-024098,warranty,true,3,5 ANDREW CT BURR RIDGE IL 60527,,,,,14810.400000000001,538417.0
dupage,1002401014,2026-02-25,480000.0,R2026-012904,warranty,true,3,16W250 93RD PL BURR RIDGE IL 60527,,,,,22651.2,209794.0
dupage,1002401014,2026-02-19,445000.0,DECL-20260202200373,executor,false,3,16W250 93RD PL BURR RIDGE IL 60527,,,,,22651.2,209794.0
dupage,1002401014,2026-02-19,445000.0,R2026-012903,executor,false,3,16W250 93RD PL BURR RIDGE IL 60527,,,,,22651.2,209794.0
cook,18304020320000,2016-09-20,459500.0,1627333017,warranty,true,3,,3371,1941,4,3.5,,75974.0
cook,18304050080000,2020-12-01,285000.0,2103607555,warranty,true,3,,1468,1962,3,1.0,,37707.0
cook,18304050080000,2019-07-01,235000.0,1919355136,trustee,false,3,,1468,1962,3,1.0,,40228.0
cook,18304070150000,2016-01-14,682500.0,1602733057,trustee,false,3,,3265,1982,5,3.0,,73359.0
cook,18304100100000,2025-07-31,900000.0,2525520172,warranty,true,3,,,,,,,67414.0
cook,18311030230000,2018-02-01,1900000.0,1803308020,other,false,3,,,,,,,0.0
cook,18311050120000,2013-06-27,1100000.0,1319147066,trustee,false,3,,5503,1994,4,4.5,,107500.0
cook,18311050120000,2025-09-09,1475000.0,2529720205,trustee,false,3,,,,,,,98535.0
cook,18311050280000,2024-09-26,1005000.0,2430410004,warranty,true,3,,5429,,,,,102934.0
cook,18311060050000,2019-09-18,1.0,1926755098,quit_claim,false,2,,3242,1985,4,3.0,,63216.0
cook,18312110440000,2013-05-01,794444.0,1313639073,other,false,2,,,,,,,2076.0
cook,18313050170000,2015-07-08,800000.0,1521041022,warranty,true,3,,4941,1990,4,3.5,,81725.0
cook,23061080020000,2013-07-30,2450000.0,1328101023,warranty,true,3,,5317,2006,5,4.5,,107778.0
cook,18312110440000,2013-12-01,862000.0,1335855005,other,false,2,,,,,,,2076.0
dupage,1001302076,2015-05-11,1140500.0,R2015-056177,warranty,true,2,1 KERI LN BURR RIDGE IL 60521,,,,,45738.0,
dupage,0913408035,2015-11-20,850000.0,R2015-130777,warranty,true,2,1203 BURR RIDGE CLB BURR RIDGE IL 60527,,,,,7840.799999999999,
dupage,0925207008,2016-02-26,160000.0,R2016-025178,warranty,true,2,7340 S HAMILTON AVE BURR RIDGE IL 60527,,,,,13068.0,
dupage,1001207080,2017-01-27,775000.0,R2017-012262,trustee,false,2,15W070 91ST ST BURR RIDGE IL 60527,,,,,21780.0,
dupage,0936206015,2017-05-18,772500.0,R2017-051746,warranty,true,2,8201 KATHRYN CT BURR RIDGE IL 60527,,,,,17859.6,
dupage,0925202005,2017-09-12,94000.0,R2017-098148,warranty,true,2,7239 GIDDINGS AVE BURR RIDGE IL 60527,,,,,15681.599999999999,
dupage,0913303016,2017-11-10,335000.0,R2017-121271,warranty,true,2,15W522 63RD ST BURR RIDGE IL 60521,,,,,18295.2,
dupage,1002409031,2018-03-16,250000.0,R2018-024983,warranty,true,2,9476 FALLING WATERS BURR RIDGE IL 60527,,,,,33541.200000000004,
dupage,0913300081,2018-08-15,450000.0,R2018-080612,warranty,true,2,6059 S MADISON ST BURR RIDGE IL 60527,,,,,27442.8,
dupage,0936403003,2018-11-15,453100.0,R2018-108099,warranty,false,1,364 TAMERTON PKWY BURR RIDGE IL 60527,,,,,13503.6,
dupage,0936209007,2018-12-26,150000.0,R2019-000690,other,false,2,"15W345 81ST ST # 2-3 BURR RIDGE IL 60527",,,,,235659.6,
dupage,0925111023,2019-05-13,410500.0,R2019-040410,warranty,true,2,105 CHESTNUT HILLS BURR RIDGE IL 60527,,,,,22651.2,
dupage,1001306007,2019-12-09,501000.0,R2020-002124,warranty,true,2,122 OAK RIDGE DR E BURR RIDGE IL 60527,,,,,44866.8,
dupage,1001102003,2019-12-09,180000.0,R2019-120578,trustee,false,2,VINE ST BURR RIDGE IL 60527,,,,,35719.2,
dupage,0925302023,2019-12-31,1537500.0,R2020-003582,warranty,true,2,15W700 79TH ST BURR RIDGE IL 60527,,,,,91476.0,
dupage,1001106003,2020-03-05,655000.0,R2020-029781,trustee,false,2,5 HUNTER CT BURR RIDGE IL 60527,,,,,30056.399999999998,
dupage,0925205001,2020-07-14,560000.0,R2020-088727,warranty,true,2,7309 GARFIELD AVE BURR RIDGE IL 60527,,,,,12632.4,
dupage,1011207015,2020-07-30,700000.0,R2020-095594,warranty,true,2,9645 PACIFIC CT BURR RIDGE IL 60527,,,,,41382.0,
dupage,0925205005,2020-07-31,160000.0,R2020-091811,executor,false,2,7337 GARFIELD BURR RIDGE IL 60527,,,,,12632.4,
dupage,0913408012,2020-10-06,1440000.0,R2020-138924,warranty,true,2,805 BURR RIDGE CLUB BURR RIDGE IL 60527,,,,,8276.4,
dupage,1001302057,2020-10-19,625000.0,R2021-069745,warranty,true,2,132 CIRCLE RIDGE DR BURR RIDGE IL 60527,,,,,20037.600000000002,
dupage,0936104044,2020-11-13,500000.0,R2020-138379,trustee,false,2,34 PINE TREE LN BURR RIDGE IL 60527,,,,,3484.8,
dupage,0925303003,2025-01-24,7250000.0,R2025-005952,warranty,true,2,411-21 HEATHROW CT BURR RIDGE IL 60527,,,,,38332.8,
dupage,0913408016,2025-08-15,2425000.0,R2025-052980,warranty,true,2,1002 BURR RIDGE CLB BURR RIDGE IL 60527,,,,,6969.6,
dupage,0913408016,2025-08-15,2425000.0,DECL-20250802265044,warranty,true,2,1002 BURR RIDGE CLB BURR RIDGE IL 60527,,,,,6969.6,
dupage,0936107003,2025-11-04,769000.0,R2026-003521,warranty,true,2,8141 RIDGEPOINTE DR BURR RIDGE IL 60527,,,,,20037.600000000002,
dupage,0936107003,2025-11-04,769000.0,DECL-20251102228609,warranty,true,2,8141 RIDGEPOINTE DR BURR RIDGE IL 60527,,,,,20037.600000000002,
dupage,0936107003,2025-11-07,769000.0,DECL-20251102228609,warranty,true,2,8141 RIDGEPOINTE DR BURR RIDGE IL 60527,,,,,20037.600000000002,
dupage,0936209036,2025-12-16,0.0,DECL-20251202260099,other,false,1,"8078 GARFIELD AVE # 4 BURR RIDGE IL 60527",,,,,235659.6,
dupage,0936100004,2025-12-17,915000.0,R2026-000274,warranty,true,2,15W749 79TH ST BURR RIDGE IL 60527,,,,,16552.8,
dupage,1001102003,2019-12-01,180000.0,DGT-1001102003-2019-12-01,warranty,true,2,VINE ST BURR RIDGE IL 60527,,,,,35719.2,
dupage,1001106003,2020-03-01,655000.0,DGT-1001106003-2020-03-01,warranty,true,2,5 HUNTER CT BURR RIDGE IL 60527,,,,,30056.399999999998,
dupage,1001207063,2016-11-01,586250.0,DGT-1001207063-2016-11-01,warranty,true,2,112 ASHTON DR BURR RIDGE IL 60527,,,,,20473.199999999997,
dupage,1002409031,2018-03-01,250000.0,DGT-1002409031-2018-03-01,warranty,true,2,9476 FALLING WATERS BURR RIDGE IL 60527,,,,,33541.200000000004,
dupage,1002409037,2013-05-01,2475000.0,DGT-1002409037-2013-05-01,warranty,true,2,9326 FALLINGWATER DR BURR RIDGE IL 60527,,,,,29185.2,
dupage,1001302057,2020-10-01,625000.0,DGT-1001302057-2020-10-01,warranty,true,2,132 CIRCLE RIDGE DR BURR RIDGE IL 60527,,,,,20037.600000000002,
dupage,1001302076,2015-05-01,1140500.0,DGT-1001302076-2015-05-01,warranty,true,2,1 KERI LN BURR RIDGE IL 60521,,,,,45738.0,
dupage,1001306007,2019-12-01,501000.0,DGT-1001306007-2019-12-01,warranty,true,2,122 OAK RIDGE DR E BURR RIDGE IL 60527,,,,,44866.8,
dupage,1011207015,2020-07-01,700000.0,DGT-1011207015-2020-07-01,warranty,true,2,9645 PACIFIC CT BURR RIDGE IL 60527,,,,,41382.0,
dupage,0913300061,2016-02-25,725000.0,DPSOA-17931,warranty,true,2,7 NORRIS DR BURR RIDGE IL 60527,,,,,23086.800000000003,
dupage,0913300081,2018-08-27,450000.0,DPSOA-80612,warranty,true,2,6059 S MADISON ST BURR RIDGE IL 60527,,,,,27442.8,
dupage,0913300087,2017-05-17,970000.0,DPSOA-48178,warranty,true,2,224 W 59TH ST BURR RIDGE IL 60527,,,,,20037.600000000002,
dupage,0913301023,2000-06-02,300000.0,DPSOA-82554,other,false,2,5905 S GRANT ST BURR RIDGE IL 60527,,,,,19166.4,
dupage,0913302017,2006-04-28,795000.0,DPSOA-78272,warranty,true,2,6025 WOODCREEK DR BURR RIDGE IL 60527,,,,,15245.999999999998,
dupage,0913303016,2017-11-27,335000.0,DPSOA-121271,warranty,true,2,15W522 63RD ST BURR RIDGE IL 60521,,,,,18295.2,
dupage,0913400019,2000-05-30,600000.0,DPSOA-79870,other,false,2,5901 GIDDINGS AVE HINSDALE IL 60521,,,,,25264.8,
dupage,0913402006,2003-10-20,694000.0,DPSOA-402676,other,false,2,6037 SEDGLEY CT BURR RIDGE IL 60527,,,,,19602.0,
dupage,0913406010,2003-11-24,1100000.0,DPSOA-449545,warranty,true,2,15 WOODGATE DR BURR RIDGE IL 60527,,,,,22215.600000000002,
dupage,0913407011,2014-06-27,900000.0,DPSOA-55697,warranty,true,2,6 WOODGATE DR BURR RIDGE IL 60527,,,,,22651.2,
dupage,0913407015,2012-05-03,755000.0,DPSOA-57169,other,false,2,601 BURR RIDGE CLB BURR RIDGE IL 60527,,,,,7405.200000000001,
dupage,0913408022,2014-11-20,825000.0,DPSOA-109714,other,false,2,301 BURR RIDGE CLUB BURR RIDGE IL 60527,,,,,14810.400000000001,
dupage,0924201002,2005-11-03,2000000.0,DPSOA-246452,other,false,2,6307 ELM ST BURR RIDGE IL 60521,,,,,103672.79999999999,
dupage,0924206003,2000-02-04,644412.0,DPSOA-17619,other,false,2,105 KENMARE DR BURR RIDGE IL 60527,,,,,6098.400000000001,
dupage,0924206019,2000-09-25,582915.0,DPSOA-148216,other,false,2,602 KENMARE DR BURR RIDGE IL 60521,,,,,5227.2,
dupage,0924207001,2009-06-15,1181500.0,DPSOA-90390,warranty,true,2,202 KENMARE DR BURR RIDGE IL 60527,,,,,6098.400000000001,
dupage,0924207011,2001-07-31,516777.0,DPSOA-157276,other,false,2,401 KENMARE DR BURR RIDGE IL 60527,,,,,4791.6,
dupage,0924209004,2003-05-13,1100000.0,DPSOA-182060,warranty,true,2,1203 KENMARE DR BURR RIDGE IL 60527,,,,,9147.6,
dupage,0924209007,2013-08-07,800000.0,DPSOA-115098,other,false,2,1204 KENMARE DR BURR RIDGE IL 60527,,,,,7405.200000000001,
dupage,0924209013,2003-06-09,1065000.0,DPSOA-216246,warranty,true,2,1001 KENMARE DR BURR RIDGE IL 60527,,,,,7405.200000000001,
dupage,0925102009,2007-04-09,1175000.0,DPSOA-64970,warranty,true,2,7381 S MADISON ST BURR RIDGE IL 60527,,,,,14810.400000000001,
dupage,0925107056,2005-08-25,375000.0,DPSOA-185281,warranty,true,2,15W640 74TH ST BURR RIDGE IL 60527,,,,,21344.399999999998,
dupage,0925111002,2012-04-19,267000.0,DPSOA-51021,warranty,true,2,7242 CHESTNUT HILLS BURR RIDGE IL 60527,,,,,22215.600000000002,
dupage,0925111023,2019-05-24,410500.0,DPSOA-40410,warranty,true,2,105 CHESTNUT HILLS BURR RIDGE IL 60527,,,,,22651.2,
dupage,0925202005,2017-09-22,94000.0,DPSOA-98148,warranty,true,2,7239 GIDDINGS AVE BURR RIDGE IL 60527,,,,,15681.599999999999,
dupage,0925205005,2020-08-20,160000.0,DPSOA-91811,executor,false,2,7337 GARFIELD BURR RIDGE IL 60527,,,,,12632.4,
dupage,0925207008,2016-03-17,160000.0,DPSOA-25178,warranty,true,2,7340 S HAMILTON AVE BURR RIDGE IL 60527,,,,,13068.0,
dupage,0925304006,2012-07-13,265000.0,DPSOA-90750,warranty,true,2,7716 S GRANT ST BURR RIDGE IL 60527,,,,,108464.40000000001,
dupage,0925404018,2008-11-12,475000.0,DPSOA-164621,warranty,true,2,219 79TH ST BURR RIDGE IL 60527,,,,,40075.200000000004,
dupage,0935203010,2014-12-02,625000.0,DPSOA-112793,warranty,true,2,166 SHORE DR BURR RIDGE IL 60527,,,,,49222.799999999996,
dupage,0935204019,2016-09-08,1875000.0,DPSOA-96340,warranty,true,2,340 SHORE DR BURR RIDGE IL 60527,,,,,58370.4,
dupage,0935204026,2012-06-14,1250000.0,DPSOA-75997,warranty,true,2,16W300 83RD ST BURR RIDGE IL 60521,,,,,35719.2,
dupage,0935206002,2011-04-11,535000.0,DPSOA-47310,warranty,true,2,"114 SHORE DR # 2 BURR RIDGE IL 60527",,,,,49222.799999999996,
dupage,0935400038,2003-07-09,600000.0,DPSOA-261781,warranty,true,2,16W445 S FRONTAGE RD BURR RIDGE IL 60527,,,,,17859.6,
dupage,0935402027,2000-10-13,315000.0,DPSOA-160323,warranty,true,2,904 PRAIRIE RIDGE CT BURR RIDGE IL 60527,,,,,22651.2,
dupage,0935402036,2001-08-17,1035000.0,DPSOA-174032,warranty,true,2,8520 TIMBER RIDGE DR BURR RIDGE IL 60527,,,,,21780.0,
dupage,0935403021,2005-04-28,750000.0,DPSOA-87459,other,false,2,45 W 83RD ST BURR RIDGE IL 60527,,,,,16988.4,
dupage,0936101006,2003-10-28,330000.0,DPSOA-414567,warranty,true,2,9S177 MADISON ST BURR RIDGE IL 60527,,,,,24393.600000000002,
dupage,0936104047,2004-06-03,490000.0,DPSOA-147611,other,false,2,40 PINE TREE LN BURR RIDGE IL 60527,,,,,3484.8,
dupage,0936104049,2013-08-06,417000.0,DPSOA-114194,warranty,true,2,44 PINE TREE LN BURR RIDGE IL 60521,,,,,3484.8,
dupage,0936104060,2010-05-11,540000.0,DPSOA-60468,other,false,2,61 PINE TREE LN BURR RIDGE IL 60527,,,,,3484.8,
dupage,0936106025,2013-03-20,485000.0,DPSOA-41981,warranty,true,2,8 LAKE RIDGE CT BURR RIDGE IL 60521,,,,,24829.199999999997,
dupage,0936109023,2013-03-22,555000.0,DPSOA-43560,warranty,true,2,23 LAKE RIDGE CLUB BURR RIDGE IL 60527,,,,,3920.3999999999996,
dupage,0936204019,2004-08-31,420000.0,DPSOA-230621,warranty,true,2,8219 GARFIELD AVE BURR RIDGE IL 60527,,,,,16117.199999999999,
dupage,0936205002,2002-05-13,420000.0,DPSOA-127766,warranty,true,2,8126 KATHRYN CT BURR RIDGE IL 60521,,,,,16117.199999999999,
dupage,0936206007,2012-08-20,575000.0,DPSOA-110445,other,false,2,15W241 81ST ST BURR RIDGE IL 60527,,,,,108900.0,
dupage,0936300006,2006-10-12,515000.0,DPSOA-197608,other,false,2,15W703 83RD ST BURR RIDGE IL 60527,,,,,33105.6,
dupage,0936300015,2008-07-03,690000.0,DPSOA-106104,other,false,2,8413 CHARLESTON DR BURR RIDGE IL 60527,,,,,20037.600000000002,
dupage,0936302001,2000-11-20,445000.0,DPSOA-182185,warranty,true,2,8300 CLYNDERVEN RD BURR RIDGE IL 60521,,,,,13939.2,
dupage,0936302002,2005-02-25,565000.0,DPSOA-38839,warranty,true,2,8312 CLYNDERVEN RD BURR RIDGE IL 60527,,,,,12632.4,
dupage,0936302020,2005-04-22,339000.0,DPSOA-82557,warranty,true,2,600 BRIARWOOD DR BURR RIDGE IL 60527,,,,,15681.599999999999,
dupage,0936304042,2014-08-05,557500.0,DPSOA-69104,other,false,2,8501 CLYNDERVEN RD BURR RIDGE IL 60521,,,,,13939.2,
dupage,0936308006,2009-02-12,582500.0,DPSOA-19231,warranty,true,2,419 BENNACOTT LN BURR RIDGE IL 60527,,,,,22651.2,
dupage,0936309020,2007-10-17,580000.0,DPSOA-189028,warranty,true,2,515 LEONARD LN BURR RIDGE IL 60527,,,,,13939.2,
dupage,0936311026,2005-03-14,635000.0,DPSOA-50793,warranty,true,2,501 87TH ST BURR RIDGE IL 60527,,,,,15681.599999999999,
dupage,0936311036,2000-04-28,465000.0,DPSOA-61624,warranty,true,2,8538 CLYNDERVEN RD BURR RIDGE IL 60521,,,,,16117.199999999999,
dupage,0936404006,2020-01-03,470000.0,DPSOA-852,warranty,true,2,8361 S PARK AVE BURR RIDGE IL 60527,,,,,17424.0,
dupage,0936404033,2019-05-23,582000.0,DPSOA-40101,warranty,true,2,20 DEER PATH TRL BURR RIDGE IL 60527,,,,,33105.6,
dupage,0936406028,2009-12-11,524000.0,DPSOA-184600,warranty,true,2,8664 WEDGEWOOD DR BURR RIDGE IL 60521,,,,,18730.8,
dupage,0936408005,2012-03-30,630000.0,DPSOA-41363,warranty,true,2,55 DEER PATH LN OAK BROOK IL 60523,,,,,20037.600000000002,
dupage,1001102006,2002-03-27,223000.0,DPSOA-83734,warranty,true,2,15W627 89TH ST BURR RIDGE IL 60527,,,,,35283.600000000006,
dupage,1001103009,2003-11-24,1285000.0,DPSOA-449518,warranty,true,2,9060 TURNBERRY DR BURR RIDGE IL 60527,,,,,28749.600000000002,
dupage,1001105003,2000-04-07,403260.0,DPSOA-49841,warranty,true,2,8720 S GRANT ST BURR RIDGE IL 60527,,,,,20037.600000000002,
dupage,1001107029,2014-04-14,800000.0,DPSOA-30322,other,false,2,8733 POLO RIDGE CT BURR RIDGE IL 60527,,,,,27007.2,
dupage,1001207030,2005-12-14,995000.0,DPSOA-276297,warranty,true,2,8961 ENCLAVE DR BURR RIDGE IL 60527,,,,,26571.6,
dupage,1001207063,2003-07-24,650000.0,DPSOA-286962,executor,false,2,112 ASHTON DR BURR RIDGE IL 60527,,,,,20473.199999999997,
dupage,1001300008,2010-07-16,210100.0,DPSOA-90704,other,false,2,10S440 GLENN DR BURR RIDGE IL 60527,,,,,20037.600000000002,
dupage,1001301011,2014-09-23,470000.0,DPSOA-87442,other,false,2,10S526 GLENN DR BURR RIDGE IL 60527,,,,,20037.600000000002,
dupage,1001301023,2005-01-13,265000.0,DPSOA-9972,other,false,2,9323 S MADISON ST BURR RIDGE IL 60527,,,,,20037.600000000002,
dupage,1001301024,2005-01-13,290000.0,DPSOA-9965,warranty,true,2,9341 S MADISON ST BURR RIDGE IL 60527,,,,,20037.600000000002,
dupage,1001302046,2004-02-06,922500.0,DPSOA-36776,warranty,true,2,110 CIRCLE RIDGE DR BURR RIDGE IL 60527,,,,,20908.8,
dupage,1001302070,2003-06-23,815000.0,DPSOA-236434,warranty,true,2,158 CIRCLE RIDGE DR BURR RIDGE IL 60527,,,,,47044.8,
dupage,1001302076,2015-05-28,1140500.0,DPSOA-56177,warranty,true,2,1 KERI LN BURR RIDGE IL 60521,,,,,45738.0,
dupage,1001303008,2009-08-28,350000.0,DPSOA-134073,other,false,2,28 RODEO DR BURR RIDGE IL 60527,,,,,37026.0,
dupage,1001307006,2006-09-05,916000.0,DPSOA-171190,other,false,2,119 CIRCLE RIDGE DR BURR RIDGE IL 60527,,,,,22215.600000000002,
dupage,1001308002,2003-10-31,520000.0,DPSOA-419261,warranty,true,2,4 BEL AIRE CT BURR RIDGE IL 60527,,,,,3484.8,
dupage,1001308038,2006-02-09,662500.0,DPSOA-25579,warranty,true,2,63 MALIBU CT BURR RIDGE IL 60527,,,,,3920.3999999999996,
dupage,1001401030,2003-01-24,236000.0,DPSOA-29534,other,false,2,9230 FOREST EDGE DR BURR RIDGE IL 60527,,,,,28749.600000000002,
dupage,1001401032,2003-08-21,240000.0,DPSOA-331875,other,false,2,9270 FOREST EDGE LN BURR RIDGE IL 60527,,,,,23958.000000000004,
dupage,1001406016,2014-04-28,500000.0,DPSOA-35110,warranty,true,2,22 RODEO DR BURR RIDGE IL 60527,,,,,3484.8,
dupage,1002409027,2017-08-14,600000.0,DPSOA-82945,quit_claim,false,2,9427 FALLINGWATER DR BURR RIDGE IL 60527,,,,,29620.800000000003,
dupage,1002409031,2018-03-22,250000.0,DPSOA-24983,warranty,true,2,9476 FALLING WATERS BURR RIDGE IL 60527,,,,,33541.200000000004,
dupage,1002409033,2003-07-30,1815000.0,DPSOA-294377,other,false,2,9426 FALLINGWATERS DR BURR RIDGE IL 60527,,,,,35719.2,
dupage,1002409037,2013-06-11,2475000.0,DPSOA-84066,warranty,true,2,9326 FALLINGWATER DR BURR RIDGE IL 60527,,,,,29185.2,
dupage,1011101021,2010-09-23,735000.0,DPSOA-127443,warranty,true,2,11S054 JACKSON ST BURR RIDGE IL 60527,,,,,49222.799999999996,
dupage,1011207015,2020-08-27,700000.0,DPSOA-95594,other,false,2,9645 PACIFIC CT BURR RIDGE IL 60527,,,,,41382.0,
dupage,1002409023,2015-07-17,1115000.0,R2015-082968,warranty,true,2,9321 FALLING WATERS DR W BURR RIDGE IL 60527,,,,,34848.0,
dupage,0935204011,2015-09-15,5650000.0,R2015-105105,warranty,true,2,16W361 S FRONTAGE RD BURR RIDGE IL 60527,,,,,227383.19999999998,
dupage,1001100029,2015-12-09,721750.0,R2016-002943,warranty,true,2,8725 MADISON ST BURR RIDGE IL 60527,,,,,25700.399999999998,
dupage,0936400010,2016-05-26,923050.0,R2016-059485,trustee,false,2,8320 S COUNTY LINE RD BURR RIDGE IL 60527,,,,,62290.799999999996,
dupage,1002211002,2016-06-15,1875000.0,R2016-067165,warranty,true,2,16W122 91ST ST BURR RIDGE IL 60527,,,,,217800.0,
dupage,0913308006,2016-06-30,1285000.0,R2016-075016,warranty,true,2,11 CLUBSIDE CT BURR RIDGE IL 60527,,,,,20473.199999999997,
dupage,0936403011,2016-11-28,625000.0,R2017-000500,warranty,true,2,8462 HEATHER CT BURR RIDGE IL 60527,,,,,18295.2,
dupage,1001307022,2016-12-26,910000.0,R2017-001765,warranty,true,2,4 DEVON RIDGE CT BURR RIDGE IL 60527,,,,,23086.800000000003,
dupage,0935203014,2017-02-09,2160000.0,R2017-016052,warranty,true,2,224 SHORE CT BURR RIDGE IL 60527,,,,,66646.8,
dupage,1001406014,2017-04-05,505000.0,R2017-034521,warranty,true,2,20 RODEO DR BURR RIDGE IL 60521,,,,,3484.8,
dupage,1001106034,2017-04-26,840000.0,R2017-048614,warranty,true,2,5 TODOR CT BURR RIDGE IL 60527,,,,,24829.199999999997,
dupage,0924207005,2017-06-20,775000.0,R2017-062082,trustee,false,2,402 KENMARE DR BURR RIDGE IL 60527,,,,,4791.6,
dupage,1002404011,2017-07-17,420000.0,R2017-074363,warranty,true,2,16W280 94TH PL BURR RIDGE IL 60527,,,,,22215.600000000002,
dupage,0924209009,2017-07-27,860000.0,R2017-081890,trustee,false,2,1101 KENMARE DR BURR RIDGE IL 60527,,,,,4791.6,
dupage,0925107056,2017-11-30,250000.0,R2017-124427,warranty,true,2,15W640 74TH ST BURR RIDGE IL 60527,,,,,21344.399999999998,
dupage,0936300029,2018-01-30,1575000.0,R2018-009970,trustee,false,2,8385 WATERVIEW CT BURR RIDGE IL 60527,,,,,32234.399999999998,
dupage,0913408035,2018-07-02,1300000.0,R2018-065690,warranty,true,2,1203 BURR RIDGE CLB BURR RIDGE IL 60527,,,,,7840.799999999999,
dupage,0924206023,2018-07-12,832500.0,R2018-068922,trustee,false,2,601 KENMARE DR BURR RIDGE IL 60521,,,,,6534.0,
dupage,0936305013,2018-09-06,408000.0,R2018-089438,other,false,1,8360 DOLFOR CV BURR RIDGE IL 60527,,,,,13939.2,
dupage,0935203029,2019-01-09,4940000.0,R2019-004497,trustee,false,2,260-62 SHORE CT BURR RIDGE IL 60527,,,,,103237.20000000001,
dupage,0924204003,2019-01-22,900000.0,R2019-005249,warranty,true,2,6964 FIELDSTONE DR BURR RIDGE IL 60527,,,,,23522.4,
dupage,0913303002,2019-02-08,1180000.0,R2019-018693,trustee,false,2,6235 S GRANT ST BURR RIDGE IL 60527,,,,,37897.2,
dupage,1001207080,2019-02-18,819000.0,R2019-014281,warranty,true,2,15W070 91ST ST BURR RIDGE IL 60527,,,,,21780.0,
dupage,0913403004,2019-03-25,3000000.0,R2019-025273,warranty,true,2,6130 S ELM ST BURR RIDGE IL 60527,,,,,52707.6,
dupage,0925303017,2019-05-15,662000.0,R2019-048149,warranty,true,2,405-09 HEATHROW CT BURR RIDGE IL 60527,,,,,65775.6,
dupage,0936300020,2019-05-24,511000.0,R2019-044347,warranty,true,2,664 CAMELOT DR BURR RIDGE IL 60527,,,,,20037.600000000002,
dupage,1001103010,2019-05-28,1200000.0,R2019-045296,trustee,false,2,9040 TURNBERRY DR BURR RIDGE IL 60527,,,,,26571.6,
dupage,1002408008,2019-07-26,110000.0,R2019-066806,trustee,false,2,7 CASCADE CT W BURR RIDGE IL 60527,,,,,23958.000000000004,
dupage,1001100034,2019-09-23,900000.0,R2019-117567,other,false,2,8891 S MADISON ST BURR RIDGE IL 60527,,,,,30056.399999999998,
dupage,0936106028,2019-12-02,1285000.0,R2019-115889,warranty,true,2,8151 LAKE RIDGE DR BURR RIDGE IL 60527,,,,,30056.399999999998,
dupage,0924404004,2020-04-24,800000.0,R2020-042016,warranty,true,2,7000 S COUNTY LINE RD BURR RIDGE IL 60527,,,,,69260.40000000001,
dupage,1001207013,2020-08-14,495000.0,R2020-100896,trustee,false,2,9021 ROYAL DR BURR RIDGE IL 60527,,,,,20473.199999999997,
dupage,1001207081,2020-09-10,180000.0,R2020-117156,warranty,true,2,15W050 91ST ST BURR RIDGE IL 60527,,,,,21780.0,
dupage,0935404002,2020-12-18,1600000.0,R2021-056040,warranty,true,2,812 LAKEVIEW LN BURR RIDGE IL 60527,,,,,38332.8,
dupage,0913408001,2025-03-04,1625000.0,R2025-017238,trustee,false,2,701 BURR RIDGE CLUB BURR RIDGE IL 60527,,,,,17859.6,
dupage,0936210008,2025-04-23,317500.0,R2025-023595,warranty,true,2,"7970 GARFIELD AVE # 202 BURR RIDGE IL 60527",,,,,72745.2,
dupage,0925210014,2025-05-27,1200000.0,R2025-035513,warranty,true,2,15W320 FRONTAGE RD BURR RIDGE IL 60527,,,,,65340.0,
dupage,0924405019,2025-06-20,1385000.0,R2025-050702,warranty,true,2,6878 N FIELDSTONE DR BURR RIDGE IL 60527,,,,,18295.2,
dupage,0924405019,2025-06-20,1385000.0,DECL-20250602220129,warranty,true,2,6878 N FIELDSTONE DR BURR RIDGE IL 60527,,,,,18295.2,
dupage,0925207016,2025-08-20,1250000.0,R2025-060314,warranty,true,2,7319 S PARK AVE BURR RIDGE IL 60527,,,,,13068.0,
dupage,0925207016,2025-08-20,1250000.0,DECL-20250802267009,warranty,true,2,7319 S PARK AVE BURR RIDGE IL 60527,,,,,13068.0,
dupage,0925403015,2025-09-11,437000.0,R2025-072924,trustee,false,2,303 W 79TH ST BURR RIDGE IL 60521,,,,,40075.200000000004,
dupage,1001100030,2015-04-01,812500.0,DGT-1001100030-2015-04-01,warranty,true,2,8720 POLO RIDGE CT BURR RIDGE IL 60527,,,,,25700.399999999998,
dupage,1001100034,2019-09-01,900000.0,DGT-1001100034-2019-09-01,warranty,true,2,8891 S MADISON ST BURR RIDGE IL 60527,,,,,30056.399999999998,
dupage,1001103008,2013-06-01,670000.0,DGT-1001103008-2013-06-01,warranty,true,2,9080 TURNBERRY DR BURR RIDGE IL 60527,,,,,31363.199999999997,
dupage,1001103010,2019-05-01,1200000.0,DGT-1001103010-2019-05-01,warranty,true,2,9040 TURNBERRY DR BURR RIDGE IL 60527,,,,,26571.6,
dupage,1001106034,2017-04-01,840000.0,DGT-1001106034-2017-04-01,warranty,true,2,5 TODOR CT BURR RIDGE IL 60527,,,,,24829.199999999997,
dupage,1001109010,2013-03-01,655000.0,DGT-1001109010-2013-03-01,warranty,true,2,6 MORGAN CT BURR RIDGE IL 60527,,,,,20037.600000000002,
dupage,1001207007,2020-11-01,642000.0,DGT-1001207007-2020-11-01,warranty,true,2,8921 ROYAL DR BURR RIDGE IL 60527,,,,,23958.000000000004,
dupage,1001207013,2020-08-01,495000.0,DGT-1001207013-2020-08-01,warranty,true,2,9021 ROYAL DR BURR RIDGE IL 60527,,,,,20473.199999999997,
dupage,1001207080,2019-02-01,819000.0,DGT-1001207080-2019-02-01,warranty,true,2,15W070 91ST ST BURR RIDGE IL 60527,,,,,21780.0,
dupage,1002402015,2018-11-01,370000.0,DGT-1002402015-2018-11-01,warranty,true,2,10S666 OAK HILL CT BURR RIDGE IL 60527,,,,,27007.2,
dupage,1002404011,2017-07-01,420000.0,DGT-1002404011-2017-07-01,warranty,true,2,16W280 94TH PL BURR RIDGE IL 60527,,,,,22215.600000000002,
dupage,1002407009,2018-07-01,300000.0,DGT-1002407009-2018-07-01,warranty,true,2,FALLINGWATER DR BURR RIDGE IL 60527,,,,,139392.0,
dupage,1001307022,2016-12-01,910000.0,DGT-1001307022-2016-12-01,warranty,true,2,4 DEVON RIDGE CT BURR RIDGE IL 60527,,,,,23086.800000000003,
dupage,1001401037,2014-04-01,225000.0,DGT-1001401037-2014-04-01,warranty,true,2,9225 FOREST EDGE LN BURR RIDGE IL 60527,,,,,26571.6,
dupage,1001306016,2024-09-05,1550000.0,DGT-1001306016-2024-09-05,warranty,true,2,108 OAK RIDGE DR BURR RIDGE IL 60521,,,,,58370.4,
dupage,1001406003,2016-05-01,507000.0,DGT-1001406003-2016-05-01,warranty,true,2,14 LAUREL OAK CT BURR RIDGE IL 60527,,,,,3484.8,
dupage,1001406014,2017-04-01,505000.0,DGT-1001406014-2017-04-01,warranty,true,2,20 RODEO DR BURR RIDGE IL 60521,,,,,3484.8,
dupage,0913302037,2011-05-31,1050000.0,DPSOA-65043,other,false,2,4 RIDGE FARM RD BURR RIDGE IL 60527,,,,,18295.2,
dupage,0913303002,2019-03-14,1180000.0,DPSOA-18693,other,false,2,6235 S GRANT ST BURR RIDGE IL 60527,,,,,37897.2,
dupage,0913306011,2018-12-12,1120000.0,DPSOA-114205,warranty,true,2,6101 KELLER DR BURR RIDGE IL 60521,,,,,20908.8,
dupage,0913307003,2000-03-23,1250000.0,DPSOA-41767,warranty,true,2,6185 WILDWOOD LN BURR RIDGE IL 60527,,,,,26136.0,
dupage,0913308001,2003-09-15,925000.0,DPSOA-361559,other,false,2,1 CLUBSIDE CT BURR RIDGE IL 60527,,,,,16117.199999999999,
dupage,0913308003,2011-09-02,825000.0,DPSOA-103438,warranty,true,2,5 CLUBSIDE CT BURR RIDGE IL 60521,,,,,15245.999999999998,
dupage,0913308006,2016-07-21,1285000.0,DPSOA-75016,warranty,true,2,11 CLUBSIDE CT BURR RIDGE IL 60527,,,,,20473.199999999997,
dupage,0913308009,2014-08-15,1260000.0,DPSOA-73542,warranty,true,2,6 CLUBSIDE CT BURR RIDGE IL 60527,,,,,15245.999999999998,
dupage,0913400028,2000-05-04,375000.0,DPSOA-65896,warranty,true,2,5909 GARFIELD AVE BURR RIDGE IL 60521,,,,,24393.600000000002,
dupage,0913401019,2002-11-26,465000.0,DPSOA-327691,warranty,true,2,6048 SEDGLEY CT BURR RIDGE IL 60527,,,,,25264.8,
dupage,0913403004,2019-04-08,3000000.0,DPSOA-25273,warranty,true,2,6130 S ELM ST BURR RIDGE IL 60527,,,,,52707.6,
dupage,0913403026,2002-01-22,1800000.0,DPSOA-20739,warranty,true,2,6160 S ELM ST BURR RIDGE IL 60521,,,,,33541.200000000004,
dupage,0913403035,2004-02-11,2145000.0,DPSOA-40628,warranty,true,2,15W240 62ND ST BURR RIDGE IL 60527,,,,,23958.000000000004,
dupage,0913407012,2011-09-15,580500.0,DPSOA-108997,other,false,2,6116 COUNTY LINE RD BURR RIDGE IL 60527,,,,,25264.8,
dupage,0913407020,2001-01-08,875000.0,DPSOA-4568,warranty,true,2,501 BURR RIDGE CLUB BURR RIDGE IL 60527,,,,,6969.6,
dupage,0913408003,2010-11-19,1125000.0,DPSOA-160735,other,false,2,702 BURR RIDGE CLUB BURR RIDGE IL 60521,,,,,26136.0,
dupage,0913408008,2014-12-04,900000.0,DPSOA-113679,warranty,true,2,801 BURR RIDGE CLUB BURR RIDGE IL 60527,,,,,6969.6,
dupage,0924117002,2010-11-04,850000.0,DPSOA-151361,warranty,true,2,6747 FIELDSTONE DR BURR RIDGE IL 60527,,,,,17859.6,
dupage,0924200005,2006-07-10,1250000.0,DPSOA-130307,other,false,2,361 COUNTRYSIDE CT BURR RIDGE IL 60527,,,,,45302.4,
dupage,0924200032,2011-06-17,1700000.0,DPSOA-72471,warranty,true,2,15W280 PLAINFIELD RD BURR RIDGE IL 60527,,,,,30927.6,
dupage,0924200111,2007-08-08,699000.0,DPSOA-148099,warranty,true,2,235 DARTMOUTH CT BURR RIDGE IL 60527,,,,,20473.199999999997,
dupage,0924201008,2011-08-03,2350000.0,DPSOA-90664,executor,false,2,6451 S ELM ST BURR RIDGE IL 60527,,,,,103672.79999999999,
dupage,0924201023,2002-03-27,900000.0,DPSOA-84417,warranty,true,2,68 S CABERNET CT BURR RIDGE IL 60527,,,,,44866.8,
dupage,0924204003,2019-01-23,900000.0,DPSOA-5249,warranty,true,2,6964 FIELDSTONE DR BURR RIDGE IL 60527,,,,,23522.4,
dupage,0924206021,2000-07-05,703029.0,DPSOA-101233,other,false,2,605 KENMARE DR BURR RIDGE IL 60521,,,,,5662.8,
dupage,0924206023,2018-07-25,832500.0,DPSOA-68922,other,false,2,601 KENMARE DR BURR RIDGE IL 60521,,,,,6534.0,
dupage,0924207005,2017-06-22,775000.0,DPSOA-62082,other,false,2,402 KENMARE DR BURR RIDGE IL 60527,,,,,4791.6,
dupage,0924207006,2014-10-28,832000.0,DPSOA-101186,other,false,2,404 KENMARE DR BURR RIDGE IL 60527,,,,,4791.6,
dupage,0924209009,2017-08-10,860000.0,DPSOA-81890,other,false,2,1101 KENMARE DR BURR RIDGE IL 60527,,,,,4791.6,
dupage,0924307001,2006-08-08,1050000.0,DPSOA-152501,warranty,true,2,6779 FIELDSTONE DR BURR RIDGE IL 60527,,,,,20037.600000000002,
dupage,0924307004,2006-05-12,1146500.0,DPSOA-89908,warranty,true,2,6767 FIELDSTONE DR BURR RIDGE IL 60527,,,,,18295.2,
dupage,0924401011,2019-09-11,835000.0,DPSOA-80231,warranty,true,2,6807 FIELDSTONE DR BURR RIDGE IL 60527,,,,,18295.2,
dupage,0924401016,2017-01-11,935000.0,DPSOA-3657,warranty,true,2,6837 FIELDSTONE DR BURR RIDGE IL 60527,,,,,25700.399999999998,
dupage,0924404004,2020-04-29,800000.0,DPSOA-42016,other,false,2,7000 S COUNTY LINE RD BURR RIDGE IL 60527,,,,,69260.40000000001,
dupage,0924405023,2015-10-19,557550.0,DPSOA-115398,other,false,2,6894 FIELDSTONE DR BURR RIDGE IL 60527,,,,,21780.0,
dupage,0925102010,2012-02-08,361000.0,DPSOA-17485,other,false,2,7383 S MADISON ST BURR RIDGE IL 60527,,,,,14810.400000000001,
dupage,0925111010,2004-09-03,329000.0,DPSOA-234238,warranty,true,2,7324 CHESTNUT HILLS DR BURR RIDGE IL 60527,,,,,27007.2,
dupage,0925111035,2005-03-17,391000.0,DPSOA-54320,warranty,true,2,150 CHESTNUT HILLS BURR RIDGE IL 60527,,,,,20473.199999999997,
dupage,0925300015,2015-01-21,700000.0,DPSOA-5868,other,false,2,15W776 N FRONTAGE RD BURR RIDGE IL 60527,,,,,36154.799999999996,
dupage,0925402005,2012-06-19,278000.0,DPSOA-78330,warranty,true,2,7519 DREW AVE BURR RIDGE IL 60521,,,,,40510.8,
dupage,0925404019,2014-04-29,290000.0,DPSOA-35568,other,false,2,215 79TH ST BURR RIDGE IL 60527,,,,,40075.200000000004,
dupage,0925405008,2000-11-15,260000.0,DPSOA-179592,warranty,true,2,7807 DREW AVE BURR RIDGE IL 60527,,,,,40510.8,
dupage,0935203029,2019-01-18,4940000.0,DPSOA-4497,other,false,2,260-62 SHORE CT BURR RIDGE IL 60527,,,,,103237.20000000001,
dupage,0935400020,2007-05-04,290000.0,DPSOA-83971,other,false,2,561 S FRONTAGE RD BURR RIDGE IL 60521,,,,,41382.0,
dupage,0935402030,2020-04-21,705000.0,DPSOA-38996,warranty,true,2,928 PRAIRIE RIDGE CT BURR RIDGE IL 60527,,,,,22215.600000000002,
dupage,0935402033,2002-08-08,1420000.0,DPSOA-204349,warranty,true,2,901 PRAIRIE RIDGE CT BURR RIDGE IL 60527,,,,,30056.399999999998,
dupage,0935402039,2000-06-26,260000.0,DPSOA-96792,other,false,2,8513 TIMBER RIDGE DR BURR RIDGE IL 60527,,,,,23086.800000000003,
dupage,0935403019,2004-05-06,1215000.0,DPSOA-120685,warranty,true,2,16W115 83RD ST BURR RIDGE IL 60527,,,,,36154.799999999996,
dupage,0936102009,2003-11-03,260000.0,DPSOA-421702,warranty,true,2,15W707 81ST ST BURR RIDGE IL 60527,,,,,37897.2,
dupage,0936105027,2012-03-09,450000.0,DPSOA-31932,warranty,true,2,551 83RD ST BURR RIDGE IL 60527,,,,,30056.399999999998,
dupage,0936107004,2001-05-23,585000.0,DPSOA-98691,warranty,true,2,8161 RIDGEPOINTE DR BURR RIDGE IL 60527,,,,,20037.600000000002,
dupage,0936109058,2016-12-15,550000.0,DPSOA-139260,other,false,2,58 CHESTERFIELD CT BURR RIDGE IL 60527,,,,,3920.3999999999996,
dupage,0936200014,2016-05-02,244000.0,DPSOA-42101,warranty,true,2,7914 S GARFIELD AVE BURR RIDGE IL 60527,,,,,1306.8,
dupage,0936200032,2013-04-03,250000.0,DPSOA-49348,warranty,false,1,371 HIGHLAND CT BURR RIDGE IL 60527,,,,,31363.199999999997,
dupage,0936209008,2014-06-19,77500.0,DPSOA-52318,warranty,true,2,"15W345 81ST ST # 2-4 BURR RIDGE IL 60527",,,,,235659.6,
dupage,0936209027,2002-03-13,157000.0,DPSOA-71966,other,false,2,"8086 GARFIELD AVE # 7-3 BURR RIDGE IL 60521",,,,,235659.6,
dupage,0936209031,2010-07-13,175000.0,DPSOA-88942,warranty,true,2,"8074 GARFIELD AVE # 8-3 BURR RIDGE IL 60521",,,,,235659.6,
dupage,0936209046,2010-11-03,150000.0,DPSOA-150923,other,false,2,"7998 GARFIELD AVE # 12-2 BURR RIDGE IL 60521",,,,,235659.6,
dupage,0936209050,2014-01-30,133000.0,DPSOA-8750,warranty,true,2,"7994 GARFIELD AVE # 13-2 BURR RIDGE IL 60521",,,,,235659.6,
dupage,0936210001,2005-06-21,225000.0,DPSOA-130347,warranty,true,2,"7970 S GARFIELD AVE # 101 BURR RIDGE IL 60527",,,,,72745.2,
dupage,0936300020,2019-06-06,511000.0,DPSOA-44347,warranty,true,2,664 CAMELOT DR BURR RIDGE IL 60527,,,,,20037.600000000002,
dupage,0936300029,2018-02-01,1575000.0,DPSOA-9970,other,false,2,8385 WATERVIEW CT BURR RIDGE IL 60527,,,,,32234.399999999998,
dupage,0936305013,2018-09-21,408000.0,DPSOA-89438,other,false,2,8360 DOLFOR CV BURR RIDGE IL 60527,,,,,13939.2,
dupage,0936310024,2001-12-07,500000.0,DPSOA-268107,warranty,true,2,651 CAMELOT DR BURR RIDGE IL 60527,,,,,20908.8,
dupage,0936400036,2009-01-16,415868.0,DPSOA-6002,other,false,2,15W120 W 87TH ST BURR RIDGE IL 60521,,,,,108900.0,
dupage,1001100029,2000-03-24,205000.0,DPSOA-41961,warranty,true,2,8725 MADISON ST BURR RIDGE IL 60527,,,,,25700.399999999998,
dupage,1001100030,2015-06-11,812500.0,DPSOA-62538,warranty,true,2,8720 POLO RIDGE CT BURR RIDGE IL 60527,,,,,25700.399999999998,
dupage,1001103008,2013-06-17,670000.0,DPSOA-87294,warranty,true,2,9080 TURNBERRY DR BURR RIDGE IL 60527,,,,,31363.199999999997,
dupage,1001103010,2019-06-10,1200000.0,DPSOA-45296,other,false,2,9040 TURNBERRY DR BURR RIDGE IL 60527,,,,,26571.6,
dupage,1001106003,2012-03-23,562500.0,DPSOA-37867,warranty,true,2,5 HUNTER CT BURR RIDGE IL 60527,,,,,30056.399999999998,
dupage,1001106034,2017-05-18,840000.0,DPSOA-48614,warranty,true,2,5 TODOR CT BURR RIDGE IL 60527,,,,,24829.199999999997,
dupage,1001107007,2010-10-13,601675.0,DPSOA-138504,warranty,true,2,520 DEVON DR BURR RIDGE IL 60521,,,,,20037.600000000002,
dupage,1001109004,2000-05-31,534000.0,DPSOA-81418,warranty,true,2,400 WESTMINSTER DR BURR RIDGE IL 60527,,,,,21780.0,
dupage,1001109010,2013-03-18,655000.0,DPSOA-40717,warranty,true,2,6 MORGAN CT BURR RIDGE IL 60527,,,,,20037.600000000002,
dupage,1001203002,2002-01-31,710000.0,DPSOA-32991,warranty,true,2,341 DEVON DR BURR RIDGE IL 60527,,,,,20473.199999999997,
dupage,1001204003,2003-10-17,665000.0,DPSOA-399355,other,false,2,8715 WEDGEWOOD DR BURR RIDGE IL 60527,,,,,23086.800000000003,
dupage,1001204010,2005-08-04,905000.0,DPSOA-169007,other,false,2,8801 WEDGEWOOD DR BURR RIDGE IL 60527,,,,,28749.600000000002,
dupage,1001207002,2006-05-18,960000.0,DPSOA-93849,warranty,true,2,310 DEVON DR BURR RIDGE IL 60527,,,,,23522.4,
dupage,1001207013,2020-09-09,495000.0,DPSOA-100896,other,false,2,9021 ROYAL DR BURR RIDGE IL 60527,,,,,20473.199999999997,
dupage,1001207032,2002-04-10,795000.0,DPSOA-98778,warranty,true,2,8981 ENCLAVE DR BURR RIDGE IL 60521,,,,,29620.800000000003,
dupage,1001207069,2002-05-14,1012500.0,DPSOA-128595,warranty,true,2,170 GLENMORA DR BURR RIDGE IL 60521,,,,,10454.4,
dupage,1001209001,2005-03-04,365000.0,DPSOA-43540,warranty,true,2,8955 GLENMORA LN WILLOWBROOK IL 60527,,,,,22215.600000000002,
dupage,1001301012,2002-03-22,275000.0,DPSOA-79770,warranty,true,2,10S540 GLENN DR BURR RIDGE IL 60527,,,,,20037.600000000002,
dupage,1001307012,2001-06-28,790000.0,DPSOA-130527,warranty,true,2,1 CIRCLE RIDGE CT BURR RIDGE IL 60527,,,,,22651.2,
dupage,1001406003,2016-05-31,507000.0,DPSOA-52888,warranty,true,2,14 LAUREL OAK CT BURR RIDGE IL 60527,,,,,3484.8,
dupage,1001406014,2017-04-11,505000.0,DPSOA-34521,warranty,true,2,20 RODEO DR BURR RIDGE IL 60521,,,,,3484.8,
dupage,1002211002,2016-07-01,1875000.0,DPSOA-67165,warranty,true,2,16W122 91ST ST BURR RIDGE IL 60527,,,,,217800.0,
dupage,1002402015,2018-11-09,370000.0,DPSOA-105104,warranty,true,2,10S666 OAK HILL CT BURR RIDGE IL 60527,,,,,27007.2,
dupage,1002404010,2005-11-16,420000.0,DPSOA-256592,other,false,2,16W301 94TH PL BURR RIDGE IL 60527,,,,,11325.6,
dupage,1002404011,2017-07-24,420000.0,DPSOA-74363,warranty,true,2,16W280 94TH PL BURR RIDGE IL 60527,,,,,22215.600000000002,
dupage,1002406030,2001-05-01,505700.0,DPSOA-79525,warranty,true,2,16W072 91ST ST BURR RIDGE IL 60521,,,,,21344.399999999998,
dupage,1002406033,2003-10-15,137500.0,DPSOA-396827,warranty,true,2,9150 MADISON ST BURR RIDGE IL 60527,,,,,21780.0,
dupage,1002408008,2019-08-07,110000.0,DPSOA-66806,other,false,2,7 CASCADE CT W BURR RIDGE IL 60527,,,,,23958.000000000004,
dupage,1002409012,2012-07-31,1312500.0,DPSOA-99273,other,false,1,4 SYLVAN GLEN CT BURR RIDGE IL 60527,,,,,31798.8,
dupage,1002409023,2015-07-28,1115000.0,DPSOA-82968,warranty,true,2,9321 FALLING WATERS DR W BURR RIDGE IL 60527,,,,,34848.0,
dupage,1002411002,2009-03-09,975000.0,DPSOA-33022,warranty,true,2,4 ARCADIA CT BURR RIDGE IL 60521,,,,,30056.399999999998,
dupage,1011200009,2009-05-20,210000.0,DPSOA-75735,other,false,2,16W308 95TH PL BURR RIDGE IL 60527,,,,,14810.400000000001,
dupage,1012100013,2006-12-13,1550000.0,DPSOA-238724,warranty,true,2,9500 S MADISON ST BURR RIDGE IL 60527,,,,,237837.6,
dupage,0913407009,2015-07-31,1050000.0,R2015-086744,warranty,true,2,14 WOODGATE DR BURR RIDGE IL 60527,,,,,22215.600000000002,
dupage,0936204010,2015-12-15,420000.0,R2015-138526,warranty,true,2,8205 GARFIELD AVE BURR RIDGE IL 60527,,,,,16117.199999999999,
dupage,0924209015,2016-07-29,925000.0,R2016-095032,trustee,false,2,1005 KENMARE DR BURR RIDGE IL 60527,,,,,6969.6,
dupage,0936106012,2016-12-12,510625.0,R2016-144867,warranty,true,2,8200 RIDGEPOINT DR BURR RIDGE IL 60527,,,,,20473.199999999997,
dupage,0924200034,2017-06-30,402500.0,R2017-074067,warranty,true,2,15W250 PLAINFIELD RD BURR RIDGE IL 60527,,,,,25264.8,
dupage,0936400022,2017-07-27,695000.0,R2017-082304,trustee,false,2,8600 COUNTY LINE RD BURR RIDGE IL 60527,,,,,108900.0,
dupage,1001109015,2017-07-30,472500.0,R2017-084214,warranty,true,2,8 MORGAN CT BURR RIDGE IL 60527,,,,,30056.399999999998,
dupage,0924309006,2017-08-11,6000000.0,R2017-084735,warranty,true,2,7055 BURR RIDGE BLVD WILLOWBROOK IL 60527,,,,,126759.6,
dupage,0925204003,2017-12-28,159001.0,R2018-001607,judicial_sale,false,1,7229 HAMILTON AVE BURR RIDGE IL 60527,,,,,15681.599999999999,
dupage,0913301042,2018-02-26,740000.0,R2018-029450,warranty,true,2,573 60TH PL BURR RIDGE IL 60527,,,,,17859.6,
dupage,0913404034,2018-08-17,1750000.0,R2018-079961,warranty,true,2,6273 GARFIELD AVE BURR RIDGE IL 60527,,,,,80586.0,
dupage,0936103015,2018-11-28,440000.0,R2018-111351,warranty,true,2,15W640 83RD ST BURR RIDGE IL 60521,,,,,36590.4,
dupage,0925107023,2019-02-27,930000.0,R2019-014837,warranty,true,2,15W622 74TH ST BURR RIDGE IL 60527,,,,,27442.8,
dupage,0924200035,2019-03-20,330000.0,R2019-021977,trustee,false,2,15W232 PLAINFIELD RD BURR RIDGE IL 60527,,,,,21780.0,
dupage,0936109060,2019-05-07,520000.0,R2019-043817,trustee,false,2,60 BERKSHIRE CT BURR RIDGE IL 60527,,,,,3920.3999999999996,
dupage,0925111046,2019-06-03,395000.0,R2019-049597,warranty,true,2,140 CHESTNUTHILL CIR BURR RIDGE IL 60527,,,,,26136.0,
dupage,1002402001,2019-06-20,180000.0,R2019-093257,warranty,true,2,10S659 S JACKSON ST BURR RIDGE IL 60527,,,,,14810.400000000001,
dupage,1001107004,2019-07-26,730500.0,R2019-071794,warranty,true,2,8811 S GRANT ST BURR RIDGE IL 60521,,,,,28314.0,
dupage,0936109051,2019-08-29,550000.0,R2019-080296,warranty,true,2,51 CHESTERFIELD CT BURR RIDGE IL 60527,,,,,3920.3999999999996,
dupage,0913407026,2019-10-11,1000000.0,R2019-096476,warranty,true,2,202 BURR RIDGE CLUB BURR RIDGE IL 60527,,,,,29185.2,
dupage,1001308002,2020-01-30,408000.0,R2020-013829,trustee,false,2,4 BEL AIRE CT BURR RIDGE IL 60527,,,,,3484.8,
dupage,1002408014,2020-03-02,845000.0,R2020-023174,warranty,true,2,9295 CASCADE CIR BURR RIDGE IL 60527,,,,,21344.399999999998,
dupage,0925302020,2020-03-03,2787897.0,R2020-022421,warranty,true,2,7850 S GRANT ST BURR RIDGE IL 60527,,,,,99752.40000000001,
dupage,0936105013,2020-03-09,415000.0,R2020-034585,trustee,false,2,8282 LAKE RIDGE DR BURR RIDGE IL 60527,,,,,32234.399999999998,
dupage,0925111064,2020-05-15,355000.0,R2020-050946,trustee,false,2,129 W CHESTNUT HILLS BURR RIDGE IL 60527,,,,,19602.0,
dupage,0936200034,2020-05-26,1715000.0,R2020-054711,trustee,false,2,314 HIGHLAND CT BURR RIDGE IL 60527,,,,,28314.0,
dupage,0936304001,2020-06-17,405000.0,R2020-071051,warranty,true,2,536 KIRKWOOD COVE BURR RIDGE IL 60527,,,,,13939.2,
dupage,0936209005,2020-07-07,167000.0,R2020-142289,trustee,false,2,"15W345 81ST ST # 2-1 BURR RIDGE IL 60527",,,,,235659.6,
dupage,0913406010,2020-10-28,1170000.0,R2020-138017,warranty,true,2,15 WOODGATE DR BURR RIDGE IL 60527,,,,,22215.600000000002,
dupage,0935400018,2020-11-01,360000.0,R2020-137877,trustee,false,2,8614 MEADOWBROOK DR BURR RIDGE IL 60527,,,,,23958.000000000004,
dupage,0924201009,2020-11-09,1600000.0,R2020-136822,trustee,false,2,6501 S ELM ST BURR RIDGE IL 60527,,,,,103672.79999999999,
dupage,0936309023,2025-04-09,850000.0,R2025-035523,warranty,true,2,463 LEONARD LN BURR RIDGE IL 60527,,,,,13939.2,
dupage,0924206029,2025-06-24,1000000.0,R2025-045490,warranty,true,2,701 KENMARE DR BURR RIDGE IL 60521,,,,,7405.200000000001,
dupage,0924206029,2025-06-24,1000000.0,DECL-20250602221769,warranty,true,2,701 KENMARE DR BURR RIDGE IL 60521,,,,,7405.200000000001,
dupage,1001104020,2014-12-01,692500.0,DGT-1001104020-2014-12-01,warranty,true,2,4 TURNBERRY CT BURR RIDGE IL 60527,,,,,24829.199999999997,
dupage,1001107004,2019-07-01,730500.0,DGT-1001107004-2019-07-01,warranty,true,2,8811 S GRANT ST BURR RIDGE IL 60521,,,,,28314.0,
dupage,1001203026,2013-01-01,537000.0,DGT-1001203026-2013-01-01,warranty,true,2,3 REGENT CT BURR RIDGE IL 60527,,,,,23522.4,
dupage,1002408015,2019-07-01,830000.0,DGT-1002408015-2019-07-01,warranty,true,2,9301 CASCADE CIR BURR RIDGE IL 60527,,,,,20908.8,
dupage,1011200011,2019-10-01,365000.0,DGT-1011200011-2019-10-01,warranty,true,2,16W256 95TH PL BURR RIDGE IL 60527,,,,,18730.8,
dupage,1001306015,2024-09-05,1550000.0,DGT-1001306015-2024-09-05,warranty,true,2,108 OAK RIDGE DR BURR RIDGE IL 60521,,,,,40075.200000000004,
dupage,1001308002,2020-01-01,408000.0,DGT-1001308002-2020-01-01,warranty,true,2,4 BEL AIRE CT BURR RIDGE IL 60527,,,,,3484.8,
dupage,0913300048,2009-12-17,640000.0,DPSOA-188058,other,false,2,1 NORRIS DR BURR RIDGE IL 60527,,,,,20037.600000000002,
dupage,0913300082,2016-06-28,225000.0,DPSOA-64823,warranty,true,2,6059 MADISON ST WILLOWBROOK IL 60527,,,,,23958.000000000004,
dupage,0913300088,2000-09-05,1245000.0,DPSOA-137793,warranty,true,2,615 GRANT CT BURR RIDGE IL 60521,,,,,22215.600000000002,
dupage,0913302044,2005-11-30,725000.0,DPSOA-265417,warranty,true,2,15W460 62ND ST WILLOWBROOK IL 60527,,,,,24393.600000000002,
dupage,0913308011,2000-03-22,964825.0,DPSOA-40652,warranty,true,2,2 CLUBSIDE CT BURR RIDGE IL 60527,,,,,14810.400000000001,
dupage,0913308016,2013-07-01,1355000.0,DPSOA-94746,warranty,true,2,9 ANDREW CT BURR RIDGE IL 60521,,,,,16988.4,
dupage,0913400031,2013-07-05,1075000.0,DPSOA-97483,warranty,true,2,15W302 60TH ST BURR RIDGE IL 60521,,,,,23086.800000000003,
dupage,0913403023,2018-11-19,1215000.0,DPSOA-107446,other,false,2,6120 S PARK AVE BURR RIDGE IL 60527,,,,,21344.399999999998,
dupage,0913404034,2018-08-24,1750000.0,DPSOA-79961,warranty,true,2,6273 GARFIELD AVE BURR RIDGE IL 60527,,,,,80586.0,
dupage,0913406013,2016-11-17,780000.0,DPSOA-127743,other,false,2,3 WOODGATE DR BURR RIDGE IL 60527,,,,,34412.4,
dupage,0913407009,2015-08-06,1050000.0,DPSOA-86744,warranty,true,2,14 WOODGATE DR BURR RIDGE IL 60527,,,,,22215.600000000002,
dupage,0913408014,2015-08-14,925000.0,DPSOA-90694,other,false,2,902 BURR RIDGE CLB BURR RIDGE IL 60527,,,,,6534.0,
dupage,0913408023,2014-07-08,747000.0,DPSOA-58692,other,false,2,105 BURR RIDGE CLUB BURR RIDGE IL 60527,,,,,7405.200000000001,
dupage,0924200020,2016-02-23,3400000.0,DPSOA-16821,other,false,2,6300 S ELM ST BURR RIDGE IL 60521,,,,,207345.59999999998,
dupage,0924200034,2017-07-24,402500.0,DPSOA-74067,warranty,true,2,15W250 PLAINFIELD RD BURR RIDGE IL 60527,,,,,25264.8,
dupage,0924200095,2005-07-21,1490000.0,DPSOA-157129,warranty,true,2,6351 S GARFIELD AVE BURR RIDGE IL 60527,,,,,31363.199999999997,
dupage,0924205001,2017-01-20,521250.0,DPSOA-7441,warranty,true,2,6977 FIELDSTONE DR BURR RIDGE IL 60527,,,,,23086.800000000003,
dupage,0924206002,2000-06-27,540140.0,DPSOA-97233,other,false,2,104 KENMARE DR BURR RIDGE IL 60527,,,,,4791.6,
dupage,0924209015,2016-09-06,925000.0,DPSOA-95032,other,false,2,1005 KENMARE DR BURR RIDGE IL 60527,,,,,6969.6,
dupage,0924307010,2013-06-12,887500.0,DPSOA-85297,warranty,true,2,6 MALLORY CT BURR RIDGE IL 60521,,,,,22651.2,
dupage,0924308007,2009-07-02,8250000.0,DPSOA-101718,warranty,true,2,7020 HIGH GROVE BLVD BURR RIDGE IL 60521,,,,,173804.40000000002,
dupage,0924309006,2017-08-17,6000000.0,DPSOA-84735,other,false,2,7055 BURR RIDGE BLVD WILLOWBROOK IL 60527,,,,,126759.6,
dupage,0924405013,2014-10-16,700000.0,DPSOA-97435,warranty,true,2,6852 FIELDSTONE DR BURR RIDGE IL 60521,,,,,27442.8,
dupage,0924408001,2015-01-20,285000.0,DPSOA-5613,warranty,true,2,"7055 VETERANS BLVD # A BURR RIDGE IL 60527",,,,,36154.799999999996,
dupage,0925102011,2006-04-20,425000.0,DPSOA-72699,warranty,true,2,15W776 74TH ST BURR RIDGE IL 60527,,,,,19602.0,
dupage,0925107023,2005-04-01,375000.0,DPSOA-66595,warranty,true,2,15W622 74TH ST BURR RIDGE IL 60527,,,,,27442.8,
dupage,0925111029,2017-09-13,343000.0,DPSOA-94568,warranty,true,2,109 CHESTNUT HILLS BURR RIDGE IL 60527,,,,,16988.4,
dupage,0925111046,2019-06-20,395000.0,DPSOA-49597,warranty,true,2,140 CHESTNUTHILL CIR BURR RIDGE IL 60527,,,,,26136.0,
dupage,0925111062,2011-08-25,290000.0,DPSOA-100102,executor,false,2,7206 CHESTNUT HILL DR BURR RIDGE IL 60521,,,,,15245.999999999998,
dupage,0925111064,2020-05-21,355000.0,DPSOA-50946,other,false,2,129 W CHESTNUT HILLS BURR RIDGE IL 60527,,,,,19602.0,
dupage,0925205004,2004-03-22,446000.0,DPSOA-71773,warranty,true,2,7339 GARFIELD AVE BURR RIDGE IL 60527,,,,,12632.4,
dupage,0925302015,2001-03-23,680000.0,DPSOA-50026,warranty,true,2,FRONTAGE RD BURR RIDGE IL 60521,,,,,155509.19999999998,
dupage,0925302020,2020-03-05,2787897.0,DPSOA-22421,other,false,2,7850 S GRANT ST BURR RIDGE IL 60527,,,,,99752.40000000001,
dupage,0925304007,2012-07-13,600000.0,DPSOA-90749,warranty,true,2,7724 S GRANT ST BURR RIDGE IL 60527,,,,,108464.40000000001,
dupage,0925401018,2014-09-30,750000.0,DPSOA-89818,other,false,2,7516 S DREW AVE BURR RIDGE IL 60527,,,,,40510.8,
dupage,0925405016,2012-01-12,530000.0,DPSOA-5520,warranty,false,1,7734 S COUNTY LINE RD BURR RIDGE IL 60527,,,,,40510.8,
dupage,0935400018,2020-11-17,360000.0,DPSOA-137877,other,false,2,8614 MEADOWBROOK DR BURR RIDGE IL 60527,,,,,23958.000000000004,
dupage,0935402031,2000-10-12,1292819.0,DPSOA-160208,warranty,true,2,917 PRAIRIE RIDGE CT BURR RIDGE IL 60527,,,,,24829.199999999997,
dupage,0936103015,2018-12-04,440000.0,DPSOA-111351,warranty,true,2,15W640 83RD ST BURR RIDGE IL 60521,,,,,36590.4,
dupage,0936105013,2020-04-09,415000.0,DPSOA-34585,other,false,2,8282 LAKE RIDGE DR BURR RIDGE IL 60527,,,,,32234.399999999998,
dupage,0936105019,2011-05-10,1100000.0,DPSOA-58185,warranty,true,2,8140 LAKE RIDGE DR BURR RIDGE IL 60527,,,,,33541.200000000004,
dupage,0936106012,2016-12-30,510625.0,DPSOA-144867,warranty,true,2,8200 RIDGEPOINT DR BURR RIDGE IL 60527,,,,,20473.199999999997,
dupage,0936106027,2004-11-19,580000.0,DPSOA-294282,other,false,2,8171 LAKE RIDGE DR BURR RIDGE IL 60527,,,,,28749.600000000002,
dupage,0936109008,2013-11-21,610000.0,DPSOA-158267,other,false,2,8 BRISTOL CT BURR RIDGE IL 60521,,,,,3920.3999999999996,
dupage,0936109022,2014-08-06,560000.0,DPSOA-69549,warranty,true,2,22 LAKE RIDGE CLUB BURR RIDGE IL 60527,,,,,3920.3999999999996,
dupage,0936109045,2007-10-18,745000.0,DPSOA-189784,other,false,2,45 DURHAM CT BURR RIDGE IL 60527,,,,,3920.3999999999996,
dupage,0936109047,2005-11-02,755000.0,DPSOA-246219,warranty,true,2,47 DURHAM CT BURR RIDGE IL 60527,,,,,3920.3999999999996,
dupage,0936109051,2019-09-12,550000.0,DPSOA-80296,warranty,true,2,51 CHESTERFIELD CT BURR RIDGE IL 60527,,,,,3920.3999999999996,
dupage,0936109060,2019-06-05,520000.0,DPSOA-43817,other,false,2,60 BERKSHIRE CT BURR RIDGE IL 60527,,,,,3920.3999999999996,
dupage,0936200034,2020-06-01,1715000.0,DPSOA-54711,other,false,2,314 HIGHLAND CT BURR RIDGE IL 60527,,,,,28314.0,
dupage,0936201005,2007-03-23,1400000.0,DPSOA-53853,warranty,true,2,8000 DREW AVE BURR RIDGE IL 60527,,,,,111077.99999999999,
dupage,0936204006,2010-12-14,410000.0,DPSOA-173955,warranty,true,2,8115 S GARFIELD AVE BURR RIDGE IL 60527,,,,,16117.199999999999,
dupage,0936204010,2015-12-22,420000.0,DPSOA-138526,warranty,true,2,8205 GARFIELD AVE BURR RIDGE IL 60527,,,,,16117.199999999999,
dupage,0936206009,2002-12-23,990000.0,DPSOA-356133,warranty,true,2,15W155 81ST ST BURR RIDGE IL 60527,,,,,107593.20000000001,
dupage,0936206014,2019-01-15,595000.0,DPSOA-3172,other,false,2,8143 KATHRYN CT BURR RIDGE IL 60527,,,,,23958.000000000004,
dupage,0936207001,2009-03-27,420000.0,DPSOA-44771,warranty,true,2,8211 KATHRYN CT BURR RIDGE IL 60527,,,,,16117.199999999999,
dupage,0936208006,2007-05-09,1600000.0,DPSOA-86823,other,false,2,8100 S COUNTY LINE RD BURR RIDGE IL 60527,,,,,138520.80000000002,
dupage,0936209017,2001-06-15,147900.0,DPSOA-119193,warranty,true,2,"8098 GARFIELD AVE # 5-1 BURR RIDGE IL 60521",,,,,235659.6,
dupage,0936210007,2016-11-14,190000.0,DPSOA-125831,other,false,2,"7970 S GARFIELD AVE # 201 BURR RIDGE IL 60527",,,,,72745.2,
dupage,0936301030,2018-07-13,1147000.0,DPSOA-64591,other,false,2,112 KRAML DR BURR RIDGE IL 60527,,,,,28314.0,
dupage,0936303007,2008-07-23,471000.0,DPSOA-115536,other,false,2,8300 DOLFOR COVE BURR RIDGE IL 60527,,,,,15681.599999999999,
dupage,0936304006,2006-09-13,629505.0,DPSOA-178204,warranty,true,2,8425 CLYNDERVEN RD BURR RIDGE IL 60527,,,,,12196.800000000001,
dupage,0936311024,2013-06-04,558750.0,DPSOA-80843,warranty,true,2,475 87TH ST BURR RIDGE IL 60527,,,,,13939.2,
dupage,0936312009,2014-07-08,935000.0,DPSOA-59041,other,false,2,1 ROANOKE CT BURR RIDGE IL 60527,,,,,23086.800000000003,
dupage,0936400022,2017-08-11,695000.0,DPSOA-82304,other,false,2,8600 COUNTY LINE RD BURR RIDGE IL 60527,,,,,108900.0,
dupage,0936402009,2001-07-18,420000.0,DPSOA-146687,warranty,true,2,349 TAMERTON PKWY BURR RIDGE IL 60527,,,,,13503.6,
dupage,0936403005,2000-08-16,356000.0,DPSOA-126832,other,false,2,332 TAMERTON PKWY BURR RIDGE IL 60521,,,,,14374.800000000001,
dupage,0936404008,2019-02-05,450000.0,DPSOA-8527,warranty,true,2,8413 S PARK AVE BURR RIDGE IL 60527,,,,,14374.800000000001,
dupage,0936407007,2005-01-13,880000.0,DPSOA-9236,warranty,true,2,168 LAKEWOOD CIR BURR RIDGE IL 60521,,,,,43560.0,
dupage,0936407012,2004-05-25,380000.0,DPSOA-139536,other,false,2,40 HIDDEN LAKE DR BURR RIDGE IL 60527,,,,,38332.8,
dupage,1001106013,2000-01-11,570000.0,DPSOA-5396,warranty,true,2,501 DEVON DR BURR RIDGE IL 60521,,,,,21344.399999999998,
dupage,1001107004,2019-08-20,730500.0,DPSOA-71794,warranty,true,2,8811 S GRANT ST BURR RIDGE IL 60521,,,,,28314.0,
dupage,1001207046,2012-04-04,1000000.0,DPSOA-43841,other,false,2,5 NORMAN CT BURR RIDGE IL 60527,,,,,24829.199999999997,
dupage,1001208002,2004-04-20,835000.0,DPSOA-101337,warranty,true,2,8990 ENCLAVE DR BURR RIDGE IL 60527,,,,,33105.6,
dupage,1001301020,2011-07-28,399900.0,DPSOA-88366,warranty,true,2,10S664 GLENN DR BURR RIDGE IL 60527,,,,,20908.8,
dupage,1001302023,2003-01-21,820000.0,DPSOA-24188,other,false,2,109 OAK RIDGE DR BURR RIDGE IL 60527,,,,,40075.200000000004,
dupage,1001306002,2002-05-14,1125000.0,DPSOA-128730,other,false,2,102 OAK RIDGE DR W BURR RIDGE IL 60527,,,,,40946.399999999994,
dupage,1001306008,2013-03-26,828400.0,DPSOA-44594,warranty,true,2,124 OAK RIDGE DR E BURR RIDGE IL 60527,,,,,48787.200000000004,
dupage,1001308023,2000-11-02,390000.0,DPSOA-171709,warranty,true,2,48 OAK CREEK DR BURR RIDGE IL 60527,,,,,3049.2000000000003,
dupage,1002402001,2019-10-15,180000.0,DPSOA-93257,warranty,true,2,10S659 S JACKSON ST BURR RIDGE IL 60527,,,,,14810.400000000001,
dupage,1002402010,2011-08-05,225000.0,DPSOA-92261,other,false,1,16W321 93RD ST BURR RIDGE IL 60527,,,,,13939.2,
dupage,1002403015,2004-09-24,505000.0,DPSOA-249641,warranty,true,2,16W235 94TH ST BURR RIDGE IL 60527,,,,,20037.600000000002,
dupage,1002408007,2005-08-24,1212500.0,DPSOA-184797,warranty,true,2,6 CASCADE CT W BURR RIDGE IL 60527,,,,,24393.600000000002,
dupage,1002408015,2019-08-02,830000.0,DPSOA-65064,other,false,2,9301 CASCADE CIR BURR RIDGE IL 60527,,,,,20908.8,
dupage,1011200011,2019-11-07,365000.0,DPSOA-102743,warranty,true,2,16W256 95TH PL BURR RIDGE IL 60527,,,,,18730.8,
dupage,1011207004,2002-10-08,1200000.0,DPSOA-263667,warranty,true,2,9536 PACIFIC CT BURR RIDGE IL 60527,,,,,28749.600000000002,
dupage,0936109034,2015-03-31,560000.0,R2015-036629,trustee,false,2,34 LANCASTER CT BURR RIDGE IL 60521,,,,,3920.3999999999996,
dupage,0924405008,2015-06-15,600000.0,R2015-067623,warranty,true,2,6826 FIELDSTONE DR BURR RIDGE IL 60527,,,,,23958.000000000004,
dupage,1001403011,2016-03-10,410000.0,R2016-025684,warranty,true,2,15W081 91ST ST BURR RIDGE IL 60527,,,,,27878.4,
dupage,1001107017,2016-11-29,660000.0,R2016-133001,warranty,true,2,8712 AINTREE LN BURR RIDGE IL 60527,,,,,20037.600000000002,
dupage,0913409008,2017-05-15,815000.0,R2017-050178,trustee,false,2,1405 BURR RIDGE CLB BURR RIDGE IL 60527,,,,,9583.2,
dupage,0936104034,2017-05-31,517500.0,R2017-060828,warranty,true,2,26 PINE TREE LN BURR RIDGE IL 60527,,,,,3484.8,
dupage,0936408009,2017-12-27,705000.0,R2018-001443,warranty,true,2,37 FAWN CT BURR RIDGE IL 60527,,,,,30927.6,
dupage,0924201026,2018-01-02,3356000.0,R2018-002586,warranty,true,2,89 S CABERNET CT BURR RIDGE IL 60527,,,,,45302.4,
dupage,1002409019,2018-03-16,1250000.0,R2018-026851,trustee,false,2,7 SYLVAN GLEN CT BURR RIDGE IL 60527,,,,,24829.199999999997,
dupage,0913301002,2018-03-26,1075000.0,R2018-030331,warranty,true,2,134 W 59TH ST BURR RIDGE IL 60527,,,,,38332.8,
dupage,0936104051,2018-04-23,509000.0,R2018-035292,trustee,false,2,49 PINE TREE LN BURR RIDGE IL 60527,,,,,3484.8,
dupage,1001207009,2018-10-03,560000.0,R2018-096838,warranty,true,2,8941 ROYAL DR BURR RIDGE IL 60527,,,,,22215.600000000002,
dupage,0936310006,2018-12-20,180000.0,R2018-118714,trustee,false,2,8436 KIMBERLY CT BURR RIDGE IL 60527,,,,,24393.600000000002,
dupage,0936106009,2019-02-09,575000.0,R2019-013284,warranty,true,2,8150 RIDGEPOINTE DR BURR RIDGE IL 60527,,,,,20473.199999999997,
dupage,0936200041,2019-04-12,1070000.0,R2019-030046,warranty,true,2,302 OLD OAK CT WILLOWBROOK IL 60527,,,,,30927.6,
dupage,0936106002,2019-05-31,730000.0,R2019-042442,warranty,true,2,"15W345 81ST ST # 15W540 BURR RIDGE IL 60527",,,,,20037.600000000002,
dupage,0936302016,2019-07-15,512000.0,R2019-065977,warranty,true,2,8449 CANTERBERRY DR BURR RIDGE IL 60527,,,,,16552.8,
dupage,0925206003,2019-07-17,225500.0,R2019-061130,warranty,true,2,7329 GIDDINGS AVE BURR RIDGE IL 60527,,,,,13068.0,
dupage,1002408012,2019-08-30,750000.0,R2019-078252,warranty,true,2,9284 CASCADE CIR BURR RIDGE IL 60527,,,,,22651.2,
dupage,0936304053,2019-12-06,577000.0,R2019-114697,trustee,false,2,8524 WALREDON AVE BURR RIDGE IL 60527,,,,,13939.2,
dupage,0924405027,2020-05-29,688800.0,R2020-055535,warranty,true,2,6912 FIELDSTONE DR BURR RIDGE IL 60521,,,,,31363.199999999997,
dupage,0913408042,2020-07-27,875000.0,R2020-118045,trustee,false,2,1206 BURR RIDGE CLUB BURR RIDGE IL 60527,,,,,9147.6,
dupage,0924207001,2020-12-31,1225000.0,R2021-002220,warranty,true,2,202 KENMARE DR BURR RIDGE IL 60527,,,,,6098.400000000001,
dupage,0935205041,2025-06-16,27000.0,R2025-040029,trustee,false,1,341 SHORE DR BURR RIDGE IL 60521,,,,,6969.6,
dupage,0935205041,2025-06-16,27000.0,DECL-20250602203225,trustee,false,1,341 SHORE DR BURR RIDGE IL 60521,,,,,6969.6,
dupage,1001107017,2016-11-01,660000.0,DGT-1001107017-2016-11-01,warranty,true,2,8712 AINTREE LN BURR RIDGE IL 60527,,,,,20037.600000000002,
dupage,1001207009,2018-10-01,560000.0,DGT-1001207009-2018-10-01,warranty,true,2,8941 ROYAL DR BURR RIDGE IL 60527,,,,,22215.600000000002,
dupage,1002408012,2019-08-01,750000.0,DGT-1002408012-2019-08-01,warranty,true,2,9284 CASCADE CIR BURR RIDGE IL 60527,,,,,22651.2,
dupage,1002409019,2018-03-01,1250000.0,DGT-1002409019-2018-03-01,warranty,true,2,7 SYLVAN GLEN CT BURR RIDGE IL 60527,,,,,24829.199999999997,
dupage,1002412011,2014-05-01,975000.0,DGT-1002412011-2014-05-01,warranty,true,2,1 TUMBLEBROOK CT BURR RIDGE IL 60527,,,,,25264.8,
dupage,1001403011,2016-03-01,410000.0,DGT-1001403011-2016-03-01,warranty,true,2,15W081 91ST ST BURR RIDGE IL 60527,,,,,27878.4,
dupage,1002400019,2018-10-01,956726.0,DGT-1002400019-2018-10-01,warranty,true,2,91ST ST BURR RIDGE IL 60527,,,,,56192.4,
dupage,1001308023,2018-11-01,460000.0,DGT-1001308023-2018-11-01,warranty,true,2,48 OAK CREEK DR BURR RIDGE IL 60527,,,,,3049.2000000000003,
dupage,0913300031,2001-06-15,500000.0,DPSOA-118926,warranty,true,2,6006 S GRANT ST HINSDALE IL 60521,,,,,435.6,
dupage,0913301002,2018-04-09,1075000.0,DPSOA-30331,warranty,true,2,134 W 59TH ST BURR RIDGE IL 60527,,,,,38332.8,
dupage,0913301005,2011-05-13,1330000.0,DPSOA-59880,warranty,true,2,116 W 59TH ST BURR RIDGE IL 60527,,,,,38332.8,
dupage,0913301024,2000-06-02,240000.0,DPSOA-82556,other,false,2,5925 S GRANT ST BURR RIDGE IL 60527,,,,,19166.4,
dupage,0913301036,2016-09-12,950000.0,DPSOA-97949,warranty,true,2,499 60TH PL BURR RIDGE IL 60527,,,,,14810.400000000001,
dupage,0913301042,2000-05-04,680000.0,DPSOA-66060,warranty,true,2,573 60TH PL BURR RIDGE IL 60527,,,,,17859.6,
dupage,0913308018,2003-08-22,1840000.0,DPSOA-333246,warranty,true,2,12 ANDREW CT BURR RIDGE IL 60527,,,,,22651.2,
dupage,0913400020,2012-07-03,760000.0,DPSOA-84636,warranty,true,2,5915 GIDDINGS AVE HINSDALE IL 60521,,,,,25264.8,
dupage,0913407023,2005-06-24,1300000.0,DPSOA-132687,other,false,2,506 BURR RIDGE CLB BURR RIDGE IL 60527,,,,,8276.4,
dupage,0913408015,2009-01-23,1050000.0,DPSOA-8981,other,false,2,903 BURR RIDGE CLB BURR RIDGE IL 60527,,,,,7405.200000000001,
dupage,0913409008,2017-05-23,815000.0,DPSOA-50178,other,false,2,1405 BURR RIDGE CLB BURR RIDGE IL 60527,,,,,9583.2,
dupage,0913409019,2012-05-14,388000.0,DPSOA-62360,other,false,1,1604 BURR RIDGE CLUB BURR RIDGE IL 60527,,,,,16117.199999999999,
dupage,0924200096,2003-03-06,450000.0,DPSOA-89628,warranty,true,2,6381 GARFIELD AVE BURR RIDGE IL 60527,,,,,30927.6,
dupage,0924206010,2013-06-06,805000.0,DPSOA-81998,warranty,true,2,301 KENMARE DR BURR RIDGE IL 60527,,,,,5227.2,
dupage,0924206016,2004-06-08,850000.0,DPSOA-152287,warranty,true,2,501 KENMARE DR BURR RIDGE IL 60527,,,,,6098.400000000001,
dupage,0924206028,2017-08-23,985000.0,DPSOA-86672,other,false,2,703 KENMARE DR BURR RIDGE IL 60527,,,,,6098.400000000001,
dupage,0924401025,2010-10-25,1100000.0,DPSOA-145148,other,false,2,6877 FIELDSTONE DR BURR RIDGE IL 60527,,,,,31363.199999999997,
dupage,0924405008,2015-06-23,600000.0,DPSOA-67623,warranty,true,2,6826 FIELDSTONE DR BURR RIDGE IL 60527,,,,,23958.000000000004,
dupage,0924405027,2020-06-02,688800.0,DPSOA-55535,warranty,true,2,6912 FIELDSTONE DR BURR RIDGE IL 60521,,,,,31363.199999999997,
dupage,0925108037,2002-11-18,200000.0,DPSOA-316443,warranty,true,2,15W667 74TH ST BURR RIDGE IL 60527,,,,,15681.599999999999,
dupage,0925111003,2007-05-14,250000.0,DPSOA-89089,warranty,true,2,7240 CHESTNUT HILLS BURR RIDGE IL 60527,,,,,22215.600000000002,
dupage,0925111015,2015-04-29,325000.0,DPSOA-44843,warranty,true,2,7332 CHESTNUT HILLS BURR RIDGE IL 60527,,,,,57934.8,
dupage,0925111041,2014-08-22,387000.0,DPSOA-76022,warranty,true,2,144 CHESTNUT HILLS BURR RIDGE IL 60521,,,,,14810.400000000001,
dupage,0925111050,2005-06-29,380000.0,DPSOA-137107,warranty,true,2,132 CHESTNUT HILLS BURR RIDGE IL 60527,,,,,27442.8,
dupage,0925203002,2004-07-16,397000.0,DPSOA-191172,warranty,true,2,7219 S PARK AVE BURR RIDGE IL 60527,,,,,15681.599999999999,
dupage,0925206003,2013-05-29,156000.0,DPSOA-77325,warranty,true,2,7329 GIDDINGS AVE BURR RIDGE IL 60527,,,,,13068.0,
dupage,0925207017,2006-09-26,295000.0,DPSOA-186448,warranty,true,2,7329 S PARK AVE BURR RIDGE IL 60527,,,,,13068.0,
dupage,0925401017,2005-03-31,415000.0,DPSOA-65192,warranty,true,2,7512 DREW AVE BURR RIDGE IL 60527,,,,,40510.8,
dupage,0935205035,2007-03-16,2136000.0,DPSOA-47972,warranty,true,2,261 SHORE DR BURR RIDGE IL 60521,,,,,103237.20000000001,
dupage,0935205036,2014-07-18,3033502.0,DPSOA-63011,other,false,2,281 SHORE DR BURR RIDGE IL 60521,,,,,129808.8,
dupage,0935400012,2013-06-17,166000.0,DPSOA-87404,other,false,1,8426 MEADOWBROOK DR HINSDALE IL 60521,,,,,49222.799999999996,
dupage,0935400021,2011-09-28,1301304.0,DPSOA-114098,other,false,2,16W601 FRONTAGE RD BURR RIDGE IL 60527,,,,,33976.8,
dupage,0936104050,2005-04-19,625000.0,DPSOA-79382,other,false,2,51 PINETREE LN BURR RIDGE IL 60527,,,,,3484.8,
dupage,0936104051,2018-04-24,509000.0,DPSOA-35292,other,false,2,49 PINE TREE LN BURR RIDGE IL 60527,,,,,3484.8,
dupage,0936106002,2019-05-31,730000.0,DPSOA-42442,warranty,true,2,"15W345 81ST ST # 15W540 BURR RIDGE IL 60527",,,,,20037.600000000002,
dupage,0936109005,2003-05-06,590000.0,DPSOA-171558,warranty,true,2,5 BERKSHIRE LN BURR RIDGE IL 60527,,,,,3920.3999999999996,
dupage,0936109020,2012-01-19,531900.0,DPSOA-8152,warranty,true,2,20 LAKE RIDGE CT BURR RIDGE IL 60527,,,,,3920.3999999999996,
dupage,0936109034,2015-04-09,560000.0,DPSOA-36629,other,false,2,34 LANCASTER CT BURR RIDGE IL 60521,,,,,3920.3999999999996,
dupage,0936109035,2011-03-01,515000.0,DPSOA-29166,other,false,2,35 LANCASTER CT BURR RIDGE IL 60527,,,,,3920.3999999999996,
dupage,0936109059,2003-12-22,650000.0,DPSOA-478343,warranty,true,2,59 BERKSHIRE CT BURR RIDGE IL 60527,,,,,3920.3999999999996,
dupage,0936200041,2019-04-23,1070000.0,DPSOA-30046,warranty,true,2,302 OLD OAK CT WILLOWBROOK IL 60527,,,,,30927.6,
dupage,0936201014,2001-09-18,388500.0,DPSOA-199050,warranty,true,2,15W234 79TH ST BURR RIDGE IL 60521,,,,,40075.200000000004,
dupage,0936206005,2006-07-27,667000.0,DPSOA-145161,warranty,true,2,8111 S PARK AVE BURR RIDGE IL 60521,,,,,23958.000000000004,
dupage,0936207003,2002-11-12,548000.0,DPSOA-308752,other,false,2,8219 KATHRYN CT BURR RIDGE IL 60527,,,,,16117.199999999999,
dupage,0936209063,2015-07-21,205000.0,DPSOA-79249,warranty,true,2,"7982 GARFIELD AVE # 16-3 BURR RIDGE IL 60521",,,,,235659.6,
dupage,0936210023,2016-05-20,232000.0,DPSOA-49497,warranty,true,2,"7962 GARFIELD AVE # 209 BURR RIDGE IL 60527",,,,,72745.2,
dupage,0936301017,2003-10-07,360000.0,DPSOA-388043,warranty,true,2,126 KRAML DR BURR RIDGE IL 60527,,,,,32670.0,
dupage,0936301018,2000-11-06,1070000.0,DPSOA-173693,warranty,true,2,124 KRAML DR BURR RIDGE IL 60527,,,,,34848.0,
dupage,0936302016,2019-08-06,512000.0,DPSOA-65977,warranty,true,2,8449 CANTERBERRY DR BURR RIDGE IL 60527,,,,,16552.8,
dupage,0936304051,2017-04-17,650000.0,DPSOA-36413,warranty,true,2,8548 WALDREDON AVE BURR RIDGE IL 60521,,,,,13939.2,
dupage,0936304053,2019-12-10,577000.0,DPSOA-114697,other,false,2,8524 WALREDON AVE BURR RIDGE IL 60527,,,,,13939.2,
dupage,0936308001,2001-08-17,405000.0,DPSOA-174143,other,false,2,8425 DOLFOR COVE BURR RIDGE IL 60522,,,,,12632.4,
dupage,0936309002,2014-04-25,561500.0,DPSOA-34308,warranty,true,2,412 BENNACOTT LN BURR RIDGE IL 60521,,,,,23522.4,
dupage,0936309025,2002-12-12,527000.0,DPSOA-346247,warranty,true,2,8622 DOLFOR COVE BURR RIDGE IL 60527,,,,,15245.999999999998,
dupage,0936311027,2020-09-14,502500.0,DPSOA-102923,other,false,2,513 87TH ST BURR RIDGE IL 60527,,,,,19602.0,
dupage,0936311043,2000-03-13,185000.0,DPSOA-35905,warranty,true,2,548 CONWAY CT BURR RIDGE IL 60521,,,,,16117.199999999999,
dupage,0936402001,2012-01-10,410000.0,DPSOA-4131,warranty,false,1,380 KIRKWOOD COVE BURR RIDGE IL 60527,,,,,16552.8,
dupage,0936404009,2014-08-08,461000.0,DPSOA-70894,warranty,true,2,8425 S PARK AVE BURR RIDGE IL 60521,,,,,15245.999999999998,
dupage,0936404019,2005-10-06,660000.0,DPSOA-223485,other,false,2,74 DEER PATH TR BURR RIDGE IL 60521,,,,,20037.600000000002,
dupage,0936406009,2004-12-01,665000.0,DPSOA-301297,warranty,true,2,8649 HEATHER DR BURR RIDGE IL 60527,,,,,18730.8,
dupage,0936406012,2011-04-01,570000.0,DPSOA-43474,warranty,true,2,314 LAKEWOOD CIR BURR RIDGE IL 60527,,,,,20473.199999999997,
dupage,1001102001,2005-11-07,195000.0,DPSOA-248646,warranty,true,2,10S231 VINE ST BURR RIDGE IL 60527,,,,,35283.600000000006,
dupage,1001104020,2015-07-14,692500.0,DPSOA-76233,warranty,true,2,4 TURNBERRY CT BURR RIDGE IL 60527,,,,,24829.199999999997,
dupage,1001104025,2002-07-10,600000.0,DPSOA-176574,warranty,true,2,15W560 91ST ST HINSDALE IL 60521,,,,,103672.79999999999,
dupage,1001107017,2016-12-01,660000.0,DPSOA-133001,warranty,true,2,8712 AINTREE LN BURR RIDGE IL 60527,,,,,20037.600000000002,
dupage,1001109006,2000-08-11,503000.0,DPSOA-123905,warranty,true,2,5 MORGAN CT WILLOWBROOK IL 60527,,,,,23958.000000000004,
dupage,1001207007,2001-10-26,690000.0,DPSOA-231732,warranty,true,2,8921 ROYAL DR BURR RIDGE IL 60527,,,,,23958.000000000004,
dupage,1001207009,2018-10-15,560000.0,DPSOA-96838,warranty,true,2,8941 ROYAL DR BURR RIDGE IL 60527,,,,,22215.600000000002,
dupage,1001207026,2002-02-01,767000.0,DPSOA-33757,warranty,true,2,895O ENCLAVE DR BURR RIDGE IL 60527,,,,,25700.399999999998,
dupage,1001207029,2001-11-13,810000.0,DPSOA-245596,quit_claim,false,2,8951 ENCLAVE DR BURR RIDGE IL 60521,,,,,23086.800000000003,
dupage,1001207054,2000-08-18,865000.0,DPSOA-128347,warranty,true,2,181 ASHTON DR BURR RIDGE IL 60527,,,,,26571.6,
dupage,1001207079,2013-01-07,185000.0,DPSOA-2860,warranty,false,1,15W090 91ST ST BURR RIDGE IL 60527,,,,,21780.0,
dupage,1001301018,2014-01-24,400000.0,DPSOA-7075,executor,false,2,10S638 GLENN DR BURR RIDGE IL 60527,,,,,20908.8,
dupage,1001302007,2002-11-25,570000.0,DPSOA-326324,warranty,true,2,10S515 GLENN DR BURR RIDGE IL 60527,,,,,21344.399999999998,
dupage,1001302062,2000-06-21,179000.0,DPSOA-94428,warranty,true,2,142 CIRCLE RIDGE DR BURR RIDGE IL 60527,,,,,27878.4,
dupage,1001308014,2012-04-27,515000.0,DPSOA-54497,warranty,true,2,39 RED OAK CT BURR RIDGE IL 60527,,,,,4356.0,
dupage,1001308029,2005-07-11,575000.0,DPSOA-145915,warranty,true,2,54 OAK CREEK DR BURR RIDGE IL 60527,,,,,2613.6,
dupage,1001403011,2016-03-18,410000.0,DPSOA-25684,executor,false,2,15W081 91ST ST BURR RIDGE IL 60527,,,,,27878.4,
dupage,1002400019,2018-10-16,956726.0,DPSOA-97504,warranty,true,2,91ST ST BURR RIDGE IL 60527,,,,,56192.4,
dupage,1002403001,2000-06-21,275000.0,DPSOA-94372,warranty,true,2,10S721 S JACKSON ST BURR RIDGE IL 60527,,,,,14810.400000000001,
dupage,1002408012,2019-09-06,750000.0,DPSOA-78252,warranty,true,2,9284 CASCADE CIR BURR RIDGE IL 60527,,,,,22651.2,
dupage,1002410012,2000-06-01,287500.0,DPSOA-82107,warranty,true,2,9289 FALLINGWATER DR BURR RIDGE IL 60527,,,,,50093.99999999999,
dupage,1002412008,2012-11-02,900000.0,DPSOA-154817,warranty,false,1,5 TUMBLEBROOK CT BURR RIDGE IL 60527,,,,,30056.399999999998,
dupage,1002412010,2003-11-14,1485000.0,DPSOA-435331,warranty,true,2,3 TUMBLEBROOK CT BURR RIDGE IL 60527,,,,,30927.6,
dupage,1011200013,2010-04-28,326000.0,DPSOA-54752,other,false,2,16W300 95TH PL BURR RIDGE IL 60527,,,,,11325.6,
dupage,0925206002,2015-06-25,189000.0,R2015-070926,warranty,false,1,7319 GIDDINGS AVE BURR RIDGE IL 60527,,,,,13068.0,
dupage,1001200001,2015-11-19,480000.0,R2015-133319,trustee,false,2,15W375 87TH ST BURR RIDGE IL 60521,,,,,115869.6,
dupage,0936210015,2015-11-30,200000.0,R2015-131822,warranty,true,2,"7958 S GARFIELD AVE # 107 BURR RIDGE IL 60521",,,,,72745.2,
dupage,0925211004,2016-03-01,2550000.0,R2016-020021,warranty,true,2,200 FRONTAGE RD WILLOWBROOK IL 60527,,,,,16117.199999999999,
dupage,0925111038,2016-04-05,315000.0,R2016-038600,warranty,true,2,119 CHESTNUT HILLS BURR RIDGE IL 60527,,,,,18295.2,
dupage,0936209061,2016-06-22,170000.0,R2016-075603,warranty,true,2,"7982 GARFIELD AVE # 16-1 BURR RIDGE IL 60527",,,,,235659.6,
dupage,0936109066,2016-07-21,650000.0,R2016-107151,warranty,true,2,66 BERKSHIRE CT BURR RIDGE IL 60527,,,,,3920.3999999999996,
dupage,0936400018,2016-10-07,830000.0,R2016-110885,trustee,false,2,15W218 87TH ST BURR RIDGE IL 60527,,,,,145054.80000000002,
dupage,0936109056,2016-10-14,575000.0,R2016-117227,trustee,false,2,56 CHESTERFIELD CT BURR RIDGE IL 60527,,,,,3920.3999999999996,
dupage,0936406007,2017-03-23,540000.0,R2017-029694,warranty,true,2,8617 HEATHER DR BURR RIDGE IL 60521,,,,,18730.8,
dupage,1001301006,2017-06-08,420000.0,R2017-058102,warranty,true,2,10S571 MADISON ST BURR RIDGE IL 60521,,,,,20037.600000000002,
dupage,0936403003,2017-06-16,338000.0,R2017-064041,warranty,true,2,364 TAMERTON PKWY BURR RIDGE IL 60527,,,,,13503.6,
dupage,0924200023,2017-08-02,2450000.0,R2017-080300,other,false,2,6500 S ELM ST BURR RIDGE IL 60527,,,,,207345.59999999998,
dupage,0936109050,2017-08-15,645000.0,R2017-084642,trustee,false,2,50 CHESTERFIELD CT BURR RIDGE IL 60527,,,,,3920.3999999999996,
dupage,1001304018,2017-08-29,670000.0,R2017-092792,warranty,true,2,725 PROVENCAL DR BURR RIDGE IL 60527,,,,,48351.600000000006,
dupage,0925403013,2017-10-11,350000.0,R2017-111106,warranty,true,2,311 79TH ST BURR RIDGE IL 60527,,,,,40075.200000000004,
dupage,0936109031,2018-05-17,660000.0,R2018-045856,trustee,false,2,31 LANCASTER CT BURR RIDGE IL 60527,,,,,3920.3999999999996,
dupage,0913409010,2018-05-22,810000.0,R2018-051482,trustee,false,2,1403 BURR RIDGE CLB BURR RIDGE IL 60527,,,,,10018.800000000001,
dupage,0925304012,2018-05-26,269300.0,R2018-052031,warranty,true,2,7736 S GRANT ST BURR RIDGE IL 60527,,,,,108464.40000000001,
dupage,1002405001,2018-06-06,100000.0,R2018-054402,trustee,false,2,10S560 OAK HILL CT BURR RIDGE IL 60527,,,,,26571.6,
dupage,0936300026,2018-06-29,1200000.0,R2018-065709,trustee,false,2,8350 WATERVIEW CT BURR RIDGE IL 60527,,,,,31798.8,
dupage,0936206015,2018-06-29,735000.0,R2018-063065,warranty,true,2,8201 KATHRYN CT BURR RIDGE IL 60527,,,,,17859.6,
dupage,1001308027,2018-07-17,385000.0,R2018-075117,warranty,true,2,52 OAK CREEK DR BURR RIDGE IL 60527,,,,,2613.6,
dupage,0913408013,2018-07-23,801000.0,R2018-071468,trustee,false,2,804 BURR RIDGE CLB BURR RIDGE IL 60527,,,,,7840.799999999999,
dupage,0936209056,2018-07-31,169500.0,R2018-071739,warranty,true,2,"7990 GARFIELD AVE # 14-4 BURR RIDGE IL 60527",,,,,235659.6,
dupage,1001304010,2018-08-01,450000.0,R2018-075209,warranty,true,2,760 94TH ST BURR RIDGE IL 60527,,,,,23086.800000000003,
dupage,0936310007,2018-08-20,540000.0,R2018-080644,warranty,true,2,8448 KIMBERLY CT BURR RIDGE IL 60527,,,,,20037.600000000002,
dupage,0924209003,2018-09-10,880000.0,R2018-088975,warranty,true,2,1201 KENMARE DR BURR RIDGE IL 60527,,,,,8712.0,
dupage,0925401019,2018-10-10,420000.0,R2018-100756,trustee,false,2,7520 DREW AVE BURR RIDGE IL 60527,,,,,40510.8,
dupage,0936403019,2018-12-19,445000.0,R2018-116437,trustee,false,2,319 LAKEWOOD CIR BURR RIDGE IL 60527,,,,,15681.599999999999,
dupage,1011201002,2019-03-07,235000.0,R2019-024540,warranty,true,2,16W361 95TH PL BURR RIDGE IL 60527,,,,,11325.6,
dupage,0936406002,2019-04-01,520000.0,R2019-024545,trustee,false,2,8517 HEATHER DR BURR RIDGE IL 60527,,,,,18730.8,
dupage,1001301015,2019-06-21,570000.0,R2019-050210,trustee,false,2,10S580 GLENN DR BURR RIDGE IL 60527,,,,,20037.600000000002,
dupage,0913407013,2019-06-27,1325000.0,R2019-052294,warranty,true,2,603 BURR RIDGE CLB BURR RIDGE IL 60527,,,,,7840.799999999999,
dupage,0925200025,2019-07-02,1950000.0,R2019-057973,warranty,true,2,120 HARVESTER DR BURR RIDGE IL 60527,,,,,83199.59999999999,
dupage,0924203003,2019-07-03,892500.0,R2019-056195,warranty,true,2,6735 FIELDSTONE DR BURR RIDGE IL 60527,,,,,20473.199999999997,
dupage,0936209036,2019-07-15,175500.0,R2019-062635,trustee,false,2,"8078 GARFIELD AVE # 4 BURR RIDGE IL 60527",,,,,235659.6,
dupage,0936209062,2019-10-08,235000.0,R2019-097733,trustee,false,2,"15W345 81ST ST # 2-2 BURR RIDGE IL 60527",,,,,235659.6,
dupage,1011207019,2020-05-01,755000.0,R2020-052140,warranty,false,1,9525 PACIFIC CT BURR RIDGE IL 60527,,,,,33105.6,
dupage,0936200012,2020-05-26,365000.0,R2020-067577,warranty,true,2,7908 S GARFIELD AVE BURR RIDGE IL 60527,,,,,1306.8,
dupage,1001301020,2020-07-28,468000.0,R2020-085791,warranty,true,2,10S664 GLENN DR BURR RIDGE IL 60527,,,,,20908.8,
dupage,0936304019,2020-09-11,508000.0,R2021-010148,trustee,false,2,8448 WALREDON AVE BURR RIDGE IL 60527,,,,,12196.800000000001,
dupage,0913300094,2020-09-17,1505000.0,R2020-149712,trustee,false,2,650 GRANT CT BURR RIDGE IL 60527,,,,,20473.199999999997,
dupage,1001203017,2020-09-17,480900.0,R2020-113403,warranty,false,1,2 HANOVER CT BURR RIDGE IL 60527,,,,,20473.199999999997,
dupage,1001401046,2020-09-25,90000.0,R2020-116406,trustee,false,2,220 FOREST EDGE CT BURR RIDGE IL 60527,,,,,36590.4,
dupage,0936105019,2020-09-25,935000.0,R2020-117630,trustee,false,2,8140 LAKE RIDGE DR BURR RIDGE IL 60527,,,,,33541.200000000004,
dupage,0925402001,2020-10-22,495000.0,R2020-133273,trustee,false,2,122 75TH ST BURR RIDGE IL 60527,,,,,41382.0,
dupage,0913406025,2020-11-03,1000000.0,R2020-143909,trustee,false,1,15W090 60TH ST BURR RIDGE IL 60527,,,,,133293.6,
dupage,0936406009,2020-11-10,515000.0,R2020-144395,warranty,true,2,8649 HEATHER DR BURR RIDGE IL 60527,,,,,18730.8,
dupage,0936201004,2025-06-04,1185000.0,R2025-033153,warranty,true,2,7950 DREW AVE BURR RIDGE IL 60527,,,,,386377.19999999995,
dupage,0924209009,2025-09-11,1225000.0,R2025-060459,trustee,false,2,1101 KENMARE DR BURR RIDGE IL 60527,,,,,4791.6,
dupage,0924209009,2025-09-11,1225000.0,DECL-20250902280170,trustee,false,2,1101 KENMARE DR BURR RIDGE IL 60527,,,,,4791.6,
dupage,0924310004,2025-09-17,3000000.0,R2025-060743,warranty,true,2,6951 HIGH GROVE BLVD BURR RIDGE IL 60527,,,,,232610.4,
dupage,0924310004,2025-09-17,3000000.0,DECL-20250902288609,warranty,true,2,6951 HIGH GROVE BLVD BURR RIDGE IL 60527,,,,,232610.4,
dupage,0913406011,2025-12-12,1478000.0,R2026-000701,warranty,true,2,13 WOODGATE DR BURR RIDGE IL 60527,,,,,22651.2,
dupage,0913406011,2025-12-19,1478000.0,DECL-20251202257140,warranty,true,2,13 WOODGATE DR BURR RIDGE IL 60527,,,,,22651.2,
dupage,0913406011,2025-12-24,1478000.0,DECL-20251202257140,warranty,true,2,13 WOODGATE DR BURR RIDGE IL 60527,,,,,22651.2,
dupage,1001105003,2013-02-01,530000.0,DGT-1001105003-2013-02-01,warranty,true,2,8720 S GRANT ST BURR RIDGE IL 60527,,,,,20037.600000000002,
dupage,1001200001,2015-11-01,480000.0,DGT-1001200001-2015-11-01,warranty,true,2,15W375 87TH ST BURR RIDGE IL 60521,,,,,115869.6,
dupage,1002408018,2019-09-01,1175000.0,DGT-1002408018-2019-09-01,warranty,true,2,9330 CASCADE CIR BURR RIDGE IL 60527,,,,,27007.2,
dupage,1002411006,2020-10-01,185000.0,DGT-1002411006-2020-10-01,warranty,true,2,7 ARCADIA CT BURR RIDGE IL 60527,,,,,30056.399999999998,
dupage,1001301020,2020-07-01,468000.0,DGT-1001301020-2020-07-01,warranty,true,2,10S664 GLENN DR BURR RIDGE IL 60527,,,,,20908.8,
dupage,1001302004,2018-02-01,461000.0,DGT-1001302004-2018-02-01,warranty,true,2,10S461 GLENN DR BURR RIDGE IL 60527,,,,,21344.399999999998,
dupage,1001304010,2018-08-01,450000.0,DGT-1001304010-2018-08-01,warranty,true,2,760 94TH ST BURR RIDGE IL 60527,,,,,23086.800000000003,
dupage,1001304018,2017-08-01,670000.0,DGT-1001304018-2017-08-01,warranty,true,2,725 PROVENCAL DR BURR RIDGE IL 60527,,,,,48351.600000000006,
dupage,1001401002,2014-05-01,818000.0,DGT-1001401002-2014-05-01,warranty,true,2,9381 S GARFIELD AVE BURR RIDGE IL 60527,,,,,43560.0,
dupage,1001401042,2016-04-01,237500.0,DGT-1001401042-2016-04-01,warranty,true,2,285 FOREST EDGE CT BURR RIDGE IL 60527,,,,,30927.6,
dupage,1011207019,2020-05-01,755000.0,DGT-1011207019-2020-05-01,warranty,true,2,9525 PACIFIC CT BURR RIDGE IL 60527,,,,,33105.6,
dupage,0913303010,2017-05-02,385000.0,DPSOA-42169,warranty,true,2,6230 GARFIELD AVE BURR RIDGE IL 60527,,,,,47044.8,
dupage,0913307001,2013-03-01,1025000.0,DPSOA-32329,other,false,2,6101 WILDWOOD LN BURR RIDGE IL 60521,,,,,23086.800000000003,
dupage,0913308008,2002-09-06,1130000.0,DPSOA-231207,warranty,true,2,8 CLUBSIDE CT BURR RIDGE IL 60527,,,,,14810.400000000001,
dupage,0913308012,2000-12-07,880000.0,DPSOA-192275,warranty,true,2,1 ANDREW CT BURR RIDGE IL 60527,,,,,17424.0,
dupage,0913403025,2015-02-24,1268500.0,DPSOA-17205,other,false,2,6120 S ELM ST BURR RIDGE IL 60527,,,,,59241.600000000006,
dupage,0913406025,2020-11-25,1000000.0,DPSOA-143909,other,false,2,15W090 60TH ST BURR RIDGE IL 60527,,,,,133293.6,
dupage,0913407013,2019-06-28,1325000.0,DPSOA-52294,warranty,true,2,603 BURR RIDGE CLB BURR RIDGE IL 60527,,,,,7840.799999999999,
dupage,0913407032,2017-09-11,1030000.0,DPSOA-93518,warranty,true,2,606 BURR RIDGE CLB BURR RIDGE IL 60527,,,,,7405.200000000001,
dupage,0913408013,2018-08-01,801000.0,DPSOA-71468,other,false,2,804 BURR RIDGE CLB BURR RIDGE IL 60527,,,,,7840.799999999999,
dupage,0913408035,2013-06-11,775000.0,DPSOA-84079,other,false,2,1203 BURR RIDGE CLB BURR RIDGE IL 60527,,,,,7840.799999999999,
dupage,0913409010,2018-06-08,810000.0,DPSOA-51482,other,false,2,1403 BURR RIDGE CLB BURR RIDGE IL 60527,,,,,10018.800000000001,
dupage,0924200023,2017-08-07,2450000.0,DPSOA-80300,other,false,2,6500 S ELM ST BURR RIDGE IL 60527,,,,,207345.59999999998,
dupage,0924200037,2009-05-29,152400.0,DPSOA-79906,other,false,2,6590 S ELM ST BURR RIDGE IL 60527,,,,,20037.600000000002,
dupage,0924200043,2003-03-24,892000.0,DPSOA-112745,other,false,2,7 PEPPERMILL CT BURR RIDGE IL 60527,,,,,24393.600000000002,
dupage,0924200110,2012-07-26,375000.0,DPSOA-97183,other,false,2,265 DARTMOUTH CT BURR RIDGE IL 60527,,,,,22215.600000000002,
dupage,0924201027,2016-12-16,3687500.0,DPSOA-139764,other,false,2,77 S CABERNET CT BURR RIDGE IL 60527,,,,,43124.4,
dupage,0924203003,2019-07-10,892500.0,DPSOA-56195,warranty,true,2,6735 FIELDSTONE DR BURR RIDGE IL 60527,,,,,20473.199999999997,
dupage,0924203013,2002-08-13,231560.0,DPSOA-208494,warranty,true,2,6718 FIELDSTONE DR BURR RIDGE IL 60527,,,,,18295.2,
dupage,0924311002,2010-02-08,3510000.0,DPSOA-17969,other,false,2,6827 HIGH GROVE BLVD BURR RIDGE IL 60521,,,,,155944.80000000002,
dupage,0924405003,2014-12-22,668275.0,DPSOA-120632,warranty,true,2,6802 FIELDSTONE DR BURR RIDGE IL 60527,,,,,27878.4,
dupage,0924405010,2018-06-01,775000.0,DPSOA-48580,warranty,true,2,6836 FIELDSTONE DR BURR RIDGE IL 60527,,,,,25264.8,
dupage,0924405026,2017-03-28,750000.0,DPSOA-29994,warranty,true,2,6906 FIELDSTONE DR BURR RIDGE IL 60527,,,,,17424.0,
dupage,0925111024,2006-05-23,391000.0,DPSOA-97130,other,false,2,107 CHESTNUT HILLS BURR RIDGE IL 60527,,,,,22651.2,
dupage,0925111033,2000-12-27,280000.0,DPSOA-202661,warranty,true,2,154 CHESTNUT HILLS CIR BURR RIDGE IL 60527,,,,,20473.199999999997,
dupage,0925200025,2019-07-16,1950000.0,DPSOA-57973,other,false,2,120 HARVESTER DR BURR RIDGE IL 60527,,,,,83199.59999999999,
dupage,0925202001,2014-04-03,168000.0,DPSOA-27098,warranty,true,2,221 72ND ST BURR RIDGE IL 60527,,,,,15681.599999999999,
dupage,0925205010,2012-02-29,160000.0,DPSOA-26459,warranty,true,2,7340 GIDDINGS AVE BURR RIDGE IL 60527,,,,,12632.4,
dupage,0925206002,2015-06-30,189000.0,DPSOA-70926,other,false,1,7319 GIDDINGS AVE BURR RIDGE IL 60527,,,,,13068.0,
dupage,0925206012,2005-06-29,538000.0,DPSOA-136507,warranty,true,2,S PARK AVE BURR RIDGE IL 60527,,,,,13068.0,
dupage,0925209007,2002-04-10,172000.0,DPSOA-97641,warranty,true,2,7420 GIDDINGS AVE BURR RIDGE IL 60521,,,,,10890.0,
dupage,0925211004,2016-03-03,2550000.0,DPSOA-20021,other,false,2,200 FRONTAGE RD WILLOWBROOK IL 60527,,,,,16117.199999999999,
dupage,0925302014,2007-03-16,2093000.0,DPSOA-47971,warranty,true,2,15W700 FRONTAGE RD BURR RIDGE IL 60521,,,,,85813.2,
dupage,0925303023,2013-03-28,1250000.0,DPSOA-46259,other,false,2,7725 GRANT ST BURR RIDGE IL 60521,,,,,39639.6,
dupage,0925304012,2018-06-11,269300.0,DPSOA-52031,warranty,true,2,7736 S GRANT ST BURR RIDGE IL 60527,,,,,108464.40000000001,
dupage,0925401019,2018-10-26,420000.0,DPSOA-100756,other,false,2,7520 DREW AVE BURR RIDGE IL 60527,,,,,40510.8,
dupage,0925402014,2006-05-18,500000.0,DPSOA-93718,other,false,2,108 75TH ST BURR RIDGE IL 60527,,,,,34412.4,
dupage,0935203008,2012-05-08,455000.0,DPSOA-59735,warranty,true,2,136 SHORE DR BURR RIDGE IL 60527,,,,,30056.399999999998,
dupage,0935403017,2008-03-31,1350000.0,DPSOA-51103,other,false,2,16W127 83RD ST BURR RIDGE IL 60527,,,,,31363.199999999997,
dupage,0935403022,2005-05-02,1000000.0,DPSOA-89873,other,false,2,8300 S MADISON BURR RIDGE IL 60527,,,,,19602.0,
dupage,0936102015,2012-01-20,325000.0,DPSOA-8776,warranty,false,1,15W740 82ND ST BURR RIDGE IL 60527,,,,,37897.2,
dupage,0936106011,2018-03-15,587500.0,DPSOA-22765,warranty,true,2,8190 RIDGEPOINT DR BURR RIDGE IL 60527,,,,,20473.199999999997,
dupage,0936107001,2005-11-17,752000.0,DPSOA-258294,other,false,2,8101 RIDGEPOINTE DR BURR RIDGE IL 60527,,,,,23958.000000000004,
dupage,0936109007,2003-10-10,625000.0,DPSOA-393490,other,false,2,7 BRISTOL CT BURR RIDGE IL 60527,,,,,3920.3999999999996,
dupage,0936109031,2018-05-24,660000.0,DPSOA-45856,other,false,2,31 LANCASTER CT BURR RIDGE IL 60527,,,,,3920.3999999999996,
dupage,0936109044,2004-01-23,475000.0,DPSOA-21795,warranty,true,2,44 DURHAM CT BURR RIDGE IL 60527,,,,,3920.3999999999996,
dupage,0936109050,2017-08-17,645000.0,DPSOA-84642,other,false,2,50 CHESTERFIELD CT BURR RIDGE IL 60527,,,,,3920.3999999999996,
dupage,0936109056,2016-10-24,575000.0,DPSOA-117227,other,false,2,56 CHESTERFIELD CT BURR RIDGE IL 60527,,,,,3920.3999999999996,
dupage,0936209005,2011-08-16,102500.0,DPSOA-95869,other,false,1,"15W345 81ST ST # 2-1 BURR RIDGE IL 60527",,,,,235659.6,
dupage,0936209036,2019-07-26,175500.0,DPSOA-62635,other,false,2,"8078 GARFIELD AVE # 4 BURR RIDGE IL 60527",,,,,235659.6,
dupage,0936209056,2018-08-01,169500.0,DPSOA-71739,warranty,true,2,"7990 GARFIELD AVE # 14-4 BURR RIDGE IL 60527",,,,,235659.6,
dupage,0936209061,2016-07-22,170000.0,DPSOA-75603,warranty,true,2,"7982 GARFIELD AVE # 16-1 BURR RIDGE IL 60527",,,,,235659.6,
dupage,0936209062,2019-10-25,235000.0,DPSOA-97733,other,false,2,"15W345 81ST ST # 2-2 BURR RIDGE IL 60527",,,,,235659.6,
dupage,0936210017,2001-05-01,149500.0,DPSOA-79520,other,false,2,"7962 GARFIELD AVE # 109 BURR RIDGE IL 60527",,,,,72745.2,
dupage,0936300026,2018-07-17,1200000.0,DPSOA-65709,other,false,2,8350 WATERVIEW CT BURR RIDGE IL 60527,,,,,31798.8,
dupage,0936304045,2014-07-15,575000.0,DPSOA-61541,warranty,true,2,8537 CLYNDERVEN RD BURR RIDGE IL 60521,,,,,13939.2,
dupage,0936309041,2005-02-02,571000.0,DPSOA-23913,warranty,true,2,472 PARKVIEW PL BURR RIDGE IL 60527,,,,,13939.2,
dupage,0936311033,2005-05-05,625000.0,DPSOA-93031,warranty,true,2,585 W 87TH ST BURR RIDGE IL 60527,,,,,16117.199999999999,
dupage,0936311038,2011-06-23,565000.0,DPSOA-74869,warranty,true,2,8562 CLYNDERVEN RD BURR RIDGE IL 60521,,,,,16117.199999999999,
dupage,0936312002,2015-10-09,1300000.0,DPSOA-112182,warranty,true,2,129 KRAML DR BURR RIDGE IL 60521,,,,,32670.0,
dupage,0936400018,2016-10-11,830000.0,DPSOA-110885,other,false,2,15W218 87TH ST BURR RIDGE IL 60527,,,,,145054.80000000002,
dupage,0936401002,2006-08-01,570000.0,DPSOA-147587,warranty,true,2,365 KIRKWOOD COVE BURR RIDGE IL 60527,,,,,13503.6,
dupage,0936403003,2017-06-27,338000.0,DPSOA-64041,warranty,true,2,364 TAMERTON PKWY BURR RIDGE IL 60527,,,,,13503.6,
dupage,0936403019,2018-12-19,445000.0,DPSOA-116437,other,false,2,319 LAKEWOOD CIR BURR RIDGE IL 60527,,,,,15681.599999999999,
dupage,0936406002,2019-04-04,520000.0,DPSOA-24545,other,false,2,8517 HEATHER DR BURR RIDGE IL 60527,,,,,18730.8,
dupage,0936406007,2017-03-28,540000.0,DPSOA-29694,warranty,true,2,8617 HEATHER DR BURR RIDGE IL 60521,,,,,18730.8,
dupage,0936406014,2014-08-26,585000.0,DPSOA-77189,warranty,true,2,266 LAKEWOOD CIR BURR RIDGE IL 60527,,,,,23086.800000000003,
dupage,0936406024,2008-06-06,625000.0,DPSOA-91575,other,false,2,8600 WEDGEWOOD DR BURR RIDGE IL 60527,,,,,18730.8,
dupage,1001102003,2015-01-06,315000.0,DPSOA-1353,warranty,true,2,VINE ST BURR RIDGE IL 60527,,,,,35719.2,
dupage,1001106030,2008-08-04,730000.0,DPSOA-121778,warranty,true,2,13 TODOR CT BURR RIDGE IL 60521,,,,,21344.399999999998,
dupage,1001107032,2003-09-15,985000.0,DPSOA-362537,warranty,true,2,8781 POLO RIDGE CT BURR RIDGE IL 60527,,,,,27007.2,
dupage,1001200001,2015-12-08,480000.0,DPSOA-133319,other,false,2,15W375 87TH ST BURR RIDGE IL 60521,,,,,115869.6,
dupage,1001202001,2000-08-29,530000.0,DPSOA-134127,warranty,true,2,340 DEVON DR BURR RIDGE IL 60521,,,,,29620.800000000003,
dupage,1001203005,2010-10-29,683500.0,DPSOA-147794,warranty,true,2,7 BRIDLE CT BURR RIDGE IL 60527,,,,,24829.199999999997,
dupage,1001203007,2000-03-10,375000.0,DPSOA-35439,warranty,true,2,331 DEVON DR BURR RIDGE IL 60521,,,,,24393.600000000002,
dupage,1001207015,2002-07-17,460000.0,DPSOA-183231,warranty,true,2,5 TORI CT BURR RIDGE IL 60527,,,,,21780.0,
dupage,1001210001,2003-01-22,950000.0,DPSOA-25677,warranty,true,2,8824 SHENANDOAH LN BURR RIDGE IL 60527,,,,,30927.6,
dupage,1001301006,2017-06-13,420000.0,DPSOA-58102,warranty,true,2,10S571 MADISON ST BURR RIDGE IL 60521,,,,,20037.600000000002,
dupage,1001301021,2003-08-06,440000.0,DPSOA-307192,other,false,2,10S676 GLENN DR BURR RIDGE IL 60527,,,,,20908.8,
dupage,1001302004,2018-02-15,461000.0,DPSOA-14001,other,false,2,10S461 GLENN DR BURR RIDGE IL 60527,,,,,21344.399999999998,
dupage,1001302055,2007-07-16,949900.0,DPSOA-130355,warranty,true,2,128 CIRCLE RIDGE DR BURR RIDGE IL 60527,,,,,20473.199999999997,
dupage,1001304010,2018-08-10,450000.0,DPSOA-75209,warranty,true,2,760 94TH ST BURR RIDGE IL 60527,,,,,23086.800000000003,
dupage,1001304018,2017-09-08,670000.0,DPSOA-92792,warranty,true,2,725 PROVENCAL DR BURR RIDGE IL 60527,,,,,48351.600000000006,
dupage,1001307013,2001-05-01,867500.0,DPSOA-78825,warranty,true,2,137 CIRCLE RIDGE DR BURR RIDGE IL 60527,,,,,20037.600000000002,
dupage,1001307020,2011-02-24,580000.0,DPSOA-27382,other,false,2,5 DEVON RIDGE CT BURR RIDGE IL 60527,,,,,23958.000000000004,
dupage,1001308009,2012-10-29,495000.0,DPSOA-151734,other,false,2,11 BEL-AIRE CT BURR RIDGE IL 60527,,,,,3049.2000000000003,
dupage,1001308010,2003-08-27,555000.0,DPSOA-338012,warranty,true,2,35 RED OAK CT BURR RIDGE IL 60527,,,,,3920.3999999999996,
dupage,1001401002,2014-06-02,818000.0,DPSOA-45979,warranty,true,2,9381 S GARFIELD AVE BURR RIDGE IL 60527,,,,,43560.0,
dupage,1001401042,2016-05-04,237500.0,DPSOA-43016,other,false,2,285 FOREST EDGE CT BURR RIDGE IL 60527,,,,,30927.6,
dupage,1001406017,2017-01-09,425000.0,DPSOA-2816,warranty,true,2,23 RODEO DR BURR RIDGE IL 60527,,,,,3920.3999999999996,
dupage,1002402018,2003-04-29,224900.0,DPSOA-161643,warranty,true,2,16W340 94TH ST BURR RIDGE IL 60527,,,,,11325.6,
dupage,1002403010,2010-06-30,175000.0,DPSOA-83379,warranty,true,2,16W311 94TH ST BURR RIDGE IL 60527,,,,,14810.400000000001,
dupage,1002405001,2018-06-15,100000.0,DPSOA-54402,other,false,2,10S560 OAK HILL CT BURR RIDGE IL 60527,,,,,26571.6,
dupage,1002408019,2012-11-13,975000.0,DPSOA-159883,other,false,2,9340 CASCADE CIR BURR RIDGE IL 60521,,,,,23086.800000000003,
dupage,1002410016,2002-01-10,277000.0,DPSOA-10189,warranty,true,2,9340 S MADISON ST BURR RIDGE IL 60527,,,,,103237.20000000001,
dupage,1002412003,2009-03-19,1600000.0,DPSOA-39800,warranty,true,2,9400 FALLING WATER DR W BURR RIDGE IL 60527,,,,,27878.4,
dupage,1011201002,2019-04-04,235000.0,DPSOA-24540,warranty,true,2,16W361 95TH PL BURR RIDGE IL 60527,,,,,11325.6,
dupage,1011201016,2010-12-14,1550000.0,DPSOA-174599,warranty,true,2,9565 JACKSON ST BURR RIDGE IL 60527,,,,,48787.200000000004,
dupage,1011207019,2020-05-26,755000.0,DPSOA-52140,other,false,1,9525 PACIFIC CT BURR RIDGE IL 60527,,,,,33105.6,
dupage,0936205009,2015-10-13,575250.0,R2015-117135,trustee,false,2,8212 KATHRYN CT BURR RIDGE IL 60527,,,,,16117.199999999999,
dupage,0936304013,2016-07-01,532000.0,R2016-073801,trustee,false,2,8348 WALREDON AVE BURR RIDGE IL 60527,,,,,12196.800000000001,
dupage,0936311034,2016-12-07,560000.0,R2016-139698,warranty,true,2,8514 CLYNDERVEN RD BURR RIDGE IL 60527,,,,,17424.0,
dupage,1001104014,2017-01-20,300000.0,R2017-010588,warranty,true,2,15W601 89TH ST HINSDALE IL 60521,,,,,108900.0,
dupage,0913307001,2017-03-06,1075000.0,R2017-023458,warranty,true,2,6101 WILDWOOD LN BURR RIDGE IL 60521,,,,,23086.800000000003,
dupage,0913302038,2017-05-11,1000000.0,R2017-050354,warranty,true,2,2 RIDGE FARM RD BURR RIDGE IL 60527,,,,,22651.2,
dupage,0936404047,2017-07-06,1125000.0,R2017-076781,warranty,true,2,9 HIDDEN LAKE DR BURR RIDGE IL 60527,,,,,20473.199999999997,
dupage,0936305011,2017-09-07,535000.0,R2017-093446,trustee,false,2,8336 DOLFOR CV BURR RIDGE IL 60527,,,,,13503.6,
dupage,1011200014,2017-10-12,521000.0,R2017-109023,warranty,true,2,16W280 95TH PL BURR RIDGE IL 60527,,,,,11325.6,
dupage,0936106014,2018-05-11,621500.0,R2018-045179,warranty,true,2,8240 RIDGEPOINT DR BURR RIDGE IL 60527,,,,,20473.199999999997,
dupage,0925104001,2018-06-28,490000.0,R2018-060792,warranty,true,2,15W761 74TH ST BURR RIDGE IL 60527,,,,,15245.999999999998,
dupage,0924201029,2018-08-06,555000.0,R2018-074390,warranty,true,2,53 S CABERNET CT BURR RIDGE IL 60527,,,,,43560.0,
dupage,0924206020,2018-08-13,890000.0,R2018-076180,warranty,true,2,604 KENMARE DR BURR RIDGE IL 60521,,,,,6969.6,
dupage,1002403019,2019-01-24,215000.0,R2019-005937,warranty,true,2,16W350 94TH PL BURR RIDGE IL 60527,,,,,11325.6,
dupage,0935402058,2019-03-26,400000.0,R2019-022685,trustee,false,2,8425 MEADOWBROOK DR BURR RIDGE IL 60527,,,,,30056.399999999998,
dupage,0936209007,2019-06-24,245000.0,R2019-054392,warranty,true,2,"15W345 81ST ST # 2-3 BURR RIDGE IL 60527",,,,,235659.6,
dupage,0913303028,2019-07-03,485000.0,R2019-062824,warranty,true,2,6200 GARFIELD AVE BURR RIDGE IL 60527,,,,,19602.0,
dupage,1001308016,2019-08-27,495000.0,R2019-081350,warranty,true,2,41 RED OAK CT BURR RIDGE IL 60527,,,,,3484.8,
dupage,0936406012,2020-03-27,650000.0,R2020-042606,warranty,true,2,314 LAKEWOOD CIR BURR RIDGE IL 60527,,,,,20473.199999999997,
dupage,0913308007,2020-04-24,665000.0,R2020-054544,warranty,false,1,10 CLUBSIDE CT BURR RIDGE IL 60527,,,,,26571.6,
dupage,0925111003,2020-05-06,385000.0,R2020-051714,warranty,true,2,7240 CHESTNUT HILLS BURR RIDGE IL 60527,,,,,22215.600000000002,
dupage,1001307019,2020-07-29,650000.0,R2020-087812,warranty,true,2,1 DEVON RIDGE CT BURR RIDGE IL 60527,,,,,20473.199999999997,
dupage,1001306003,2020-10-01,700000.0,R2020-115736,trustee,false,2,106 OAK RIDGE DR W BURR RIDGE IL 60521,,,,,40510.8,
dupage,0936207007,2020-12-09,530000.0,R2021-056370,trustee,false,2,8218 WINDSOR CT BURR RIDGE IL 60527,,,,,23958.000000000004,
dupage,0913405006,2025-01-07,2575000.0,R2025-005934,trustee,false,2,15W070 SEDGLEY RD BURR RIDGE IL 60527,,,,,105415.2,
dupage,0924405010,2025-06-20,1810000.0,R2025-039976,trustee,false,2,6836 FIELDSTONE DR BURR RIDGE IL 60527,,,,,25264.8,
dupage,0924401014,2025-06-30,1315125.0,R2025-048275,warranty,true,2,6825 FIELDSTONE DR BURR RIDGE IL 60527,,,,,27007.2,
dupage,0913405006,2025-10-20,1700000.0,DECL-20251002210838,trustee,false,2,15W070 SEDGLEY RD BURR RIDGE IL 60527,,,,,105415.2,
dupage,0913405006,2025-10-24,1700000.0,R2025-071737,trustee,false,2,15W070 SEDGLEY RD BURR RIDGE IL 60527,,,,,105415.2,
dupage,1001100042,2015-11-01,975000.0,DGT-1001100042-2015-11-01,warranty,true,2,8712 POLO RIDGE CT BURR RIDGE IL 60527,,,,,20037.600000000002,
dupage,1001100043,2015-12-01,1050000.0,DGT-1001100043-2015-12-01,warranty,true,2,8715 S MADISON ST BURR RIDGE IL 60527,,,,,20037.600000000002,
dupage,1001100044,2020-06-01,1105000.0,DGT-1001100044-2020-06-01,warranty,true,2,15W760 89TH ST BURR RIDGE IL 60527,,,,,8276.4,
dupage,1001104014,2017-01-01,300000.0,DGT-1001104014-2017-01-01,warranty,true,2,15W601 89TH ST HINSDALE IL 60521,,,,,108900.0,
dupage,1001106024,2019-04-01,760000.0,DGT-1001106024-2019-04-01,warranty,true,2,8 TODOR CT BURR RIDGE IL 60527,,,,,21344.399999999998,
dupage,1001106026,2016-06-01,565000.0,DGT-1001106026-2016-06-01,warranty,true,2,12 TODOR CT BURR RIDGE IL 60527,,,,,21780.0,
dupage,1001201032,2016-05-01,738460.0,DGT-1001201032-2016-05-01,warranty,true,2,8800 S COUNTY LINE RD BURR RIDGE IL 60527,,,,,105850.8,
dupage,1002403019,2019-01-01,215000.0,DGT-1002403019-2019-01-01,warranty,true,2,16W350 94TH PL BURR RIDGE IL 60527,,,,,11325.6,
dupage,1001302061,2019-04-01,783000.0,DGT-1001302061-2019-04-01,warranty,true,2,140 CIRCLE RIDGE DR BURR RIDGE IL 60527,,,,,20473.199999999997,
dupage,1001304014,2015-11-01,905000.0,DGT-1001304014-2015-11-01,warranty,true,2,105 OAK RIDGE DR W BURR RIDGE IL 60527,,,,,40075.200000000004,
dupage,1001306003,2020-10-01,700000.0,DGT-1001306003-2020-10-01,warranty,true,2,106 OAK RIDGE DR W BURR RIDGE IL 60521,,,,,40510.8,
dupage,1001307019,2020-07-01,650000.0,DGT-1001307019-2020-07-01,warranty,true,2,1 DEVON RIDGE CT BURR RIDGE IL 60527,,,,,20473.199999999997,
dupage,1011200014,2017-10-01,521000.0,DGT-1011200014-2017-10-01,warranty,true,2,16W280 95TH PL BURR RIDGE IL 60527,,,,,11325.6,
dupage,1001308016,2019-08-01,495000.0,DGT-1001308016-2019-08-01,warranty,true,2,41 RED OAK CT BURR RIDGE IL 60527,,,,,3484.8,
dupage,0913300078,2016-08-02,1230000.0,DPSOA-79971,warranty,true,2,6040 S GRANT ST BURR RIDGE IL 60527,,,,,24829.199999999997,
dupage,0913300091,2001-04-03,395000.0,DPSOA-56988,other,false,2,675 GRANT CT BURR RIDGE IL 60521,,,,,40510.8,
dupage,0913300093,2007-01-17,1560000.0,DPSOA-9977,warranty,true,2,670 GRANT CT BURR RIDGE IL 60527,,,,,20473.199999999997,
dupage,0913301029,2012-08-22,945000.0,DPSOA-112576,warranty,true,2,5951 S GRANT ST BURR RIDGE IL 60527,,,,,20037.600000000002,
dupage,0913302014,2020-08-19,865000.0,DPSOA-91149,warranty,true,2,500 W 60TH PL BURR RIDGE IL 60521,,,,,14374.800000000001,
dupage,0913302038,2017-05-23,1000000.0,DPSOA-50354,warranty,true,2,2 RIDGE FARM RD BURR RIDGE IL 60527,,,,,22651.2,
dupage,0913302045,2005-10-17,700000.0,DPSOA-230462,warranty,true,2,15W440 62ND ST BURR RIDGE IL 60527,,,,,24393.600000000002,
dupage,0913303014,2008-07-14,2100000.0,DPSOA-110521,warranty,true,2,15W550 63RD ST BURR RIDGE IL 60527,,,,,23522.4,
dupage,0913303027,2005-09-07,460000.0,DPSOA-196387,warranty,true,2,15W435 62ND ST BURR RIDGE IL 60527,,,,,15681.599999999999,
dupage,0913303028,2019-07-29,485000.0,DPSOA-62824,warranty,true,2,6200 GARFIELD AVE BURR RIDGE IL 60527,,,,,19602.0,
dupage,0913308007,2020-06-01,665000.0,DPSOA-54544,other,false,1,10 CLUBSIDE CT BURR RIDGE IL 60527,,,,,26571.6,
dupage,0913401020,2003-03-03,950000.0,DPSOA-83694,warranty,true,2,6049 SEDGLEY CT BURR RIDGE IL 60527,,,,,27878.4,
dupage,0913404037,2005-03-01,2059500.0,DPSOA-40620,warranty,true,2,6212 ELM ST BURR RIDGE IL 60527,,,,,37897.2,
dupage,0913405024,2005-09-27,3100000.0,DPSOA-214360,warranty,true,2,15W130 60TH ST BURR RIDGE IL 60527,,,,,43124.4,
dupage,0913406011,2018-06-22,752500.0,DPSOA-57141,warranty,true,2,13 WOODGATE DR BURR RIDGE IL 60527,,,,,22651.2,
dupage,0913408024,2016-08-04,1020000.0,DPSOA-80980,other,false,2,101 BURR RIDGE CLUB BURR RIDGE IL 60521,,,,,7405.200000000001,
dupage,0913408048,2013-01-15,750000.0,DPSOA-7471,warranty,true,2,1501 BURR RIDGE CLUB BURR RIDGE IL 60527,,,,,16552.8,
dupage,0913409004,2012-12-05,985000.0,DPSOA-172255,other,false,2,1104 BURR RIDGE CLB BURR RIDGE IL 60527,,,,,9147.6,
dupage,0924200004,2011-02-25,720000.0,DPSOA-28040,other,false,2,335 COUNTRYSIDE CT HINSDALE IL 60521,,,,,53578.799999999996,
dupage,0924206020,2018-08-14,890000.0,DPSOA-76180,warranty,true,2,604 KENMARE DR BURR RIDGE IL 60521,,,,,6969.6,
dupage,0924207004,2014-08-04,535500.0,DPSOA-68428,quit_claim,false,1,201 KENMARE DR BURR RIDGE IL 60527,,,,,6534.0,
dupage,0924207017,2014-08-20,750000.0,DPSOA-75215,other,false,2,904 KENMARE DR BURR RIDGE IL 60527,,,,,5662.8,
dupage,0924307005,2003-09-05,855000.0,DPSOA-350551,warranty,true,2,6763 FIELDSTONE DR BURR RIDGE IL 60521,,,,,18295.2,
dupage,0924310004,2014-07-31,1700000.0,DPSOA-67712,other,false,2,6951 HIGH GROVE BLVD BURR RIDGE IL 60527,,,,,232610.4,
dupage,0924401029,2004-11-17,847000.0,DPSOA-292840,warranty,true,2,6887 FIELDSTONE DR BURR RIDGE IL 60527,,,,,16117.199999999999,
dupage,0925207014,2004-06-10,210000.0,DPSOA-155254,warranty,true,2,7310 S HAMILTON AVE BURR RIDGE IL 60527,,,,,13068.0,
dupage,0925303001,2006-02-22,1136100.0,DPSOA-31805,warranty,true,2,GRANT ST BURR RIDGE IL 60521,,,,,200375.99999999997,
dupage,0925304004,2014-10-21,200000.0,DPSOA-98629,other,false,2,7708 S GRANT ST BURR RIDGE IL 60527,,,,,108464.40000000001,
dupage,0925400010,2008-05-22,250000.0,DPSOA-84492,warranty,true,2,7624 HAMILTON AVE BURR RIDGE IL 60527,,,,,100623.6,
dupage,0925401022,2013-07-30,920000.0,DPSOA-110348,warranty,true,2,7608 DREW AVE BURR RIDGE IL 60527,,,,,40510.8,
dupage,0925402006,2015-03-09,301500.0,DPSOA-22579,other,false,2,7523 DREW AVE BURR RIDGE IL 60527,,,,,40510.8,
dupage,0925403006,2017-05-19,350000.0,DPSOA-49176,other,false,2,7800 HAMILTON AVE BURR RIDGE IL 60521,,,,,101059.2,
dupage,0925404004,2005-07-20,669900.0,DPSOA-155318,warranty,true,2,7715 S HAMILTON AVE BURR RIDGE IL 60527,,,,,40510.8,
dupage,0935204025,2001-10-10,560000.0,DPSOA-216646,warranty,true,2,401 W 83RD ST BURR RIDGE IL 60521,,,,,22651.2,
dupage,0935205005,2005-10-11,1610000.0,DPSOA-225593,warranty,true,2,109 SHORE DR BURR RIDGE IL 60527,,,,,103237.20000000001,
dupage,0935402051,2009-10-14,325000.0,DPSOA-157192,warranty,true,2,8401 MEADOWBROOK DR BURR RIDGE IL 60527,,,,,49222.799999999996,
dupage,0935402058,2019-03-29,400000.0,DPSOA-22685,other,false,2,8425 MEADOWBROOK DR BURR RIDGE IL 60527,,,,,30056.399999999998,
dupage,0936100009,2006-04-05,272000.0,DPSOA-62731,warranty,true,2,15W675 79TH ST BURR RIDGE IL 60521,,,,,21780.0,
dupage,0936101004,2015-07-24,330000.0,DPSOA-81406,other,false,2,9S155 MADISON ST HINSDALE IL 60521,,,,,23958.000000000004,
dupage,0936103023,2013-02-20,800000.0,DPSOA-27138,other,false,2,15W752 83RD ST BURR RIDGE IL 60527,,,,,47916.00000000001,
dupage,0936105002,2005-07-26,725000.0,DPSOA-160698,warranty,true,2,8100 LAKE RIDGE DR BURR RIDGE IL 60521,,,,,20908.8,
dupage,0936109001,2003-11-07,611000.0,DPSOA-427882,warranty,true,2,1 BERKSHIRE LN BURR RIDGE IL 60527,,,,,3920.3999999999996,
dupage,0936109024,2008-11-17,675000.0,DPSOA-166890,other,false,2,24 LAKE RIDGE CLUB BURR RIDGE IL 60527,,,,,3920.3999999999996,
dupage,0936109055,2012-11-29,440000.0,DPSOA-169149,other,false,2,55 CHESTERFIELD CT BURR RIDGE IL 60521,,,,,3920.3999999999996,
dupage,0936109072,2003-01-07,570000.0,DPSOA-6371,warranty,true,2,581 81ST ST BURR RIDGE IL 60527,,,,,17424.0,
dupage,0936201004,2014-08-20,1075000.0,DPSOA-75285,other,false,2,7950 DREW AVE BURR RIDGE IL 60527,,,,,386377.19999999995,
dupage,0936201013,2018-04-20,968000.0,DPSOA-34414,other,false,2,15W232 79TH ST BURR RIDGE IL 60527,,,,,68389.2,
dupage,0936205009,2015-10-22,575250.0,DPSOA-117135,other,false,2,8212 KATHRYN CT BURR RIDGE IL 60527,,,,,16117.199999999999,
dupage,0936205010,2000-04-04,421000.0,DPSOA-47887,warranty,true,2,8218 KATHRYN CT BURR RIDGE IL 60521,,,,,16117.199999999999,
dupage,0936300001,2014-12-30,275000.0,DPSOA-122731,warranty,false,1,8301 S MADISON ST BURR RIDGE IL 60527,,,,,27007.2,
dupage,0936303001,2005-09-09,565000.0,DPSOA-198428,warranty,true,2,8301 CLYNDERVEN RD BURR RIDGE IL 60527,,,,,15681.599999999999,
dupage,0936304013,2016-07-19,532000.0,DPSOA-73801,other,false,2,8348 WALREDON AVE BURR RIDGE IL 60527,,,,,12196.800000000001,
dupage,0936304017,2001-10-04,330000.0,DPSOA-213158,warranty,true,2,8424 WALREDON AVE BURR RIDGE IL 60527,,,,,12196.800000000001,
dupage,0936304020,2005-01-11,490000.0,DPSOA-7310,warranty,true,2,8460 WALREDON AVE BURR RIDGE IL 60527,,,,,12196.800000000001,
dupage,0936309023,2002-09-12,540000.0,DPSOA-236342,warranty,true,2,463 LEONARD LN BURR RIDGE IL 60527,,,,,13939.2,
dupage,0936310030,2005-08-15,580000.0,DPSOA-175679,other,false,2,595 BRIARWOOD DR BURR RIDGE IL 60527,,,,,15245.999999999998,
dupage,0936311034,2016-12-16,560000.0,DPSOA-139698,warranty,true,2,8514 CLYNDERVEN RD BURR RIDGE IL 60527,,,,,17424.0,
dupage,0936400010,2007-04-27,790000.0,DPSOA-78478,warranty,true,2,8320 S COUNTY LINE RD BURR RIDGE IL 60527,,,,,62290.799999999996,
dupage,0936400019,2008-08-28,1800000.0,DPSOA-133422,warranty,true,2,15W180 87TH ST HINSDALE IL 60521,,,,,217800.0,
dupage,0936404020,2016-08-01,500000.0,DPSOA-79020,other,false,2,70 DEER PATH TRL BURR RIDGE IL 60527,,,,,20037.600000000002,
dupage,0936405006,2013-08-14,550000.0,DPSOA-118490,warranty,true,2,8548 HEATHER DR BURR RIDGE IL 60527,,,,,19602.0,
dupage,0936406011,2005-08-25,641000.0,DPSOA-185017,warranty,true,2,8681 HEATHER DR BURR RIDGE IL 60527,,,,,21344.399999999998,
dupage,0936408008,2019-11-13,819500.0,DPSOA-104527,warranty,true,2,39 FAWN CT BURR RIDGE IL 60527,,,,,27007.2,
dupage,0936408018,2015-07-28,340000.0,DPSOA-82913,other,false,2,15W151 83RD ST BURR RIDGE IL 60527,,,,,31798.8,
dupage,1001100034,2015-06-11,1125000.0,DPSOA-62519,other,false,2,8891 S MADISON ST BURR RIDGE IL 60527,,,,,30056.399999999998,
dupage,1001100042,2015-11-19,975000.0,DPSOA-127183,other,false,2,8712 POLO RIDGE CT BURR RIDGE IL 60527,,,,,20037.600000000002,
dupage,1001104014,2017-01-30,300000.0,DPSOA-10588,warranty,true,2,15W601 89TH ST HINSDALE IL 60521,,,,,108900.0,
dupage,1001106026,2016-06-20,565000.0,DPSOA-61067,other,false,2,12 TODOR CT BURR RIDGE IL 60527,,,,,21780.0,
dupage,1001107006,2007-01-30,685000.0,DPSOA-18856,other,false,2,530 DEVON DR BURR RIDGE IL 60527,,,,,20037.600000000002,
dupage,1001107020,2004-08-10,845000.0,DPSOA-213219,warranty,true,2,8738 AINTREE LN BURR RIDGE IL 60527,,,,,20037.600000000002,
dupage,1001201028,2006-12-04,1125000.0,DPSOA-231820,other,false,2,8700 S COUNTY LINE RD BURR RIDGE IL 60527,,,,,62290.799999999996,
dupage,1001201032,2016-06-01,738460.0,DPSOA-53380,other,false,2,8800 S COUNTY LINE RD BURR RIDGE IL 60527,,,,,105850.8,
dupage,1001207045,2011-02-23,390000.0,DPSOA-26585,other,false,2,3 NORMAN CT BURR RIDGE IL 60521,,,,,23958.000000000004,
dupage,1001302035,2010-12-22,699000.0,DPSOA-179685,warranty,true,2,125 OAK RIDGE DR E BURR RIDGE IL 60527,,,,,40946.399999999994,
dupage,1001306003,2020-10-08,700000.0,DPSOA-115736,other,false,2,106 OAK RIDGE DR W BURR RIDGE IL 60521,,,,,40510.8,
dupage,1001307019,2020-08-12,650000.0,DPSOA-87812,warranty,true,2,1 DEVON RIDGE CT BURR RIDGE IL 60527,,,,,20473.199999999997,
dupage,1001308016,2019-09-16,495000.0,DPSOA-81350,warranty,true,2,41 RED OAK CT BURR RIDGE IL 60527,,,,,3484.8,
dupage,1001308035,2003-11-20,670000.0,DPSOA-445114,warranty,true,2,60 MALIBU CT BURR RIDGE IL 60527,,,,,3484.8,
dupage,1001401027,2003-10-14,696207.0,DPSOA-394863,warranty,true,2,9160 FOREST EDGE LN BURR RIDGE IL 60527,,,,,28749.600000000002,
dupage,1001401049,2011-06-16,850000.0,DPSOA-72226,warranty,true,2,270 FOREST EDGE CT BURR RIDGE IL 60527,,,,,30491.999999999996,
dupage,1002403019,2019-01-25,215000.0,DPSOA-5937,warranty,true,2,16W350 94TH PL BURR RIDGE IL 60527,,,,,11325.6,
dupage,1002404007,2003-12-18,220000.0,DPSOA-475205,warranty,true,2,16W331 94TH PL BURR RIDGE IL 60527,,,,,11325.6,
dupage,1002408010,2000-12-27,294900.0,DPSOA-202634,warranty,true,2,9 CASCADE CT W BURR RIDGE IL 60521,,,,,25700.399999999998,
dupage,1011200014,2017-10-23,521000.0,DPSOA-109023,warranty,true,2,16W280 95TH PL BURR RIDGE IL 60527,,,,,11325.6,
dupage,0924209005,2015-09-23,945000.0,R2015-108022,warranty,true,2,1205 KENMARE DR BURR RIDGE IL 60527,,,,,8712.0,
dupage,0936307001,2015-09-30,403500.0,R2015-113029,warranty,true,2,436 KIRKWOOD COVE BURR RIDGE IL 60527,,,,,15245.999999999998,
dupage,0936104061,2016-03-24,535000.0,R2016-030166,warranty,true,2,59 PINE TREE LN BURR RIDGE IL 60521,,,,,3484.8,
dupage,1001100031,2016-08-19,820000.0,R2016-089223,warranty,true,2,8730 POLO RIDGE CT BURR RIDGE IL 60527,,,,,25700.399999999998,
dupage,0936304054,2017-02-27,490000.0,R2017-023252,warranty,true,2,8512 WALREDON AVE BURR RIDGE IL 60521,,,,,13939.2,
dupage,1001209012,2017-07-08,335000.0,R2017-076001,warranty,true,2,6 SHENANDOAH CT BURR RIDGE IL 60527,,,,,23958.000000000004,
dupage,1001100039,2017-08-31,950000.0,R2017-099186,trustee,false,2,15W780 87TH ST BURR RIDGE IL 60527,,,,,21780.0,
dupage,1011207020,2017-10-25,1350000.0,R2017-112251,warranty,true,2,9515 FALLING WATERS BURR RIDGE IL 60527,,,,,32670.0,
dupage,0924401009,2017-12-29,500000.0,R2018-002505,warranty,true,2,6706 FIELDSTONE DR BURR RIDGE IL 60527,,,,,26571.6,
dupage,0935402053,2018-02-28,1175000.0,R2018-021608,warranty,true,2,8425 MEADOWBROOK DR BURR RIDGE IL 60527,,,,,30056.399999999998,
dupage,1001403006,2018-03-07,260000.0,R2018-073772,warranty,true,2,10S521 DREW AVE BURR RIDGE IL 60527,,,,,76665.6,
dupage,0925111005,2018-03-29,381000.0,R2018-035528,warranty,true,2,7310 CHESTNUT HILLS BURR RIDGE IL 60527,,,,,30927.6,
dupage,0925402018,2018-06-07,1100000.0,R2018-056888,trustee,false,2,7512 S COUNTY LINE RD BURR RIDGE IL 60527,,,,,30927.6,
dupage,0935402002,2018-09-27,1000000.0,R2018-098427,trustee,false,2,375 W 83RD ST BURR RIDGE IL 60527,,,,,30491.999999999996,
dupage,0925205011,2018-09-28,180000.0,R2018-096411,warranty,true,2,7350 GIDDINGS AVE BURR RIDGE IL 60527,,,,,13068.0,
dupage,1001109012,2018-10-08,546000.0,R2018-098221,warranty,true,2,430 WESTMINSTER DR BURR RIDGE IL 60527,,,,,22215.600000000002,
dupage,1002403014,2018-10-09,330000.0,R2018-097737,warranty,true,2,16W253 94TH ST BURR RIDGE IL 60527,,,,,20037.600000000002,
dupage,0925111050,2018-12-10,363000.0,R2018-113485,warranty,true,2,132 CHESTNUT HILLS BURR RIDGE IL 60527,,,,,27442.8,
dupage,0936309031,2018-12-14,440000.0,R2018-117411,trustee,false,2,8613 DOLFOR COVE BURR RIDGE IL 60527,,,,,13939.2,
dupage,0935203028,2019-01-11,85000.0,R2019-004496,trustee,false,2,BURR RIDGE IL 60527,,,,,11761.2,
dupage,0925107046,2019-03-01,85000.0,R2019-015937,warranty,true,2,1 NORMANDEE CT WILLOWBROOK IL 60527,,,,,20037.600000000002,
dupage,1001401051,2019-07-22,825000.0,R2020-063638,warranty,true,2,9101 GARFIELD AVE BURR RIDGE IL 60521,,,,,35283.600000000006,
dupage,0936300028,2019-08-05,1350000.0,R2019-066556,trustee,false,2,8390 WATERVIEW CT BURR RIDGE IL 60527,,,,,30056.399999999998,
dupage,0925111012,2019-08-14,372000.0,R2019-071510,warranty,true,2,7320 CHESTNUT HILLS BURR RIDGE IL 60527,,,,,27007.2,
dupage,0913302013,2019-08-22,900000.0,R2019-076236,trustee,false,2,480 60TH PL BURR RIDGE IL 60527,,,,,14374.800000000001,
dupage,0913406014,2019-08-31,3000000.0,R2019-111381,other,false,2,15W125 60TH ST BURR RIDGE IL 60527,,,,,191228.4,
dupage,0936405005,2019-11-20,514700.0,R2019-114040,trustee,false,2,8532 HEATHER DR BURR RIDGE IL 60527,,,,,19602.0,
dupage,1001103013,2019-11-26,875000.0,R2020-001566,warranty,true,2,15W696 90TH ST BURR RIDGE IL 60527,,,,,28749.600000000002,
dupage,0925202010,2019-12-12,568000.0,R2020-002134,trustee,false,2,7250 S PARK AVE BURR RIDGE IL 60527,,,,,15681.599999999999,
dupage,1001301018,2019-12-19,465000.0,R2019-120956,trustee,false,2,10S638 GLENN DR BURR RIDGE IL 60527,,,,,20908.8,
dupage,1001401031,2020-01-25,140000.0,R2020-010932,warranty,true,2,9250 FOREST EDGE DR BURR RIDGE IL 60527,,,,,24829.199999999997,
dupage,0936208004,2020-03-11,426000.0,R2020-043239,warranty,false,1,15W035 80TH ST BURR RIDGE IL 60527,,,,,108900.0,
dupage,0936109041,2020-03-12,502500.0,R2020-025359,trustee,false,2,41 DURHAM CT BURR RIDGE IL 60527,,,,,3920.3999999999996,
dupage,1001209010,2020-03-17,760000.0,R2020-027802,warranty,true,2,145 GLENMORA DR BURR RIDGE IL 60527,,,,,25264.8,
dupage,1001302048,2020-07-27,635000.0,R2020-090396,warranty,true,2,114 CIRCLE RIDGE DR BURR RIDGE IL 60527,,,,,20473.199999999997,
dupage,0936408024,2020-10-23,980000.0,R2020-131816,warranty,true,2,8370 FARS CV BURR RIDGE IL 60527,,,,,32670.0,
dupage,0913300038,2025-02-12,500000.0,R2025-011114,trustee,false,2,6130 S GRANT ST BURR RIDGE IL 60527,,,,,12196.800000000001,
dupage,0924401028,2025-03-12,1350000.0,R2025-015892,warranty,true,2,6885 FIELDSTONE DR BURR RIDGE IL 60527,,,,,20473.199999999997,
dupage,0925211001,2025-03-12,7399999.0,R2025-014514,warranty,true,2,300 S FRONTAGE RD BURR RIDGE IL 60527,,,,,200811.6,
dupage,0924209010,2025-06-06,1100000.0,R2025-036719,warranty,true,2,1103 KENMARE DR BURR RIDGE IL 60527,,,,,6969.6,
dupage,0936209051,2025-06-28,285000.0,R2025-044946,warranty,true,2,"7994 GARFIELD AVE # 13-3 BURR RIDGE IL 60527",,,,,235659.6,
dupage,1001100039,2017-08-01,950000.0,DGT-1001100039-2017-08-01,warranty,true,2,15W780 87TH ST BURR RIDGE IL 60527,,,,,21780.0,
dupage,1001103013,2019-11-01,875000.0,DGT-1001103013-2019-11-01,warranty,true,2,15W696 90TH ST BURR RIDGE IL 60527,,,,,28749.600000000002,
dupage,1001108004,2013-05-01,600000.0,DGT-1001108004-2013-05-01,warranty,true,2,401 WESTMINSTER DR BURR RIDGE IL 60527,,,,,23086.800000000003,
dupage,1001109012,2018-10-01,546000.0,DGT-1001109012-2018-10-01,warranty,true,2,430 WESTMINSTER DR BURR RIDGE IL 60527,,,,,22215.600000000002,
dupage,1001207032,2015-10-01,595000.0,DGT-1001207032-2015-10-01,warranty,true,2,8981 ENCLAVE DR BURR RIDGE IL 60521,,,,,29620.800000000003,
dupage,1001207079,2014-11-01,150000.0,DGT-1001207079-2014-11-01,warranty,true,2,15W090 91ST ST BURR RIDGE IL 60527,,,,,21780.0,
dupage,1001209010,2020-03-01,760000.0,DGT-1001209010-2020-03-01,warranty,true,2,145 GLENMORA DR BURR RIDGE IL 60527,,,,,25264.8,
dupage,1002403014,2018-10-01,330000.0,DGT-1002403014-2018-10-01,warranty,true,2,16W253 94TH ST BURR RIDGE IL 60527,,,,,20037.600000000002,
dupage,1001301010,2015-07-01,363000.0,DGT-1001301010-2015-07-01,warranty,true,2,10S512 GLENN DR BURR RIDGE IL 60527,,,,,20037.600000000002,
dupage,1001301018,2019-12-01,465000.0,DGT-1001301018-2019-12-01,warranty,true,2,10S638 GLENN DR BURR RIDGE IL 60527,,,,,20908.8,
dupage,1001302048,2020-07-01,635000.0,DGT-1001302048-2020-07-01,warranty,true,2,114 CIRCLE RIDGE DR BURR RIDGE IL 60527,,,,,20473.199999999997,
dupage,1001306008,2015-01-01,763500.0,DGT-1001306008-2015-01-01,warranty,true,2,124 OAK RIDGE DR E BURR RIDGE IL 60527,,,,,48787.200000000004,
dupage,1001401051,2019-07-01,825000.0,DGT-1001401051-2019-07-01,warranty,true,2,9101 GARFIELD AVE BURR RIDGE IL 60521,,,,,35283.600000000006,
dupage,1001403006,2018-03-01,260000.0,DGT-1001403006-2018-03-01,warranty,true,2,10S521 DREW AVE BURR RIDGE IL 60527,,,,,76665.6,
dupage,1011200008,2013-08-01,75000.0,DGT-1011200008-2013-08-01,warranty,true,2,16W318 95TH PL BURR RIDGE IL 60527,,,,,11325.6,
dupage,0913300022,2006-08-24,890000.0,DPSOA-164766,warranty,true,2,208 W 59TH ST BURR RIDGE IL 60527,,,,,38332.8,
dupage,0913300030,2009-04-22,1400000.0,DPSOA-59593,warranty,true,2,6004 S GRANT ST HINSDALE IL 60521,,,,,20037.600000000002,
dupage,0913301004,2004-11-03,1530000.0,DPSOA-281223,warranty,true,2,120 W 59TH ST BURR RIDGE IL 60527,,,,,38332.8,
dupage,0913301053,2008-05-02,875000.0,DPSOA-72261,other,false,2,6116 WOODCREEK CT BURR RIDGE IL 60527,,,,,18730.8,
dupage,0913301056,2000-08-07,70000.0,DPSOA-119973,warranty,true,2,6003 S GRANT ST BURR RIDGE IL 60527,,,,,14374.800000000001,
dupage,0913302013,2019-09-03,900000.0,DPSOA-76236,other,false,2,480 60TH PL BURR RIDGE IL 60527,,,,,14374.800000000001,
dupage,0913302046,2005-10-18,850000.0,DPSOA-231637,warranty,true,2,6S670 GARFIELD AVE BURR RIDGE IL 60527,,,,,29620.800000000003,
dupage,0913303012,2005-03-15,2150000.0,DPSOA-52492,warranty,true,2,6285 GRANT ST BURR RIDGE IL 60527,,,,,23522.4,
dupage,0913306012,2010-11-29,1150000.0,DPSOA-164080,warranty,true,2,6081 KELLER DR BURR RIDGE IL 60521,,,,,27878.4,
dupage,0913404015,2016-06-30,1030000.0,DPSOA-66440,warranty,true,2,6200 COVE CREEK CT BURR RIDGE IL 60527,,,,,20037.600000000002,
dupage,0913404024,2018-09-11,815000.0,DPSOA-85623,warranty,true,2,6211 COVE CREEK CT BURR RIDGE IL 60527,,,,,20037.600000000002,
dupage,0913406014,2019-12-02,3000000.0,DPSOA-111381,other,false,2,15W125 60TH ST BURR RIDGE IL 60527,,,,,191228.4,
dupage,0913409003,2013-06-03,792500.0,DPSOA-79463,other,false,2,1105 BURR RIDGE CLB BURR RIDGE IL 60527,,,,,8276.4,
dupage,0924203012,2010-07-16,860000.0,DPSOA-91635,warranty,true,2,6714 FIELDSTONE DR BURR RIDGE IL 60527,,,,,22215.600000000002,
dupage,0924204002,2000-10-17,1380000.0,DPSOA-162579,warranty,true,2,6962 FIELDSTONE DR BURR RIDGE IL 60521,,,,,55321.200000000004,
dupage,0924204006,2003-08-20,1075000.0,DPSOA-329666,other,false,2,6976 FIELDSTONE DR BURR RIDGE IL 60527,,,,,23522.4,
dupage,0924401028,2000-11-17,345000.0,DPSOA-181089,warranty,true,2,6885 FIELDSTONE DR BURR RIDGE IL 60527,,,,,20473.199999999997,
dupage,0924405020,2011-08-12,687000.0,DPSOA-95029,warranty,true,2,6882 FIELDSTONE DR BURR RIDGE IL 60527,,,,,20473.199999999997,
dupage,0925107046,2019-03-06,85000.0,DPSOA-15937,warranty,true,2,1 NORMANDEE CT WILLOWBROOK IL 60527,,,,,20037.600000000002,
dupage,0925111005,2018-04-24,381000.0,DPSOA-35528,warranty,true,2,7310 CHESTNUT HILLS BURR RIDGE IL 60527,,,,,30927.6,
dupage,0925111012,2019-08-20,372000.0,DPSOA-71510,warranty,true,2,7320 CHESTNUT HILLS BURR RIDGE IL 60527,,,,,27007.2,
dupage,0925111027,2001-09-18,260000.0,DPSOA-198702,warranty,true,2,"7219 CHESTNUT HILLS # 190203 BURR RIDGE IL 60521",,,,,36590.4,
dupage,0925111031,2004-06-16,312500.0,DPSOA-161250,warranty,true,2,113 CHESTNUTHILL CIR BURR RIDGE IL 60527,,,,,16988.4,
dupage,0925111034,2015-11-24,355000.0,DPSOA-128828,warranty,true,2,152 CHESTNUT HILLS BURR RIDGE IL 60527,,,,,20473.199999999997,
dupage,0925111066,2003-11-04,305000.0,DPSOA-422672,warranty,true,2,133 CHESTNUT HILL CR BURR RIDGE IL 60527,,,,,19602.0,
dupage,0925202007,2001-12-11,287000.0,DPSOA-270253,warranty,true,2,7220 PARK AVE BURR RIDGE IL 60527,,,,,15681.599999999999,
dupage,0925204003,2018-01-05,159001.0,DPSOA-1607,other,false,1,7229 HAMILTON AVE BURR RIDGE IL 60527,,,,,15681.599999999999,
dupage,0925204006,2014-10-06,160000.0,DPSOA-91885,warranty,true,2,7210 S ELM ST BURR RIDGE IL 60527,,,,,15681.599999999999,
dupage,0925301005,2000-01-19,8000000.0,DPSOA-8924,warranty,true,2,15W460 FRONTAGE RD HINSDALE IL 60521,,,,,267022.8,
dupage,0925402018,2018-06-22,1100000.0,DPSOA-56888,other,false,2,7512 S COUNTY LINE RD BURR RIDGE IL 60527,,,,,30927.6,
dupage,0925404022,2003-08-29,430000.0,DPSOA-342936,warranty,true,2,7812 DREW ST BURR RIDGE IL 60527,,,,,43995.6,
dupage,0935203009,2011-01-10,950000.0,DPSOA-5187,other,false,2,150 SHORE DR BURR RIDGE IL 60527,,,,,23958.000000000004,
dupage,0935203028,2019-01-18,85000.0,DPSOA-4496,other,false,2,BURR RIDGE IL 60527,,,,,11761.2,
dupage,0935402002,2018-10-18,1000000.0,DPSOA-98427,other,false,2,375 W 83RD ST BURR RIDGE IL 60527,,,,,30491.999999999996,
dupage,0935402009,2000-09-18,270000.0,DPSOA-144636,warranty,true,2,8411 MEADOWBROOK DR BURR RIDGE IL 60527,,,,,98881.2,
dupage,0935402024,2001-08-17,1220000.0,DPSOA-174039,warranty,true,2,8650 TIMBER RIDGE DR BURR RIDGE IL 60527,,,,,25700.399999999998,
dupage,0935402053,2018-03-13,1175000.0,DPSOA-21608,other,false,2,8425 MEADOWBROOK DR BURR RIDGE IL 60527,,,,,30056.399999999998,
dupage,0936102016,2010-05-10,352500.0,DPSOA-59616,warranty,true,2,15W720 82ND ST BURR RIDGE IL 60527,,,,,37897.2,
dupage,0936103003,2013-03-26,340000.0,DPSOA-44534,warranty,true,2,15W721 82ND ST HINSDALE IL 60521,,,,,36590.4,
dupage,0936106009,2014-09-03,480000.0,DPSOA-79945,other,false,2,8150 RIDGEPOINTE DR BURR RIDGE IL 60527,,,,,20473.199999999997,
dupage,0936107007,2002-05-30,640000.0,DPSOA-142219,warranty,true,2,8221 RIDGEPOINTE DR BURR RIDGE IL 60521,,,,,20037.600000000002,
dupage,0936109039,2000-11-22,419250.0,DPSOA-183536,warranty,true,2,39 LANCASTER CT BURR RIDGE IL 60521,,,,,3920.3999999999996,
dupage,0936109041,2020-03-13,502500.0,DPSOA-25359,other,false,2,41 DURHAM CT BURR RIDGE IL 60527,,,,,3920.3999999999996,
dupage,0936200012,2003-03-12,272250.0,DPSOA-97736,warranty,true,2,7908 S GARFIELD AVE BURR RIDGE IL 60527,,,,,1306.8,
dupage,0936203009,2006-07-05,560000.0,DPSOA-127127,other,false,2,8200 GARFIELD AVE BURR RIDGE IL 60527,,,,,16117.199999999999,
dupage,0936204007,2013-06-11,665000.0,DPSOA-84070,other,false,2,8119 S GARFIELD BURR RIDGE IL 60527,,,,,16117.199999999999,
dupage,0936204022,2011-04-13,260000.0,DPSOA-47723,other,false,1,8224 S PARK AVE BURR RIDGE IL 60527,,,,,17859.6,
dupage,0936206010,2001-12-26,337000.0,DPSOA-285043,warranty,true,2,8125 PARK AVE BURR RIDGE IL 60521,,,,,16117.199999999999,
dupage,0936206013,2014-05-21,625500.0,DPSOA-42613,other,false,2,8139 KATHRYN CT BURR RIDGE IL 60521,,,,,17424.0,
dupage,0936208004,2020-05-01,426000.0,DPSOA-43239,other,false,1,15W035 80TH ST BURR RIDGE IL 60527,,,,,108900.0,
dupage,0936209042,2014-10-27,150000.0,DPSOA-100789,warranty,true,2,"8066 GARFIELD AVE # 2 BURR RIDGE IL 60527",,,,,235659.6,
dupage,0936210005,2003-06-20,170000.0,DPSOA-234107,warranty,true,2,"7978 GARFIELD AVE # 105 BURR RIDGE IL 60527",,,,,72745.2,
dupage,0936300028,2019-08-07,1350000.0,DPSOA-66556,other,false,2,8390 WATERVIEW CT BURR RIDGE IL 60527,,,,,30056.399999999998,
dupage,0936304040,2000-06-02,470000.0,DPSOA-83017,warranty,true,2,8490 WALREDON AVE BURR RIDGE IL 60527,,,,,14374.800000000001,
dupage,0936304054,2017-03-08,490000.0,DPSOA-23252,warranty,true,2,8512 WALREDON AVE BURR RIDGE IL 60521,,,,,13939.2,
dupage,0936305015,2012-04-16,342500.0,DPSOA-49229,warranty,true,2,8412 DOLFOR COVE BURR RIDGE IL 60527,,,,,12196.800000000001,
dupage,0936307007,2015-01-21,424500.0,DPSOA-6455,other,false,2,413 TAMERTON BURR RIDGE IL 60527,,,,,12632.4,
dupage,0936309031,2018-12-26,440000.0,DPSOA-117411,other,false,2,8613 DOLFOR COVE BURR RIDGE IL 60527,,,,,13939.2,
dupage,0936309032,2002-02-15,522000.0,DPSOA-49044,warranty,true,2,8625 DOLFOR CV BURR RIDGE IL 60527,,,,,13939.2,
dupage,0936310006,2005-06-15,285000.0,DPSOA-124251,warranty,true,2,8436 KIMBERLY CT BURR RIDGE IL 60527,,,,,24393.600000000002,
dupage,0936311030,2002-06-19,510000.0,DPSOA-160213,warranty,true,2,549 87TH ST BURR RIDGE IL 60527,,,,,16117.199999999999,
dupage,0936311044,2007-05-16,695000.0,DPSOA-91207,warranty,true,2,536 CONWAY CT BURR RIDGE IL 60527,,,,,14810.400000000001,
dupage,0936402007,2000-06-01,300000.0,DPSOA-81894,warranty,true,2,381 TAMERTON PKWY BURR RIDGE IL 60521,,,,,16552.8,
dupage,0936403006,2018-09-05,500000.0,DPSOA-83472,warranty,true,2,316 TAMERTON PKWY BURR RIDGE IL 60521,,,,,14374.800000000001,
dupage,0936407021,2006-02-15,1717500.0,DPSOA-28198,other,false,2,15W064 87TH ST BURR RIDGE IL 60527,,,,,107157.59999999999,
dupage,0936408024,2020-11-06,980000.0,DPSOA-131816,warranty,true,2,8370 FARS CV BURR RIDGE IL 60527,,,,,32670.0,
dupage,1001100039,2017-09-26,950000.0,DPSOA-99186,other,false,2,15W780 87TH ST BURR RIDGE IL 60527,,,,,21780.0,
dupage,1001106023,2005-06-22,865000.0,DPSOA-130848,other,false,2,6 TODOR CT BURR RIDGE IL 60527,,,,,23086.800000000003,
dupage,1001108004,2013-05-21,600000.0,DPSOA-73784,other,false,2,401 WESTMINSTER DR BURR RIDGE IL 60527,,,,,23086.800000000003,
dupage,1001109012,2018-10-18,546000.0,DPSOA-98221,warranty,true,2,430 WESTMINSTER DR BURR RIDGE IL 60527,,,,,22215.600000000002,
dupage,1001207010,2007-08-08,900000.0,DPSOA-147747,warranty,true,2,8951 ROYAL DR BURR RIDGE IL 60527,,,,,26571.6,
dupage,1001209002,2000-07-13,830000.0,DPSOA-105951,warranty,true,2,8965 GLENMORA LN BURR RIDGE IL 60527,,,,,20473.199999999997,
dupage,1001209005,2017-07-26,1550000.0,DPSOA-75596,warranty,true,2,21 ASHTON DR BURR RIDGE IL 60527,,,,,54450.0,
dupage,1001209012,2017-07-27,335000.0,DPSOA-76001,warranty,true,2,6 SHENANDOAH CT BURR RIDGE IL 60527,,,,,23958.000000000004,
dupage,1001301010,2015-08-03,363000.0,DPSOA-84578,warranty,true,2,10S512 GLENN DR BURR RIDGE IL 60527,,,,,20037.600000000002,
dupage,1001302014,2003-10-28,545000.0,DPSOA-414392,warranty,true,2,10S647 GLENN DR BURR RIDGE IL 60527,,,,,22651.2,
dupage,1001302033,2000-07-10,650000.0,DPSOA-103704,warranty,true,2,121 OAK RIDGE DR E BURR RIDGE IL 60527,,,,,40510.8,
dupage,1001302048,2020-08-18,635000.0,DPSOA-90396,warranty,true,2,114 CIRCLE RIDGE DR BURR RIDGE IL 60527,,,,,20473.199999999997,
dupage,1001302057,2011-07-25,520000.0,DPSOA-86319,warranty,true,2,132 CIRCLE RIDGE DR BURR RIDGE IL 60527,,,,,20037.600000000002,
dupage,1001308017,2000-06-27,415000.0,DPSOA-97876,warranty,true,2,42 OAK CREEK CT BURR RIDGE IL 60527,,,,,2613.6,
dupage,1001308042,2002-09-30,510000.0,DPSOA-252178,warranty,true,2,31 PIN OAK CT BURR RIDGE IL 60527,,,,,3920.3999999999996,
dupage,1001401034,2005-02-02,250000.0,DPSOA-23669,other,false,2,9285 FOREST EDGE LN BURR RIDGE IL 60527,,,,,27878.4,
dupage,1001401038,2010-08-03,310000.0,DPSOA-99450,warranty,true,2,9205 FOREST EDGE LN BURR RIDGE IL 60527,,,,,27007.2,
dupage,1001401039,2005-07-19,385000.0,DPSOA-153852,warranty,true,2,9185 FOREST EDGE LN BURR RIDGE IL 60527,,,,,23958.000000000004,
dupage,1001403006,2018-08-07,260000.0,DPSOA-73772,warranty,true,2,10S521 DREW AVE BURR RIDGE IL 60527,,,,,76665.6,
dupage,1002403007,2003-05-30,220000.0,DPSOA-203447,warranty,true,2,16W329 94TH ST BURR RIDGE IL 60527,,,,,10890.0,
dupage,1002403014,2018-10-17,330000.0,DPSOA-97737,warranty,true,2,16W253 94TH ST BURR RIDGE IL 60527,,,,,20037.600000000002,
dupage,1002408017,2009-08-11,1055000.0,DPSOA-125035,warranty,true,2,9320 CASCADE CIR BURR RIDGE IL 60521,,,,,26136.0,
dupage,1002409025,2012-12-03,1370000.0,DPSOA-170646,other,false,2,9381 FALLING WATERS BURR RIDGE IL 60527,,,,,27007.2,
dupage,1002410010,2010-02-24,3150000.0,DPSOA-25701,warranty,true,2,9273 FALLINGWATER DR BURR RIDGE IL 60527,,,,,34848.0,
dupage,1002410013,2010-11-18,1050000.0,DPSOA-160077,warranty,true,2,9299 E FALLINGWATER DR BURR RIDGE IL 60527,,,,,34848.0,
dupage,1002411001,2004-05-28,925000.0,DPSOA-143783,other,false,2,9363 FALLING WATERS BURR RIDGE IL 60527,,,,,30056.399999999998,
dupage,1011200008,2013-08-14,75000.0,DPSOA-118435,warranty,true,2,16W318 95TH PL BURR RIDGE IL 60527,,,,,11325.6,
dupage,1011201005,2007-07-11,315000.0,DPSOA-128348,warranty,true,2,16W327 95TH PL BURR RIDGE IL 60527,,,,,11325.6,
dupage,0924200036,2015-02-26,1181764.0,R2015-019704,trustee,false,2,15W220 PLAINFIELD RD BURR RIDGE IL 60527,,,,,18730.8,
dupage,0924309006,2015-04-30,6000000.0,R2015-052911,warranty,true,2,7055 BURR RIDGE BLVD WILLOWBROOK IL 60527,,,,,126759.6,
dupage,0925204006,2015-11-30,230000.0,R2015-132794,warranty,true,2,7210 S ELM ST BURR RIDGE IL 60527,,,,,15681.599999999999,
dupage,0936109004,2016-01-08,605000.0,R2016-003342,trustee,false,2,4 BERKSHIRE LN BURR RIDGE IL 60527,,,,,3920.3999999999996,
dupage,1001208001,2016-04-29,765000.0,R2016-060375,warranty,true,2,8963 ENCLAVE DR BURR RIDGE IL 60527,,,,,25264.8,
dupage,0924201012,2016-09-19,2300000.0,R2016-117579,trustee,false,2,6330 COUNTY LINE RD BURR RIDGE IL 60521,,,,,167270.4,
dupage,0924205005,2017-04-27,1150000.0,R2017-051355,warranty,true,2,6951 FIELDSTONE DR BURR RIDGE IL 60527,,,,,54450.0,
dupage,0913403029,2017-04-28,1470000.0,R2017-043241,warranty,true,2,15W252 62ND ST BURR RIDGE IL 60527,,,,,21344.399999999998,
dupage,1001100041,2017-05-05,967500.0,R2017-044893,trustee,false,2,8704 POLO RIDGE CT BURR RIDGE IL 60527,,,,,20908.8,
dupage,0925206006,2017-05-25,266350.0,R2017-054760,trustee,false,2,7401 GIDDINGS AVE BURR RIDGE IL 60521,,,,,13068.0,
dupage,1001203006,2017-06-19,520000.0,R2017-063433,warranty,true,2,4 BRIDLE CT BURR RIDGE IL 60521,,,,,23958.000000000004,
dupage,0936101009,2017-07-28,263333.0,R2017-078005,trustee,false,2,15W703 80TH ST BURR RIDGE IL 60527,,,,,36590.4,
dupage,0936305014,2017-08-24,602500.0,R2017-090301,trustee,false,2,8400 DOLFOR CV BURR RIDGE IL 60527,,,,,12632.4,
dupage,0925203001,2017-09-14,209900.0,R2017-098623,warranty,false,1,321 72ND ST BURR RIDGE IL 60527,,,,,15681.599999999999,
dupage,0925401025,2017-11-09,860000.0,R2017-121236,warranty,true,2,7620 DREW AVE BURR RIDGE IL 60527,,,,,40510.8,
dupage,0924408001,2017-11-22,330000.0,R2017-121656,warranty,true,2,"7055 VETERANS BLVD # A BURR RIDGE IL 60527",,,,,36154.799999999996,
dupage,0925303018,2018-01-23,5050000.0,R2018-009567,warranty,true,2,412 ROCKWELL CT BURR RIDGE IL 60527,,,,,386377.19999999995,
dupage,1001304020,2018-02-28,624000.0,R2018-019203,trustee,false,2,801 PROVENCAL DR BURR RIDGE IL 60527,,,,,40075.200000000004,
dupage,0925203009,2018-05-16,175000.0,R2018-043592,warranty,true,2,7240 HAMILTON AVE BURR RIDGE IL 60521,,,,,15681.599999999999,
dupage,1001308017,2018-05-31,397000.0,R2018-053159,warranty,true,2,42 OAK CREEK CT BURR RIDGE IL 60527,,,,,2613.6,
dupage,0913403002,2018-06-22,635000.0,R2018-065303,trustee,false,2,6140 S PARK AVE BURR RIDGE IL 60527,,,,,43560.0,
dupage,0924308009,2018-11-20,4709850.0,R2018-109663,warranty,true,2,7050 HIGH GROVE BLVD BURR RIDGE IL 60521,,,,,199069.2,
dupage,0913300021,2018-12-14,1015000.0,R2018-116490,warranty,true,2,216 W 59TH ST BURR RIDGE IL 60527,,,,,21344.399999999998,
dupage,0936206014,2018-12-15,595000.0,R2019-003172,trustee,false,2,8143 KATHRYN CT BURR RIDGE IL 60527,,,,,23958.000000000004,
dupage,0936309003,2019-02-14,541000.0,R2019-015243,warranty,true,2,424 BENNACOTT LN BURR RIDGE IL 60527,,,,,20908.8,
dupage,0936109052,2019-04-25,515000.0,R2019-037752,trustee,false,2,52 CHESTERFIELD CT BURR RIDGE IL 60527,,,,,3920.3999999999996,
dupage,0936109064,2019-05-20,600000.0,R2019-050516,warranty,true,2,64 BERKSHIRE CT BURR RIDGE IL 60527,,,,,3920.3999999999996,
dupage,0913301010,2019-10-31,2050000.0,R2019-107925,trustee,false,2,6003 S GRANT ST BURR RIDGE IL 60527,,,,,103237.20000000001,
dupage,0935203004,2020-01-31,3350000.0,R2020-014340,warranty,true,2,60 SHORE DR BURR RIDGE IL 60527,,,,,44866.8,
dupage,0936200040,2020-03-10,1630000.0,R2020-028781,trustee,false,2,350 OLD OAK CT WILLOWBROOK IL 60527,,,,,30491.999999999996,
dupage,0936209018,2020-03-24,219873.0,R2020-029613,warranty,true,2,"8098 GARFIELD AVE # 5-2 BURR RIDGE IL 60527",,,,,235659.6,
dupage,0936300030,2020-06-03,1595000.0,R2020-066455,trustee,false,2,8363 WATERVIEW CT BURR RIDGE IL 60527,,,,,50093.99999999999,
dupage,0913401026,2020-08-11,1010000.0,R2020-088742,warranty,true,2,6115 S PARK AVE BURR RIDGE IL 60527,,,,,43124.4,
dupage,0936404037,2020-10-16,1275000.0,R2020-133245,warranty,true,2,39 HIDDEN LAKE DR BURR RIDGE IL 60527,,,,,70567.20000000001,
dupage,1001300001,2020-11-06,210000.0,R2021-015881,warranty,true,2,10S411 MADISON ST BURR RIDGE IL 60527,,,,,20473.199999999997,
dupage,0936304017,2020-11-16,340000.0,R2020-145741,warranty,true,2,8424 WALREDON AVE BURR RIDGE IL 60527,,,,,12196.800000000001,
dupage,0936104053,2020-11-16,425000.0,R2021-022814,other,false,2,45 PINE TREE LN BURR RIDGE IL 60527,,,,,3484.8,
dupage,1001107009,2020-11-23,520000.0,R2021-024472,warranty,true,2,500 DEVON DR BURR RIDGE IL 60527,,,,,20037.600000000002,
dupage,0925303020,2025-01-07,4000000.0,R2025-008707,warranty,true,2,411-15 ROCKWELL CT BURR RIDGE IL 60527,,,,,63597.6,
dupage,0924207003,2025-02-13,1389000.0,R2025-010456,warranty,true,2,203 KENMARE DR BURR RIDGE IL 60527,,,,,6534.0,
dupage,0936404048,2025-04-02,975000.0,R2025-033742,warranty,true,2,1 HIDDEN LAKE DR BURR RIDGE IL 60527,,,,,43560.0,
dupage,0936209042,2025-05-29,288000.0,R2025-032807,warranty,true,2,"8066 GARFIELD AVE # 2 BURR RIDGE IL 60527",,,,,235659.6,
dupage,0925205012,2025-07-18,435000.0,R2025-048225,warranty,true,2,150 W 74TH ST BURR RIDGE IL 60527,,,,,12632.4,
dupage,0913300023,2025-09-23,2640000.0,R2026-002618,warranty,true,2,204 W 59TH ST BURR RIDGE IL 60527,,,,,38332.8,
dupage,0913300023,2025-09-23,2640000.0,DECL-20250902296670,warranty,true,2,204 W 59TH ST BURR RIDGE IL 60527,,,,,38332.8,
dupage,1001100041,2017-05-01,967500.0,DGT-1001100041-2017-05-01,warranty,true,2,8704 POLO RIDGE CT BURR RIDGE IL 60527,,,,,20908.8,
dupage,1001107009,2020-11-01,520000.0,DGT-1001107009-2020-11-01,warranty,true,2,500 DEVON DR BURR RIDGE IL 60527,,,,,20037.600000000002,
dupage,1001107021,2017-08-01,725000.0,DGT-1001107021-2017-08-01,warranty,true,2,8750 AINTREE LN BURR RIDGE IL 60527,,,,,20037.600000000002,
dupage,1001109011,2016-05-01,565000.0,DGT-1001109011-2016-05-01,warranty,true,2,4 MORGAN CT BURR RIDGE IL 60527,,,,,20473.199999999997,
dupage,1001203006,2017-06-01,520000.0,DGT-1001203006-2017-06-01,warranty,true,2,4 BRIDLE CT BURR RIDGE IL 60521,,,,,23958.000000000004,
dupage,1001207050,2013-05-01,830000.0,DGT-1001207050-2013-05-01,warranty,true,2,141 ASHTON DR BURR RIDGE IL 60521,,,,,30927.6,
dupage,1001207062,2013-07-01,962500.0,DGT-1001207062-2013-07-01,warranty,true,2,122 ASHTON DR BURR RIDGE IL 60521,,,,,20037.600000000002,
dupage,1001208001,2016-04-01,765000.0,DGT-1001208001-2016-04-01,warranty,true,2,8963 ENCLAVE DR BURR RIDGE IL 60527,,,,,25264.8,
dupage,1001300001,2020-11-01,210000.0,DGT-1001300001-2020-11-01,warranty,true,2,10S411 MADISON ST BURR RIDGE IL 60527,,,,,20473.199999999997,
dupage,1001308017,2018-05-01,397000.0,DGT-1001308017-2018-05-01,warranty,true,2,42 OAK CREEK CT BURR RIDGE IL 60527,,,,,2613.6,
dupage,0913300023,2015-06-23,2380000.0,DPSOA-67436,other,false,2,204 W 59TH ST BURR RIDGE IL 60527,,,,,38332.8,
dupage,0913300090,2001-02-06,380000.0,DPSOA-20233,other,false,2,655 GRANT CT BURR RIDGE IL 60521,,,,,23958.000000000004,
dupage,0913301010,2019-11-20,2050000.0,DPSOA-107925,other,false,2,6003 S GRANT ST BURR RIDGE IL 60527,,,,,103237.20000000001,
dupage,0913303030,2017-03-28,155000.0,DPSOA-29408,other,false,2,6270 S GARFIELD AVE BURR RIDGE IL 60527,,,,,54450.0,
dupage,0913401026,2020-08-13,1010000.0,DPSOA-88742,warranty,true,2,6115 S PARK AVE BURR RIDGE IL 60527,,,,,43124.4,
dupage,0913403002,2018-07-16,635000.0,DPSOA-65303,other,false,2,6140 S PARK AVE BURR RIDGE IL 60527,,,,,43560.0,
dupage,0913404025,2011-05-24,1199000.0,DPSOA-63296,other,false,2,6221 COVE CREEK CT BURR RIDGE IL 60521,,,,,20037.600000000002,
dupage,0913406009,2003-12-16,1075000.0,DPSOA-472338,other,false,2,21 WOODGATE DR BURR RIDGE IL 60527,,,,,31798.8,
dupage,0913406024,2012-07-24,1650000.0,DPSOA-95620,other,false,2,15W051 SEDGLEY RD BURR RIDGE IL 60527,,,,,47044.8,
dupage,0913407016,2008-03-05,1357500.0,DPSOA-35342,other,false,2,604 BURR RIDGE CLB BURR RIDGE IL 60527,,,,,8276.4,
dupage,0913408034,2015-02-19,685000.0,DPSOA-15787,warranty,true,2,102 BURR RIDGE CLUB BURR RIDGE IL 60527,,,,,7840.799999999999,
dupage,0913408037,2017-11-06,1250000.0,DPSOA-114420,other,false,2,1003 BURR RIDGE CLUB BURR RIDGE IL 60521,,,,,8276.4,
dupage,0913409006,2017-07-18,850000.0,DPSOA-72269,warranty,true,2,1102 BURR RIDGE CLB BURR RIDGE IL 60527,,,,,6969.6,
dupage,0924201001,2002-07-10,1495000.0,DPSOA-177577,other,false,2,6301 S ELM ST BURR RIDGE IL 60527,,,,,103672.79999999999,
dupage,0924201012,2016-10-25,2300000.0,DPSOA-117579,other,false,2,6330 COUNTY LINE RD BURR RIDGE IL 60521,,,,,167270.4,
dupage,0924203008,2003-06-17,831750.0,DPSOA-227502,warranty,true,2,6711 FIELDSTONE DR BURR RIDGE IL 60527,,,,,21780.0,
dupage,0924205003,2003-08-29,1035000.0,DPSOA-342970,warranty,true,2,6965 FIELDSTONE DR BURR RIDGE IL 60527,,,,,22651.2,
dupage,0924205004,2015-03-12,1010000.0,DPSOA-24364,warranty,true,2,6959 FIELDSTONE DR BURR RIDGE IL 60527,,,,,22651.2,
dupage,0924205005,2017-05-25,1150000.0,DPSOA-51355,warranty,true,2,6951 FIELDSTONE DR BURR RIDGE IL 60527,,,,,54450.0,
dupage,0924207021,2008-04-25,1040000.0,DPSOA-68463,warranty,true,2,804 KENMARE DR BURR RIDGE IL 60527,,,,,6098.400000000001,
dupage,0924401003,2003-11-21,500000.0,DPSOA-447867,warranty,true,2,7 MALLORY CT BURR RIDGE IL 60527,,,,,34412.4,
dupage,0924401026,2011-01-31,830000.0,DPSOA-15671,other,false,2,6881 FIELDSTONE DR BURR RIDGE IL 60521,,,,,48787.200000000004,
dupage,0924401035,2005-01-24,450000.0,DPSOA-16271,warranty,true,2,9 BRIDGET CT BURR RIDGE IL 60521,,,,,20037.600000000002,
dupage,0924401038,2003-12-03,850000.0,DPSOA-457381,warranty,true,2,3 BRIDGET CT BURR RIDGE IL 60527,,,,,20473.199999999997,
dupage,0924402013,2013-11-21,900000.0,DPSOA-158607,warranty,true,2,6911 FIELDSTONE DR BURR RIDGE IL 60521,,,,,20908.8,
dupage,0924404002,2005-04-29,1600000.0,DPSOA-89118,warranty,true,2,7010 FRONTAGE RD BURR RIDGE IL 60527,,,,,58806.00000000001,
dupage,0925102023,2010-03-22,635000.0,DPSOA-37802,warranty,true,2,15W710 74TH ST BURR RIDGE IL 60527,,,,,24393.600000000002,
dupage,0925108042,2012-09-14,400000.0,DPSOA-127777,warranty,true,2,15W626 75TH ST BURR RIDGE IL 60527,,,,,16552.8,
dupage,0925201010,2007-04-27,470000.0,DPSOA-78482,warranty,true,2,7248 GIDDINGS AVE BURR RIDGE IL 60527,,,,,15245.999999999998,
dupage,0925203001,2017-09-25,209900.0,DPSOA-98623,other,false,1,321 72ND ST BURR RIDGE IL 60527,,,,,15681.599999999999,
dupage,0925203009,2018-05-17,175000.0,DPSOA-43592,warranty,true,2,7240 HAMILTON AVE BURR RIDGE IL 60521,,,,,15681.599999999999,
dupage,0925206006,2017-06-05,266350.0,DPSOA-54760,other,false,2,7401 GIDDINGS AVE BURR RIDGE IL 60521,,,,,13068.0,
dupage,0925301008,2016-12-19,1610000.0,DPSOA-140297,warranty,true,2,7591 BRUSH HILL DR BURR RIDGE IL 60527,,,,,108464.40000000001,
dupage,0925303018,2018-01-31,5050000.0,DPSOA-9567,other,false,2,412 ROCKWELL CT BURR RIDGE IL 60527,,,,,386377.19999999995,
dupage,0935203003,2005-03-16,200000.0,DPSOA-53643,other,false,2,16W181 S FRONTAGE RD BURR RIDGE IL 60527,,,,,40075.200000000004,
dupage,0935402049,2012-05-10,1162500.0,DPSOA-61195,warranty,true,2,809 LAKEVIEW LN BURR RIDGE IL 60527,,,,,28314.0,
dupage,0935404006,2002-02-04,425000.0,DPSOA-35468,other,false,2,8613 TIMBER RIDGE DR BURR RIDGE IL 60527,,,,,27007.2,
dupage,0936101009,2017-08-01,263333.0,DPSOA-78005,other,false,2,15W703 80TH ST BURR RIDGE IL 60527,,,,,36590.4,
dupage,0936103005,2016-09-02,429000.0,DPSOA-94464,warranty,true,2,15W675 82ND ST BURR RIDGE IL 60527,,,,,36590.4,
dupage,0936109004,2016-01-12,605000.0,DPSOA-3342,other,false,2,4 BERKSHIRE LN BURR RIDGE IL 60527,,,,,3920.3999999999996,
dupage,0936109052,2019-05-16,515000.0,DPSOA-37752,other,false,2,52 CHESTERFIELD CT BURR RIDGE IL 60527,,,,,3920.3999999999996,
dupage,0936109063,2000-05-18,465000.0,DPSOA-74310,warranty,true,2,63 BERKSHIRE CT BURR RIDGE IL 60527,,,,,3920.3999999999996,
dupage,0936109064,2013-05-29,560000.0,DPSOA-77159,warranty,true,2,64 BERKSHIRE CT BURR RIDGE IL 60527,,,,,3920.3999999999996,
dupage,0936200040,2020-03-23,1630000.0,DPSOA-28781,other,false,2,350 OLD OAK CT WILLOWBROOK IL 60527,,,,,30491.999999999996,
dupage,0936209013,2015-05-22,180000.0,DPSOA-54626,warranty,true,2,"8094 GARFIELD AVE # 4-1 BURR RIDGE IL 60527",,,,,235659.6,
dupage,0936210009,2000-03-28,170000.0,DPSOA-43747,other,false,2,"7974 S GARFIELD AVE # 203 BURR RIDGE IL 60527",,,,,72745.2,
dupage,0936300005,2013-03-13,327000.0,DPSOA-38782,warranty,true,2,15W719 83RD ST BURR RIDGE IL 60521,,,,,33105.6,
dupage,0936300025,2016-12-29,1323619.0,DPSOA-144237,other,false,2,8332 WATERVIEW CT BURR RIDGE IL 60527,,,,,33541.200000000004,
dupage,0936300030,2020-06-25,1595000.0,DPSOA-66455,other,false,2,8363 WATERVIEW CT BURR RIDGE IL 60527,,,,,50093.99999999999,
dupage,0936305014,2017-08-31,602500.0,DPSOA-90301,other,false,2,8400 DOLFOR CV BURR RIDGE IL 60527,,,,,12632.4,
dupage,0936308002,2000-08-09,355000.0,DPSOA-121959,warranty,true,2,424 TAMERTON PKWY BURR RIDGE IL 60527,,,,,13068.0,
dupage,0936309003,2019-03-04,541000.0,DPSOA-15243,warranty,true,2,424 BENNACOTT LN BURR RIDGE IL 60527,,,,,20908.8,
dupage,0936312014,2014-06-30,1180000.0,DPSOA-56395,warranty,true,2,143 KRAML DR BURR RIDGE IL 60527,,,,,26136.0,
dupage,0936402011,2005-10-11,531500.0,DPSOA-225578,warranty,true,2,317 TAMERTON PKWY BURR RIDGE IL 60527,,,,,14374.800000000001,
dupage,0936404037,2020-11-10,1275000.0,DPSOA-133245,warranty,true,2,39 HIDDEN LAKE DR BURR RIDGE IL 60527,,,,,70567.20000000001,
dupage,0936404039,2015-08-12,780000.0,DPSOA-89564,other,false,2,35 HIDDEN LAKE DR BURR RIDGE IL 60527,,,,,23958.000000000004,
dupage,0936406025,2004-12-06,563000.0,DPSOA-306060,other,false,2,8616 WEDGEWOOD DR BURR RIDGE IL 60527,,,,,18730.8,
dupage,0936407019,2003-07-22,1160000.0,DPSOA-281432,warranty,true,2,10 HIDDEN LAKE DR BURR RIDGE IL 60527,,,,,24393.600000000002,
dupage,0936408020,2013-07-16,1420000.0,DPSOA-102802,warranty,true,2,8350 FARS COVE BURR RIDGE IL 60527,,,,,30056.399999999998,
dupage,1001100041,2017-05-09,967500.0,DPSOA-44893,other,false,2,8704 POLO RIDGE CT BURR RIDGE IL 60527,,,,,20908.8,
dupage,1001100044,2016-01-19,150000.0,DPSOA-5461,other,false,2,15W760 89TH ST BURR RIDGE IL 60527,,,,,8276.4,
dupage,1001106011,2008-09-11,685000.0,DPSOA-138942,other,false,2,521 DEVON DR BURR RIDGE IL 60521,,,,,22651.2,
dupage,1001107021,2017-08-11,725000.0,DPSOA-82254,other,false,2,8750 AINTREE LN BURR RIDGE IL 60527,,,,,20037.600000000002,
dupage,1001109011,2016-07-12,565000.0,DPSOA-71120,warranty,true,2,4 MORGAN CT BURR RIDGE IL 60527,,,,,20473.199999999997,
dupage,1001203006,2017-06-26,520000.0,DPSOA-63433,warranty,true,2,4 BRIDLE CT BURR RIDGE IL 60521,,,,,23958.000000000004,
dupage,1001204001,2000-10-24,570000.0,DPSOA-166624,warranty,true,2,8701 WEDGEWOOD DR BURR RIDGE IL 60521,,,,,23958.000000000004,
dupage,1001204009,2010-06-28,555000.0,DPSOA-82258,other,false,2,8741 WEDGEWOOD DR BURR RIDGE IL 60521,,,,,28749.600000000002,
dupage,1001207050,2013-05-29,830000.0,DPSOA-77303,warranty,true,2,141 ASHTON DR BURR RIDGE IL 60521,,,,,30927.6,
dupage,1001207062,2013-07-24,962500.0,DPSOA-107340,other,false,2,122 ASHTON DR BURR RIDGE IL 60521,,,,,20037.600000000002,
dupage,1001208001,2016-06-16,765000.0,DPSOA-60375,warranty,true,2,8963 ENCLAVE DR BURR RIDGE IL 60527,,,,,25264.8,
dupage,1001300003,2007-11-09,450000.0,DPSOA-202068,warranty,true,2,10S441 MADISON ST BURR RIDGE IL 60527,,,,,20037.600000000002,
dupage,1001302047,2001-09-21,740000.0,DPSOA-202282,other,false,2,112 CIRCLE RIDGE DR BURR RIDGE IL 60527,,,,,20473.199999999997,
dupage,1001307004,2010-01-08,427500.0,DPSOA-3720,other,false,2,115 CIRCLE RIDGE DR BURR RIDGE IL 60527,,,,,20473.199999999997,
dupage,1001307014,2009-09-23,570000.0,DPSOA-146111,warranty,true,2,143 CIRCLE RIDGE DR BURR RIDGE IL 60527,,,,,23086.800000000003,
dupage,1001401043,2002-09-30,335000.0,DPSOA-253543,other,false,2,265 FOREST EDGE CT BURR RIDGE IL 60527,,,,,33105.6,
dupage,1001401047,2011-06-13,462000.0,DPSOA-70068,other,false,2,10S641 GARFIELD AVE BURR RIDGE IL 60527,,,,,43560.0,
dupage,1002408014,2008-02-19,1000000.0,DPSOA-25427,warranty,true,2,9295 CASCADE CIR BURR RIDGE IL 60527,,,,,21344.399999999998,
dupage,1002408018,2002-07-08,365000.0,DPSOA-174181,other,false,2,9330 CASCADE CIR BURR RIDGE IL 60527,,,,,27007.2,
dupage,1002409002,2004-07-08,400000.0,DPSOA-183466,warranty,true,2,9264 FALLINGWATER DR BURR RIDGE IL 60527,,,,,31798.8,
dupage,1002410008,2007-05-07,1073500.0,DPSOA-84547,warranty,true,2,9253 FALLINGWATER DR BURR RIDGE IL 60527,,,,,44431.200000000004,
dupage,0936109070,2016-05-20,828000.0,R2016-057160,trustee,false,2,15W621 81ST ST BURR RIDGE IL 60527,,,,,16552.8,
dupage,0936312021,2016-05-25,688000.0,R2016-057744,warranty,false,1,5 BAY RUM CT BURR RIDGE IL 60527,,,,,35283.600000000006,
dupage,0936300032,2016-12-27,1325000.0,R2016-144220,trustee,false,2,8321 WATERVIEW CT BURR RIDGE IL 60527,,,,,30927.6,
dupage,0925400006,2018-01-26,330000.0,R2018-009583,trustee,false,2,7600 HAMILTON AVE BURR RIDGE IL 60527,,,,,100623.6,
dupage,0936406017,2018-04-13,605000.0,R2018-032979,warranty,true,2,105 LAKEWOOD CIR BURR RIDGE IL 60521,,,,,25700.399999999998,
dupage,0913408012,2018-12-19,610000.0,R2018-117226,trustee,false,2,805 BURR RIDGE CLUB BURR RIDGE IL 60527,,,,,8276.4,
dupage,0913302043,2019-04-01,1955000.0,R2019-023587,trustee,false,2,480 W 62ND ST WILLOWBROOK IL 60527,,,,,29185.2,
dupage,0935402025,2019-04-19,1000000.0,R2019-030849,warranty,true,2,8638 TIMBER RIDGE DR BURR RIDGE IL 60527,,,,,21344.399999999998,
dupage,0936404015,2019-04-26,1100000.0,R2019-037683,trustee,false,2,249 LAKEWOOD CIR BURR RIDGE IL 60527,,,,,21344.399999999998,
dupage,0924200110,2019-08-12,1610000.0,R2019-071971,warranty,true,2,265 DARTMOUTH CT BURR RIDGE IL 60527,,,,,22215.600000000002,
dupage,0924307004,2019-09-04,750000.0,R2019-082949,warranty,true,2,6767 FIELDSTONE DR BURR RIDGE IL 60527,,,,,18295.2,
dupage,1002305006,2019-10-24,417500.0,R2019-103244,trustee,false,2,10S730 JACKSON ST BURR RIDGE IL 60527,,,,,32670.0,
dupage,0936210012,2019-12-26,192500.0,R2020-001945,trustee,false,2,"7978 S GARFIELD AVE # 206 BURR RIDGE IL 60527",,,,,72745.2,
dupage,0935205005,2020-03-04,2550000.0,R2020-021951,warranty,true,2,109 SHORE DR BURR RIDGE IL 60527,,,,,103237.20000000001,
dupage,1001106008,2020-03-14,537500.0,R2020-037986,trustee,false,2,549 DEVON DR BURR RIDGE IL 60527,,,,,20037.600000000002,
dupage,1001203022,2020-06-25,535000.0,R2020-073045,warranty,true,2,8720 WEDGEWOOD DR BURR RIDGE IL 60527,,,,,25700.399999999998,
dupage,0913302012,2020-08-17,415000.0,R2020-092889,warranty,true,2,460 60TH PL BURR RIDGE IL 60527,,,,,14374.800000000001,
dupage,0936210008,2020-09-22,240000.0,R2020-110427,warranty,true,2,"7970 GARFIELD AVE # 202 BURR RIDGE IL 60527",,,,,72745.2,
dupage,1001100029,2020-10-09,749900.0,R2020-119290,warranty,true,2,8725 MADISON ST BURR RIDGE IL 60527,,,,,25700.399999999998,
dupage,1002402028,2020-11-14,322000.0,R2021-004579,warranty,true,2,16W320 94TH ST BURR RIDGE IL 60527,,,,,14810.400000000001,
dupage,0936302012,2020-11-22,545000.0,R2020-150180,warranty,true,2,8460 CLYNDERVEN RD BURR RIDGE IL 60527,,,,,12632.4,
dupage,1001210009,2020-12-19,850000.0,R2021-030987,warranty,true,2,9 SHENANDOAH CT BURR RIDGE IL 60527,,,,,29620.800000000003,
dupage,0925207010,2025-02-03,1380000.0,R2025-012638,warranty,true,2,15W278 N FRONTAGE RD BURR RIDGE IL 60527,,,,,8276.4,
dupage,0924307007,2025-03-14,1612000.0,R2025-019238,warranty,true,2,6755 FIELDSTONE DR BURR RIDGE IL 60527,,,,,18730.8,
dupage,0936104037,2025-05-06,660000.0,R2025-027714,warranty,true,2,20 PINE TREE LN BURR RIDGE IL 60527,,,,,3484.8,
dupage,0925303001,2025-11-14,100000.0,R2025-079628,warranty,true,2,GRANT ST BURR RIDGE IL 60521,,,,,200375.99999999997,
dupage,0925303001,2025-11-14,100000.0,DECL-20251102237303,warranty,true,2,GRANT ST BURR RIDGE IL 60521,,,,,200375.99999999997,
dupage,1001100029,2020-10-01,749900.0,DGT-1001100029-2020-10-01,warranty,true,2,8725 MADISON ST BURR RIDGE IL 60527,,,,,25700.399999999998,
dupage,1001100033,2015-05-01,1125000.0,DGT-1001100033-2015-05-01,warranty,true,2,8877 S MADISON ST BURR RIDGE IL 60527,,,,,30927.6,
dupage,1001103011,2019-10-01,850000.0,DGT-1001103011-2019-10-01,warranty,true,2,9020 TURNBERRY DR BURR RIDGE IL 60527,,,,,24829.199999999997,
dupage,1001106008,2020-03-01,537500.0,DGT-1001106008-2020-03-01,warranty,true,2,549 DEVON DR BURR RIDGE IL 60527,,,,,20037.600000000002,
dupage,1001107011,2014-08-01,619500.0,DGT-1001107011-2014-08-01,warranty,true,2,440 DEVON DR BURR RIDGE IL 60527,,,,,20908.8,
dupage,1001202005,2013-04-01,681000.0,DGT-1001202005-2013-04-01,warranty,true,2,8840 ROYAL DR BURR RIDGE IL 60527,,,,,22651.2,
dupage,1001203022,2020-06-01,535000.0,DGT-1001203022-2020-06-01,warranty,true,2,8720 WEDGEWOOD DR BURR RIDGE IL 60527,,,,,25700.399999999998,
dupage,1001207082,2017-11-01,860000.0,DGT-1001207082-2017-11-01,warranty,true,2,15W040 91ST ST BURR RIDGE IL 60527,,,,,21780.0,
dupage,1002402028,2020-11-01,322000.0,DGT-1002402028-2020-11-01,warranty,true,2,16W320 94TH ST BURR RIDGE IL 60527,,,,,14810.400000000001,
dupage,1002410003,2013-11-01,883000.0,DGT-1002410003-2013-11-01,warranty,true,2,9151 FALLINGWATER DR BURR RIDGE IL 60521,,,,,25264.8,
dupage,1002305006,2019-10-01,417500.0,DGT-1002305006-2019-10-01,warranty,true,2,10S730 JACKSON ST BURR RIDGE IL 60527,,,,,32670.0,
dupage,1001210009,2020-12-01,850000.0,DGT-1001210009-2020-12-01,warranty,true,2,9 SHENANDOAH CT BURR RIDGE IL 60527,,,,,29620.800000000003,
dupage,1001302047,2013-11-01,623333.0,DGT-1001302047-2013-11-01,warranty,true,2,112 CIRCLE RIDGE DR BURR RIDGE IL 60527,,,,,20473.199999999997,
dupage,1001406021,2016-01-01,465000.0,DGT-1001406021-2016-01-01,warranty,true,2,27 RODEO DR BURR RIDGE IL 60527,,,,,3920.3999999999996,
dupage,0913300034,2008-05-13,1525000.0,DPSOA-78944,warranty,true,2,6050 GRANT ST BURR RIDGE IL 60527,,,,,18730.8,
dupage,0913300095,2004-08-11,1770000.0,DPSOA-214264,warranty,true,2,630 GRANT CT BURR RIDGE IL 60527,,,,,20037.600000000002,
dupage,0913301043,2013-07-30,839000.0,DPSOA-109730,warranty,true,2,577 60TH PL BURR RIDGE IL 60521,,,,,13939.2,
dupage,0913302012,2020-08-21,415000.0,DPSOA-92889,warranty,true,2,460 60TH PL BURR RIDGE IL 60527,,,,,14374.800000000001,
dupage,0913302021,2020-07-10,820000.0,DPSOA-72760,warranty,true,2,6109 WOODCREEK DR BURR RIDGE IL 60527,,,,,17859.6,
dupage,0913303001,2017-03-10,1900000.0,DPSOA-24075,other,false,2,6201 S GRANT ST BURR RIDGE IL 60521,,,,,37897.2,
dupage,0913306002,2012-07-27,890000.0,DPSOA-97917,warranty,true,2,6240 S GRANT ST BURR RIDGE IL 60527,,,,,22651.2,
dupage,0913308010,2018-07-24,1125000.0,DPSOA-68465,other,false,2,4 CLUBSIDE CT BURR RIDGE IL 60521,,,,,14810.400000000001,
dupage,0913408029,2015-06-09,1800000.0,DPSOA-61268,other,false,2,304 BURR RIDGE CLB BURR RIDGE IL 60527,,,,,16552.8,
dupage,0913409017,2001-04-20,1350000.0,DPSOA-71706,other,false,2,1602 BURR RIDGE CLUB BURR RIDGE IL 60527,,,,,31798.8,
dupage,0924117001,2012-10-26,815000.0,DPSOA-151056,other,false,2,6751 FIELDSTONE DR BURR RIDGE IL 60527,,,,,18730.8,
dupage,0924200100,2002-07-22,2000000.0,DPSOA-187857,other,false,2,223 ELM CT BURR RIDGE IL 60527,,,,,33976.8,
dupage,0924209016,2011-09-12,910000.0,DPSOA-107149,warranty,true,2,1004 KENMARE DR BURR RIDGE IL 60521,,,,,8712.0,
dupage,0924401039,2014-04-18,740000.0,DPSOA-32264,other,false,2,1 BRIDGET CT BURR RIDGE IL 60521,,,,,20473.199999999997,
dupage,0924402004,2004-08-05,1200000.0,DPSOA-209980,warranty,true,2,6989 FIELDSTONE DR BURR RIDGE IL 60521,,,,,23958.000000000004,
dupage,0924405016,2006-06-09,1210000.0,DPSOA-108993,warranty,true,2,6866 FIELDSTONE DR BURR RIDGE IL 60527,,,,,31798.8,
dupage,0924405022,2003-07-11,318500.0,DPSOA-264922,warranty,true,2,6890 FIELDSTONE DR BURR RIDGE IL 60527,,,,,18295.2,
dupage,0924405028,2005-09-28,1021500.0,DPSOA-216307,warranty,true,2,6916 FIELDSTONE DR BURR RIDGE IL 60527,,,,,21780.0,
dupage,0925108044,2000-12-05,558500.0,DPSOA-190098,warranty,true,2,15W646 75TH ST BURR RIDGE IL 60527,,,,,16552.8,
dupage,0925111017,2004-03-30,285000.0,DPSOA-79882,warranty,true,2,7203 CHESTNUT HILLS BURR RIDGE IL 60527,,,,,25264.8,
dupage,0925111019,2001-02-07,237500.0,DPSOA-21405,warranty,true,2,7207 CHESTNUT HILLS BURR RIDGE IL 60527,,,,,25264.8,
dupage,0925111057,2017-08-07,345000.0,DPSOA-80107,warranty,true,2,121 CHESTNUT HILL CR BURR RIDGE IL 60527,,,,,18730.8,
dupage,0925111063,2017-08-17,365000.0,DPSOA-84633,other,false,2,7204 CHESTNUT HILLS DR BURR RIDGE IL 60527,,,,,15245.999999999998,
dupage,0925204004,2003-07-08,240000.0,DPSOA-258621,other,false,2,7239 HAMILTON AVE BURR RIDGE IL 60521,,,,,15681.599999999999,
dupage,0925204007,2010-12-13,190000.0,DPSOA-173228,warranty,true,2,7220 S ELM ST BURR RIDGE IL 60521,,,,,15681.599999999999,
dupage,0925302017,2001-06-27,2126128.0,DPSOA-129424,other,false,2,7650 GRANT ST BURR RIDGE IL 60521,,,,,132422.4,
dupage,0925304010,2013-04-22,490000.0,DPSOA-58175,warranty,true,2,7728 S GRANT ST BURR RIDGE IL 60527,,,,,108464.40000000001,
dupage,0925400006,2018-01-31,330000.0,DPSOA-9583,other,false,2,7600 HAMILTON AVE BURR RIDGE IL 60527,,,,,100623.6,
dupage,0925402011,2002-03-29,285100.0,DPSOA-85326,other,false,2,7619 DREW AVE BURR RIDGE IL 60527,,,,,40510.8,
dupage,0925403003,2000-05-04,345000.0,DPSOA-65204,warranty,true,2,7760 S HAMILTON AVE BURR RIDGE IL 60521,,,,,108900.0,
dupage,0925404002,2004-08-30,570000.0,DPSOA-230133,warranty,true,2,7707 S HAMILTON AVE BURR RIDGE IL 60521,,,,,40510.8,
dupage,0926405001,2015-03-13,2150000.0,DPSOA-24835,other,false,2,16W020 79TH ST BURR RIDGE IL 60527,,,,,174240.0,
dupage,0935203014,2008-05-22,1500000.0,DPSOA-84306,other,false,2,224 SHORE CT BURR RIDGE IL 60527,,,,,66646.8,
dupage,0935402025,2019-04-25,1000000.0,DPSOA-30849,warranty,true,2,8638 TIMBER RIDGE DR BURR RIDGE IL 60527,,,,,21344.399999999998,
dupage,0935402050,2000-11-30,322500.0,DPSOA-188082,other,false,2,801 LAKEVIEW LN BURR RIDGE IL 60527,,,,,31363.199999999997,
dupage,0936100006,2013-04-23,165000.0,DPSOA-59432,other,false,1,15W727 79TH ST BURR RIDGE IL 60521,,,,,16552.8,
dupage,0936104009,2011-06-30,775000.0,DPSOA-77440,other,false,2,7930 S GARFIELD AVE BURR RIDGE IL 60527,,,,,108900.0,
dupage,0936104017,2006-08-18,575000.0,DPSOA-160792,warranty,true,2,7960 GARFIELD AVE BURR RIDGE IL 60527,,,,,41382.0,
dupage,0936104062,2004-11-08,620000.0,DPSOA-285054,other,false,2,57 PINE TREE LN BURR RIDGE IL 60527,,,,,3484.8,
dupage,0936105021,2001-04-10,1075000.0,DPSOA-62835,warranty,true,2,8170 LAKE RIDGE DR BURR RIDGE IL 60527,,,,,27878.4,
dupage,0936105024,2013-12-17,770000.0,DPSOA-166229,warranty,true,2,8230 LAKE RIDGE DR BURR RIDGE IL 60527,,,,,27442.8,
dupage,0936106024,2013-06-12,625000.0,DPSOA-84992,warranty,true,2,6 LAKE RIDGE CT BURR RIDGE IL 60527,,,,,20473.199999999997,
dupage,0936109002,2000-03-08,412000.0,DPSOA-33834,warranty,true,2,2 BERKSHIRE LN BURR RIDGE IL 60527,,,,,3920.3999999999996,
dupage,0936109010,2000-08-09,480000.0,DPSOA-122080,other,false,2,10 BRISTOL CT BURR RIDGE IL 60527,,,,,3920.3999999999996,
dupage,0936109038,2017-08-07,749900.0,DPSOA-80232,warranty,true,2,38 LANCASTER CT BURR RIDGE IL 60527,,,,,3920.3999999999996,
dupage,0936109061,2000-03-06,426600.0,DPSOA-32134,other,false,2,61 BERKSHIRE CT BURR RIDGE IL 60527,,,,,3920.3999999999996,
dupage,0936109070,2016-06-09,828000.0,DPSOA-57160,other,false,2,15W621 81ST ST BURR RIDGE IL 60527,,,,,16552.8,
dupage,0936200029,2006-11-21,530000.0,DPSOA-225717,warranty,true,2,315 HIGHLAND CT BURR RIDGE IL 60527,,,,,30491.999999999996,
dupage,0936201017,2014-01-16,425000.0,DPSOA-4776,warranty,true,2,8005 HAMILTON AVE BURR RIDGE IL 60527,,,,,50965.2,
dupage,0936204011,2009-07-08,388500.0,DPSOA-104659,other,false,2,8106 S PARK AVE BURR RIDGE IL 60527,,,,,16117.199999999999,
dupage,0936207006,2018-06-29,850000.0,DPSOA-59631,other,false,2,8212 WINDSOR CT BURR RIDGE IL 60527,,,,,28314.0,
dupage,0936209020,2000-06-23,127500.0,DPSOA-95659,warranty,true,2,"8098 GARFIELD AVE # 5-4 BURR RIDGE IL 60527",,,,,235659.6,
dupage,0936210011,2016-09-23,227000.0,DPSOA-103472,other,false,2,"7978 GARFIELD AVE # 205 BURR RIDGE IL 60527",,,,,72745.2,
dupage,0936300022,2020-07-10,407200.0,DPSOA-73127,other,false,2,640 CAMELOT DR BURR RIDGE IL 60527,,,,,18730.8,
dupage,0936300032,2016-12-29,1325000.0,DPSOA-144220,other,false,2,8321 WATERVIEW CT BURR RIDGE IL 60527,,,,,30927.6,
dupage,0936302006,2017-10-25,400000.0,DPSOA-109974,warranty,true,2,8360 CLYNDERVEN RD BURR RIDGE IL 60527,,,,,12632.4,
dupage,0936302007,2002-09-23,445000.0,DPSOA-244659,warranty,true,2,8400 CLYNDERVEN RD BURR RIDGE IL 60527,,,,,12632.4,
dupage,0936304005,2002-08-12,400000.0,DPSOA-207217,other,false,2,8413 CLYNDERVEN RD BURR RIDGE IL 60527,,,,,12196.800000000001,
dupage,0936305001,2009-11-12,365000.0,DPSOA-170491,warranty,true,2,468 KIRKWOOD CV BURR RIDGE IL 60527,,,,,13503.6,
dupage,0936309005,2019-10-28,465000.0,DPSOA-98162,warranty,true,2,8495 DOLFOR CV BURR RIDGE IL 60527,,,,,14374.800000000001,
dupage,0936309036,2016-05-02,449000.0,DPSOA-42097,other,false,2,8673 DOLFOR COVE BURR RIDGE IL 60521,,,,,15681.599999999999,
dupage,0936311015,2012-10-03,375000.0,DPSOA-137781,other,false,2,500 LEONARD LN BURR RIDGE IL 60521,,,,,14374.800000000001,
dupage,0936312013,2003-08-20,1879294.0,DPSOA-329277,warranty,true,2,145 KRAML DR BURR RIDGE IL 60527,,,,,44866.8,
dupage,0936312021,2016-06-10,688000.0,DPSOA-57744,warranty,false,1,5 BAY RUM CT BURR RIDGE IL 60527,,,,,35283.600000000006,
dupage,0936403004,2007-07-26,645000.0,DPSOA-139267,warranty,true,2,348 TAMERTON PKWY BURR RIDGE IL 60527,,,,,13503.6,
dupage,0936404003,2007-03-20,645000.0,DPSOA-50955,warranty,true,2,8325 S PARK AVE BURR RIDGE IL 60527,,,,,13503.6,
dupage,0936404015,2019-05-16,1100000.0,DPSOA-37683,other,false,2,249 LAKEWOOD CIR BURR RIDGE IL 60527,,,,,21344.399999999998,
dupage,0936405012,2009-06-24,450000.0,DPSOA-96748,warranty,true,2,8664 HEATHER DR BURR RIDGE IL 60521,,,,,19602.0,
dupage,0936406022,2001-08-27,475000.0,DPSOA-180726,warranty,true,2,8548 WEDGEWOOD DR BURR RIDGE IL 60522,,,,,18730.8,
dupage,0936407011,2000-09-01,825000.0,DPSOA-137350,other,false,2,43 HIDDEN LAKE DR BURR RIDGE IL 60527,,,,,30056.399999999998,
dupage,1001100033,2015-06-04,1125000.0,DPSOA-59340,other,false,2,8877 S MADISON ST BURR RIDGE IL 60527,,,,,30927.6,
dupage,1001103011,2019-10-24,850000.0,DPSOA-97212,warranty,true,2,9020 TURNBERRY DR BURR RIDGE IL 60527,,,,,24829.199999999997,
dupage,1001104018,2000-03-22,800000.0,DPSOA-41244,other,false,2,5 TURNBERRY CT BURR RIDGE IL 60527,,,,,27007.2,
dupage,1001106008,2020-04-20,537500.0,DPSOA-37986,other,false,2,549 DEVON DR BURR RIDGE IL 60527,,,,,20037.600000000002,
dupage,1001106022,2006-09-05,1070000.0,DPSOA-171601,other,false,2,4 TODOR CT BURR RIDGE IL 60521,,,,,26136.0,
dupage,1001107011,2014-09-02,619500.0,DPSOA-79197,warranty,true,2,440 DEVON DR BURR RIDGE IL 60527,,,,,20908.8,
dupage,1001202005,2013-05-14,681000.0,DPSOA-70019,warranty,true,2,8840 ROYAL DR BURR RIDGE IL 60527,,,,,22651.2,
dupage,1001203022,2020-07-10,535000.0,DPSOA-73045,warranty,true,2,8720 WEDGEWOOD DR BURR RIDGE IL 60527,,,,,25700.399999999998,
dupage,1001203026,2004-02-03,695000.0,DPSOA-33274,warranty,true,2,3 REGENT CT BURR RIDGE IL 60527,,,,,23522.4,
dupage,1001207025,2015-01-20,650000.0,DPSOA-5609,warranty,true,2,8960 ENCLAVE DR BURR RIDGE IL 60527,,,,,20473.199999999997,
dupage,1001209009,2002-07-25,325000.0,DPSOA-191324,warranty,true,2,135 GLENMORA DR BURR RIDGE IL 60522,,,,,22215.600000000002,
dupage,1001209010,2002-02-05,920000.0,DPSOA-37486,warranty,true,2,145 GLENMORA DR BURR RIDGE IL 60527,,,,,25264.8,
dupage,1001300006,2001-05-15,385000.0,DPSOA-90820,warranty,true,2,10S420 GLENN DR BURR RIDGE IL 60527,,,,,20473.199999999997,
dupage,1001302036,2003-10-27,855725.0,DPSOA-411665,warranty,true,2,127 OAK RIDGE DR E BURR RIDGE IL 60527,,,,,43995.6,
dupage,1001308001,2003-02-14,418000.0,DPSOA-61391,warranty,true,2,3 BEL-AIRE CT BURR RIDGE IL 60527,,,,,3920.3999999999996,
dupage,1001406021,2003-01-24,517500.0,DPSOA-28109,warranty,true,2,27 RODEO DR BURR RIDGE IL 60527,,,,,3920.3999999999996,
dupage,1002305006,2019-11-08,417500.0,DPSOA-103244,other,false,2,10S730 JACKSON ST BURR RIDGE IL 60527,,,,,32670.0,
dupage,1002401010,2002-08-06,277500.0,DPSOA-201472,warranty,true,2,16W312 93RD PL BURR RIDGE IL 60527,,,,,11325.6,
dupage,1002402008,2011-06-21,138000.0,DPSOA-73434,other,false,1,16W341 93RD PL BURR RIDGE IL 60527,,,,,10890.0,
dupage,1002403008,2000-04-12,159500.0,DPSOA-52188,warranty,true,2,16W331 94TH ST BURR RIDGE IL 60527,,,,,10890.0,
dupage,1002408011,2007-08-07,1050000.0,DPSOA-146726,warranty,true,2,9280 CASCADE CIR BURR RIDGE IL 60527,,,,,22651.2,
dupage,1002410003,2013-11-14,883000.0,DPSOA-155896,other,false,2,9151 FALLINGWATER DR BURR RIDGE IL 60521,,,,,25264.8,
dupage,1002412001,2007-01-11,912000.0,DPSOA-6589,warranty,true,2,9336 FALLING WATER DR BURR RIDGE IL 60527,,,,,31363.199999999997,
dupage,1011207001,2001-02-07,1100000.0,DPSOA-21205,other,false,2,9500 FALLINGWATER DR BURR RIDGE IL 60527,,,,,25700.399999999998,
dupage,0913300086,2015-08-24,295000.0,R2015-106835,trustee,false,2,6055 S MADISON ST BURR RIDGE IL 60527,,,,,27442.8,
dupage,0936310012,2015-08-26,719500.0,R2015-104882,warranty,true,2,8497 KIMBERLY CT BURR RIDGE IL 60527,,,,,20037.600000000002,
dupage,1002409012,2015-11-02,1440000.0,R2015-136990,warranty,true,2,4 SYLVAN GLEN CT BURR RIDGE IL 60527,,,,,31798.8,
dupage,0936200013,2016-01-29,237000.0,R2016-016962,warranty,true,2,7912 S GARFIELD AVE BURR RIDGE IL 60527,,,,,1306.8,
dupage,0935403030,2016-05-23,2925000.0,R2016-052739,warranty,true,2,8320 S MADISON ST BURR RIDGE IL 60527,,,,,218671.19999999998,
dupage,0913400003,2016-07-15,2200000.0,R2016-075635,warranty,true,2,15W344 60TH ST BURR RIDGE IL 60527,,,,,20037.600000000002,
dupage,0936204010,2016-10-03,595000.0,R2016-111358,warranty,true,2,8205 GARFIELD AVE BURR RIDGE IL 60527,,,,,16117.199999999999,
dupage,1001401035,2017-02-17,210000.0,R2017-019305,warranty,true,2,9265 FOREST EDGE LN BURR RIDGE IL 60527,,,,,23958.000000000004,
dupage,1001106010,2017-03-23,565000.0,R2017-040080,trustee,false,2,531 DEVON DR BURR RIDGE IL 60527,,,,,20908.8,
dupage,0925304010,2017-03-29,511500.0,R2017-032334,warranty,true,2,7728 S GRANT ST BURR RIDGE IL 60527,,,,,108464.40000000001,
dupage,0936304039,2017-05-08,630000.0,R2017-050304,warranty,true,2,8498 WALREDON AVE BURR RIDGE IL 60527,,,,,14374.800000000001,
dupage,0936210013,2017-05-23,25000.0,R2017-055394,trustee,false,2,"7978 GARFIELD AVE # A BURR RIDGE IL 60527",,,,,72745.2,
dupage,0925400007,2017-05-26,330000.0,R2018-004634,warranty,true,2,7606 HAMILTON AVE BURR RIDGE IL 60527,,,,,100623.6,
dupage,1001308018,2017-08-18,345000.0,R2017-094112,warranty,false,1,43 OAK CREEK CT BURR RIDGE IL 60527,,,,,2613.6,
dupage,0936209052,2017-08-26,162500.0,R2017-092847,warranty,true,2,"7994 GARFIELD AVE # 13-4 BURR RIDGE IL 60527",,,,,235659.6,
dupage,0925202004,2017-09-12,310000.0,R2017-098146,warranty,true,2,7239 GIDDINGS AVE BURR RIDGE IL 60521,,,,,15681.599999999999,
dupage,1001105007,2017-09-15,575000.0,R2017-101842,warranty,true,2,8749 AINTREE LN BURR RIDGE IL 60527,,,,,22215.600000000002,
dupage,0936205011,2017-12-12,250000.0,R2017-129554,trustee,false,2,8224 KATHRYN CT BURR RIDGE IL 60527,,,,,16117.199999999999,
dupage,0913407033,2018-02-26,888000.0,R2018-018356,trustee,false,2,607 BURR RIDGE CLB BURR RIDGE IL 60527,,,,,7840.799999999999,
dupage,0913308018,2018-03-23,1455000.0,R2018-026906,warranty,true,2,12 ANDREW CT BURR RIDGE IL 60527,,,,,22651.2,
dupage,0936311031,2018-05-03,511400.0,R2018-051870,warranty,true,2,561 87TH ST BURR RIDGE IL 60527,,,,,16117.199999999999,
dupage,1001302028,2018-07-16,640000.0,R2018-076302,warranty,true,2,111 OAK RIDGE DR E BURR RIDGE IL 60527,,,,,46173.600000000006,
dupage,0935205004,2018-12-13,566000.0,R2018-118985,trustee,false,2,111 SHORE DR BURR RIDGE IL 60527,,,,,40946.399999999994,
dupage,0936104063,2018-12-13,542000.0,R2018-117517,warranty,true,2,55 PINE TREE LN BURR RIDGE IL 60521,,,,,3484.8,
dupage,0925205007,2019-01-29,160000.0,R2019-008642,warranty,true,2,7310 GIDDINGS AVE BURR RIDGE IL 60527,,,,,12632.4,
dupage,0936109013,2019-02-27,570000.0,R2019-014253,warranty,true,2,13 LAKE RIDGE CLUB CT BURR RIDGE IL 60527,,,,,3920.3999999999996,
dupage,0913409007,2019-04-05,800000.0,R2019-028322,trustee,false,2,1103 BURR RIDGE CLUB BURR RIDGE IL 60527,,,,,8276.4,
dupage,1001308020,2019-04-23,480000.0,R2019-030076,warranty,true,2,45 OAK CREEK CT BURR RIDGE IL 60527,,,,,2613.6,
dupage,0925111020,2019-09-12,327500.0,R2019-086920,warranty,true,2,7209 CHESTNUT HILLS BURR RIDGE IL 60527,,,,,25264.8,
dupage,0925102026,2019-09-30,568000.0,R2019-090052,warranty,true,2,15W734 74TH ST BURR RIDGE IL 60527,,,,,24393.600000000002,
dupage,0936407018,2020-03-16,891111.0,R2020-027161,warranty,true,2,16 HIDDEN LAKE DR BURR RIDGE IL 60527,,,,,20908.8,
dupage,0936305012,2020-05-29,490000.0,R2020-073484,warranty,true,2,8348 DOLFOR COVE BURR RIDGE IL 60527,,,,,13068.0,
dupage,0936203007,2020-06-23,475000.0,R2020-065758,warranty,true,2,8124 S GARFIELD AVE BURR RIDGE IL 60527,,,,,16117.199999999999,
dupage,1001207004,2020-07-10,464500.0,R2020-075607,warranty,true,2,240 DEVON DR BURR RIDGE IL 60527,,,,,22651.2,
dupage,0925111036,2020-08-25,415000.0,R2020-126137,trustee,false,2,115 W CHESTNUT ST HINSDALE IL 60521,,,,,18295.2,
dupage,1002402017,2020-09-08,245000.0,R2020-104345,warranty,true,2,16W350 94TH ST BURR RIDGE IL 60527,,,,,11325.6,
dupage,0913300056,2020-09-15,519000.0,R2020-118398,trustee,false,2,6 NORRIS DR BURR RIDGE IL 60527,,,,,20473.199999999997,
dupage,0913408008,2020-09-17,1275000.0,R2020-107112,trustee,false,2,801 BURR RIDGE CLUB BURR RIDGE IL 60527,,,,,6969.6,
dupage,1011207012,2020-09-25,1388890.0,R2021-004455,warranty,true,2,9705 PACIFIC CT BURR RIDGE IL 60527,,,,,35283.600000000006,
dupage,0913406030,2020-09-30,2287500.0,R2020-113848,other,false,2,15W047 60TH ST BURR RIDGE IL 60527,,,,,48787.200000000004,
dupage,1002410005,2020-10-20,1290000.0,R2021-012351,warranty,true,2,9191 FALLINGWATERS DR BURR RIDGE IL 60527,,,,,36154.799999999996,
dupage,0936104045,2020-10-22,470000.0,R2020-132099,other,false,2,36 PINE TREE LN BURR RIDGE IL 60527,,,,,3484.8,
dupage,0924307011,2020-11-06,1199000.0,R2020-135789,warranty,true,2,4 MALLORY CT BURR RIDGE IL 60527,,,,,20473.199999999997,
dupage,0936402009,2025-04-08,625000.0,R2025-025578,warranty,true,2,349 TAMERTON PKWY BURR RIDGE IL 60527,,,,,13503.6,
dupage,0936204016,2025-05-21,625000.0,R2025-037777,warranty,true,2,8200 S PARK AVE BURR RIDGE IL 60527,,,,,16117.199999999999,
dupage,0936209021,2025-06-06,277061.0,R2025-035518,warranty,true,2,"8082 GARFIELD AVE # 6-1 BURR RIDGE IL 60527",,,,,235659.6,
dupage,0924200116,2025-06-30,1300000.0,R2025-043080,warranty,true,2,362 COUNTRYSIDE CT BURR RIDGE IL 60527,,,,,81892.79999999999,
dupage,1001102008,2014-05-01,655000.0,DGT-1001102008-2014-05-01,warranty,true,2,10S244 GRANT ST BURR RIDGE IL 60527,,,,,35719.2,
dupage,1001105009,2014-03-01,550000.0,DGT-1001105009-2014-03-01,warranty,true,2,8725 AINTREE LN BURR RIDGE IL 60527,,,,,25264.8,
dupage,1001106010,2017-03-01,565000.0,DGT-1001106010-2017-03-01,warranty,true,2,531 DEVON DR BURR RIDGE IL 60527,,,,,20908.8,
dupage,1001203025,2018-07-01,605000.0,DGT-1001203025-2018-07-01,warranty,true,2,1 REGENT CT BURR RIDGE IL 60527,,,,,23086.800000000003,
dupage,1001207004,2020-07-01,464500.0,DGT-1001207004-2020-07-01,warranty,true,2,240 DEVON DR BURR RIDGE IL 60527,,,,,22651.2,
dupage,1001207083,2014-07-01,130000.0,DGT-1001207083-2014-07-01,warranty,true,2,15W020 91ST ST BURR RIDGE IL 60527,,,,,21780.0,
dupage,1002402014,2015-04-01,335000.0,DGT-1002402014-2015-04-01,warranty,true,2,16W253 93RD PL BURR RIDGE IL 60527,,,,,22651.2,
dupage,1002402016,2013-08-01,205000.0,DGT-1002402016-2013-08-01,warranty,true,2,16W360 94TH ST BURR RIDGE IL 60527,,,,,11325.6,
dupage,1002402017,2020-09-01,245000.0,DGT-1002402017-2020-09-01,warranty,true,2,16W350 94TH ST BURR RIDGE IL 60527,,,,,11325.6,
dupage,1002409012,2015-10-01,1440000.0,DGT-1002409012-2015-10-01,warranty,true,2,4 SYLVAN GLEN CT BURR RIDGE IL 60527,,,,,31798.8,
dupage,1002410005,2020-10-01,1290000.0,DGT-1002410005-2020-10-01,warranty,true,2,9191 FALLINGWATERS DR BURR RIDGE IL 60527,,,,,36154.799999999996,
dupage,1001302016,2017-08-01,560000.0,DGT-1001302016-2017-08-01,warranty,true,2,10S675 GLENN DR BURR RIDGE IL 60527,,,,,22651.2,
dupage,1001401035,2017-02-01,210000.0,DGT-1001401035-2017-02-01,warranty,true,2,9265 FOREST EDGE LN BURR RIDGE IL 60527,,,,,23958.000000000004,
dupage,1011201003,2013-03-01,250200.0,DGT-1011201003-2013-03-01,warranty,true,2,16W347 95TH PL BURR RIDGE IL 60527,,,,,11325.6,
dupage,1011207012,2020-09-01,1388890.0,DGT-1011207012-2020-09-01,warranty,true,2,9705 PACIFIC CT BURR RIDGE IL 60527,,,,,35283.600000000006,
dupage,0913300056,2020-10-15,519000.0,DPSOA-118398,other,false,2,6 NORRIS DR BURR RIDGE IL 60527,,,,,20473.199999999997,
dupage,0913300065,2016-05-27,742000.0,DPSOA-52264,other,false,2,10 NORRIS DR BURR RIDGE IL 60527,,,,,18295.2,
dupage,0913300086,2015-09-25,295000.0,DPSOA-106834,other,false,2,6055 S MADISON ST BURR RIDGE IL 60527,,,,,27442.8,
dupage,0913300096,2000-10-16,1180000.0,DPSOA-161682,warranty,true,2,610 GRANT CT BURR RIDGE IL 60527,,,,,20037.600000000002,
dupage,0913302043,2017-07-03,1955000.0,DPSOA-66411,warranty,true,2,480 W 62ND ST WILLOWBROOK IL 60527,,,,,29185.2,
dupage,0913303007,2000-06-15,530000.0,DPSOA-90449,warranty,true,2,15W455 62ND ST BURR RIDGE IL 60521,,,,,15681.599999999999,
dupage,0913400014,2001-03-06,645000.0,DPSOA-36518,other,false,2,5962 S ELM ST BURR RIDGE IL 60527,,,,,31363.199999999997,
dupage,0913401005,2002-03-07,577500.0,DPSOA-66542,warranty,true,2,6051 GARFIELD AVE BURR RIDGE IL 60521,,,,,41817.6,
dupage,0913403029,2001-05-23,1250000.0,DPSOA-98698,warranty,true,2,15W252 62ND ST BURR RIDGE IL 60527,,,,,21344.399999999998,
dupage,0913404010,2014-10-02,400000.0,DPSOA-90727,other,false,2,6224 S ELM ST BURR RIDGE IL 60521,,,,,22651.2,
dupage,0913405025,2003-08-20,900000.0,DPSOA-329282,warranty,true,2,15W120 60TH ST BURR RIDGE IL 60527,,,,,43124.4,
dupage,0913406030,2020-10-05,2287500.0,DPSOA-113848,other,false,2,15W047 60TH ST BURR RIDGE IL 60527,,,,,48787.200000000004,
dupage,0913407033,2018-03-02,888000.0,DPSOA-18356,other,false,2,607 BURR RIDGE CLB BURR RIDGE IL 60527,,,,,7840.799999999999,
dupage,0913408040,2006-12-05,2145000.0,DPSOA-233743,other,false,2,1503 BURR RIDGE CLB BURR RIDGE IL 60527,,,,,17859.6,
dupage,0913409007,2019-04-17,800000.0,DPSOA-28322,other,false,2,1103 BURR RIDGE CLUB BURR RIDGE IL 60527,,,,,8276.4,
dupage,0924206012,2005-02-23,1050000.0,DPSOA-36025,warranty,true,2,504 KENMARE DR BURR RIDGE IL 60527,,,,,6534.0,
dupage,0924309012,2014-06-26,1075000.0,DPSOA-55052,warranty,true,2,7035 HIGH GROVE BLVD BURR RIDGE IL 60527,,,,,41382.0,
dupage,0924405005,2017-10-10,810000.0,DPSOA-104364,warranty,true,2,6812 FIELDSTONE DR BURR RIDGE IL 60527,,,,,20473.199999999997,
dupage,0925102026,2019-10-07,568000.0,DPSOA-90052,warranty,true,2,15W734 74TH ST BURR RIDGE IL 60527,,,,,24393.600000000002,
dupage,0925111020,2019-09-27,327500.0,DPSOA-86920,warranty,true,2,7209 CHESTNUT HILLS BURR RIDGE IL 60527,,,,,25264.8,
dupage,0925111030,2020-06-09,339000.0,DPSOA-58926,warranty,true,2,111 CHESTNUT HILL CR BURR RIDGE IL 60521,,,,,16988.4,
dupage,0925111036,2020-10-27,415000.0,DPSOA-126137,other,false,2,115 W CHESTNUT ST HINSDALE IL 60521,,,,,18295.2,
dupage,0925111040,2001-07-25,300000.0,DPSOA-152979,warranty,true,2,146 CHESTNUT HILLS BURR RIDGE IL 60527,,,,,14810.400000000001,
dupage,0925200026,2016-11-03,1629000.0,DPSOA-122065,other,false,2,FRONTAGE RD BURR RIDGE IL 60527,,,,,110206.79999999999,
dupage,0925202004,2017-09-22,310000.0,DPSOA-98146,warranty,true,2,7239 GIDDINGS AVE BURR RIDGE IL 60521,,,,,15681.599999999999,
dupage,0925202010,2003-07-17,160000.0,DPSOA-274693,warranty,true,2,7250 S PARK AVE BURR RIDGE IL 60527,,,,,15681.599999999999,
dupage,0925203007,2004-08-02,290000.0,DPSOA-205930,warranty,true,2,7220 HAMILTON AVE BURR RIDGE IL 60527,,,,,15681.599999999999,
dupage,0925204005,2001-05-30,160000.0,DPSOA-103614,warranty,true,2,7249 S HAMILTON AVE BURR RIDGE IL 60521,,,,,15681.599999999999,
dupage,0925205007,2019-02-05,160000.0,DPSOA-8642,warranty,true,2,7310 GIDDINGS AVE BURR RIDGE IL 60527,,,,,12632.4,
dupage,0925304002,2005-03-08,228500.0,DPSOA-46562,warranty,true,2,7704 S GRANT ST BURR RIDGE IL 60527,,,,,108464.40000000001,
dupage,0925304005,2005-03-01,232000.0,DPSOA-40875,warranty,true,2,7714 S GRANT ST BURR RIDGE IL 60527,,,,,108464.40000000001,
dupage,0925402013,2001-05-25,135000.0,DPSOA-101214,warranty,true,2,7627 DREW AVE BURR RIDGE IL 60527,,,,,41817.6,
dupage,0925404020,2010-02-22,1040000.0,DPSOA-24111,other,false,2,211 W 79TH ST BURR RIDGE IL 60521,,,,,49658.399999999994,
dupage,0935205004,2018-12-31,566000.0,DPSOA-118985,other,false,2,111 SHORE DR BURR RIDGE IL 60527,,,,,40946.399999999994,
dupage,0935400010,2007-08-21,350000.0,DPSOA-155731,warranty,true,2,8412 MEADOWBROOK DR HINSDALE IL 60521,,,,,32670.0,
dupage,0935400011,2007-08-21,350000.0,DPSOA-155729,warranty,true,2,8418 MEADOWBROOK DR BURR RIDGE IL 60527,,,,,32670.0,
dupage,0935402029,2005-04-20,1600000.0,DPSOA-80666,warranty,true,2,920 PRAIRIE RIDGE CT BURR RIDGE IL 60527,,,,,25700.399999999998,
dupage,0935402042,2010-03-15,1750000.0,DPSOA-34442,warranty,true,2,8549 TIMBER RIDGE DR BURR RIDGE IL 60527,,,,,28314.0,
dupage,0935403030,2016-05-31,2925000.0,DPSOA-52739,other,false,2,8320 S MADISON ST BURR RIDGE IL 60527,,,,,218671.19999999998,
dupage,0935404009,2000-01-14,1046825.0,DPSOA-7534,warranty,true,2,8649 TIMBER RIDGE DR BURR RIDGE IL 60527,,,,,23958.000000000004,
dupage,0936103017,2004-09-22,700000.0,DPSOA-247555,warranty,true,2,15W611 83RD ST BURR RIDGE IL 60521,,,,,36590.4,
dupage,0936104018,2006-08-18,575000.0,DPSOA-160793,warranty,true,2,7980 GARFIELD AVE BURR RIDGE IL 60527,,,,,41382.0,
dupage,0936104045,2020-11-06,470000.0,DPSOA-132099,other,false,2,36 PINE TREE LN BURR RIDGE IL 60527,,,,,3484.8,
dupage,0936106015,2006-07-11,700000.0,DPSOA-131973,warranty,true,2,8260 RIDGEPOINTE DR BURR RIDGE IL 60521,,,,,20473.199999999997,
dupage,0936107010,2005-10-27,548000.0,DPSOA-240942,warranty,true,2,8283 RIDGEPOINTE DR BURR RIDGE IL 60527,,,,,22651.2,
dupage,0936109040,2007-05-30,575000.0,DPSOA-100120,other,false,2,40 DURHAM CT BURR RIDGE IL 60527,,,,,3920.3999999999996,
dupage,0936200026,2015-02-24,177000.0,DPSOA-17353,other,false,2,15W316 79TH ST BURR RIDGE IL 60527,,,,,36154.799999999996,
dupage,0936203007,2020-06-24,475000.0,DPSOA-65758,warranty,true,2,8124 S GARFIELD AVE BURR RIDGE IL 60527,,,,,16117.199999999999,
dupage,0936205011,2017-12-19,250000.0,DPSOA-129554,other,false,2,8224 KATHRYN CT BURR RIDGE IL 60527,,,,,16117.199999999999,
dupage,0936209038,2013-04-08,140000.0,DPSOA-51183,warranty,true,2,"8070 GARFIELD AVE # 10-2 BURR RIDGE IL 60527",,,,,235659.6,
dupage,0936209043,2016-07-07,147500.0,DPSOA-69195,warranty,true,2,"8066 GARFIELD AVE # 11-3 BURR RIDGE IL 60527",,,,,235659.6,
dupage,0936209052,2017-09-08,162500.0,DPSOA-92847,warranty,true,2,"7994 GARFIELD AVE # 13-4 BURR RIDGE IL 60527",,,,,235659.6,
dupage,0936209058,2015-08-05,165000.0,DPSOA-86369,other,false,2,"7986 S GARFIELD AVE # 15-2 BURR RIDGE IL 60527",,,,,235659.6,
dupage,0936210013,2017-06-06,25000.0,DPSOA-55394,other,false,2,"7978 GARFIELD AVE # A BURR RIDGE IL 60527",,,,,72745.2,
dupage,0936300014,2005-08-22,755000.0,DPSOA-181676,warranty,true,2,8401 CHARLESTON CT BURR RIDGE IL 60527,,,,,20473.199999999997,
dupage,0936303004,2006-03-10,414500.0,DPSOA-44471,warranty,true,2,501 KIRKWOOD COVE BURR RIDGE IL 60527,,,,,13068.0,
dupage,0936305012,2020-07-13,490000.0,DPSOA-73484,warranty,true,2,8348 DOLFOR COVE BURR RIDGE IL 60527,,,,,13068.0,
dupage,0936311018,2005-06-20,646000.0,DPSOA-128662,other,false,2,464 LEONARD LN BURR RIDGE IL 60521,,,,,13939.2,
dupage,0936311031,2018-06-11,511400.0,DPSOA-51870,warranty,true,2,561 87TH ST BURR RIDGE IL 60527,,,,,16117.199999999999,
dupage,0936312003,2012-10-19,1150000.0,DPSOA-147576,warranty,true,2,123 KRAML DR BURR RIDGE IL 60527,,,,,33105.6,
dupage,0936400023,2018-05-21,950000.0,DPSOA-44528,warranty,true,2,8670 S COUNTY LINE RD BURR RIDGE IL 60527,,,,,108900.0,
dupage,0936403020,2004-06-30,506000.0,DPSOA-176489,other,false,2,8454 S PARK AVE BURR RIDGE IL 60527,,,,,16117.199999999999,
dupage,0936404014,2012-05-02,350000.0,DPSOA-56713,other,false,1,265 LAKEWOOD CIR BURR RIDGE IL 60527,,,,,22651.2,
dupage,0936404029,2010-11-05,685000.0,DPSOA-152939,warranty,true,2,36 DEER PATH TR BURR RIDGE IL 60521,,,,,23958.000000000004,
dupage,0936407016,2005-04-28,764000.0,DPSOA-87030,other,false,2,24 HIDDEN LAKE DR BURR RIDGE IL 60527,,,,,20473.199999999997,
dupage,0936407018,2020-03-18,891111.0,DPSOA-27161,warranty,true,2,16 HIDDEN LAKE DR BURR RIDGE IL 60527,,,,,20908.8,
dupage,1001102008,2014-05-29,655000.0,DPSOA-44818,warranty,false,1,10S244 GRANT ST BURR RIDGE IL 60527,,,,,35719.2,
dupage,1001105008,2000-02-10,192500.0,DPSOA-20605,other,false,2,8737 AINTREE LN BURR RIDGE IL 60527,,,,,20037.600000000002,
dupage,1001105009,2014-03-21,550000.0,DPSOA-23347,warranty,true,2,8725 AINTREE LN BURR RIDGE IL 60527,,,,,25264.8,
dupage,1001106006,2002-09-03,660000.0,DPSOA-226568,warranty,true,2,4 HUNTER CT BURR RIDGE IL 60527,,,,,20037.600000000002,
dupage,1001106010,2017-04-26,565000.0,DPSOA-40080,other,false,2,531 DEVON DR BURR RIDGE IL 60527,,,,,20908.8,
dupage,1001107015,2003-06-26,570000.0,DPSOA-243327,warranty,true,2,400 DEVON DR BURR RIDGE IL 60527,,,,,20037.600000000002,
dupage,1001108005,2004-03-12,665000.0,DPSOA-65616,warranty,true,2,431 WESTMINSTER DR BURR RIDGE IL 60527,,,,,22215.600000000002,
dupage,1001109003,2005-07-22,875000.0,DPSOA-157801,other,false,2,410 WESTMINSTER DR BURR RIDGE IL 60527,,,,,22215.600000000002,
dupage,1001203008,2000-05-02,487000.0,DPSOA-63087,warranty,true,2,321 DEVON DR BURR RIDGE IL 60521,,,,,24829.199999999997,
dupage,1001203009,2010-06-14,660000.0,DPSOA-75529,warranty,true,2,311 DEVON DR BURR RIDGE IL 60527,,,,,25264.8,
dupage,1001203025,2018-07-24,605000.0,DPSOA-68410,other,false,2,1 REGENT CT BURR RIDGE IL 60527,,,,,23086.800000000003,
dupage,1001204012,2003-10-02,740000.0,DPSOA-382132,warranty,true,2,8821 WEDGEWOOD DR BURR RIDGE IL 60527,,,,,30491.999999999996,
dupage,1001207004,2020-07-16,464500.0,DPSOA-75607,warranty,true,2,240 DEVON DR BURR RIDGE IL 60527,,,,,22651.2,
dupage,1001207018,2005-05-31,653000.0,DPSOA-110893,warranty,true,2,9041 ROYAL DR BURR RIDGE IL 60527,,,,,26136.0,
dupage,1001207061,2004-04-15,250000.0,DPSOA-98489,warranty,true,2,132 ASHTON DR BURR RIDGE IL 60527,,,,,22215.600000000002,
dupage,1001207083,2014-07-17,130000.0,DPSOA-62448,other,false,1,15W020 91ST ST BURR RIDGE IL 60527,,,,,21780.0,
dupage,1001302016,2017-08-25,560000.0,DPSOA-87741,other,false,2,10S675 GLENN DR BURR RIDGE IL 60527,,,,,22651.2,
dupage,1001302028,2018-08-14,640000.0,DPSOA-76302,warranty,true,2,111 OAK RIDGE DR E BURR RIDGE IL 60527,,,,,46173.600000000006,
dupage,1001302061,2012-07-27,620000.0,DPSOA-97915,warranty,true,2,140 CIRCLE RIDGE DR BURR RIDGE IL 60527,,,,,20473.199999999997,
dupage,1001302068,2010-06-23,520000.0,DPSOA-80013,warranty,true,2,154 CIRCLE RIDGE DR BURR RIDGE IL 60527,,,,,20037.600000000002,
dupage,1001303007,2000-02-23,300000.0,DPSOA-26421,warranty,true,2,29 RODEO DR BURR RIDGE IL 60521,,,,,55756.8,
dupage,1001304016,2001-08-17,885000.0,DPSOA-173862,warranty,true,2,101 OAK RIDGE DR BURR RIDGE IL 60521,,,,,42253.2,
dupage,1001308018,2017-09-12,345000.0,DPSOA-94112,other,false,1,43 OAK CREEK CT BURR RIDGE IL 60527,,,,,2613.6,
dupage,1001308020,2019-04-23,480000.0,DPSOA-30076,warranty,true,2,45 OAK CREEK CT BURR RIDGE IL 60527,,,,,2613.6,
dupage,1001308025,2018-12-06,395000.0,DPSOA-112474,warranty,true,2,50 OAK CREEK DR BURR RIDGE IL 60527,,,,,2613.6,
dupage,1001406005,2000-05-16,398000.0,DPSOA-72584,warranty,true,2,12 LAUREL OAK CT BURR RIDGE IL 60527,,,,,3484.8,
dupage,1002402013,2006-04-20,393000.0,DPSOA-73634,warranty,true,2,16W267 93RD PL BURR RIDGE IL 60527,,,,,13939.2,
dupage,1002402014,2015-06-05,335000.0,DPSOA-59986,other,false,2,16W253 93RD PL BURR RIDGE IL 60527,,,,,22651.2,
dupage,1002402016,2005-11-15,365000.0,DPSOA-255760,warranty,true,2,16W360 94TH ST BURR RIDGE IL 60527,,,,,11325.6,
dupage,1002402023,2006-10-12,310000.0,DPSOA-197600,other,false,2,94TH ST BURR RIDGE IL 60527,,,,,14810.400000000001,
dupage,1002409019,2003-07-16,330000.0,DPSOA-273572,warranty,true,2,7 SYLVAN GLEN CT BURR RIDGE IL 60527,,,,,24829.199999999997,
dupage,1002411004,2009-07-02,830000.0,DPSOA-101748,other,false,2,8 ARCADIA CT BURR RIDGE IL 60527,,,,,28314.0,
dupage,1002412011,2001-01-12,1075000.0,DPSOA-7383,warranty,true,2,1 TUMBLEBROOK CT BURR RIDGE IL 60527,,,,,25264.8,
dupage,1011201003,2013-04-01,250200.0,DPSOA-47229,warranty,true,2,16W347 95TH PL BURR RIDGE IL 60527,,,,,11325.6,
dupage,1011207017,2001-04-24,269000.0,DPSOA-73062,other,false,2,9601 PACIFIC CT BURR RIDGE IL 60527,,,,,40075.200000000004,
dupage,0913407007,2015-08-03,875000.0,R2015-088311,trustee,false,2,22 WOODGATE DR BURR RIDGE IL 60527,,,,,24393.600000000002,
dupage,0925405001,2016-01-07,440000.0,R2016-017604,warranty,true,2,7701 DREW AVE BURR RIDGE IL 60527,,,,,60983.99999999999,
dupage,1001106009,2016-01-26,507000.0,R2016-013050,trustee,false,2,541 DEVON DR BURR RIDGE IL 60521,,,,,20908.8,
dupage,0936302012,2016-04-06,445000.0,R2016-042538,warranty,true,2,8460 CLYNDERVEN RD BURR RIDGE IL 60527,,,,,12632.4,
dupage,1001308042,2016-10-11,475000.0,R2016-115820,warranty,true,2,31 PIN OAK CT BURR RIDGE IL 60527,,,,,3920.3999999999996,
dupage,1001104023,2016-12-08,1250000.0,R2016-141055,warranty,true,2,15W599 89TH ST BURR RIDGE IL 60527,,,,,107157.59999999999,
dupage,1001406017,2016-12-22,425000.0,R2017-002816,warranty,true,2,23 RODEO DR BURR RIDGE IL 60527,,,,,3920.3999999999996,
dupage,1002403011,2017-05-01,249000.0,R2017-048144,warranty,true,2,16W281 94TH ST BURR RIDGE IL 60527,,,,,14810.400000000001,
dupage,1011206002,2017-06-14,870000.0,R2017-065571,trustee,false,2,9500 FALLING WATERS DR E BURR RIDGE IL 60527,,,,,33976.8,
dupage,0924200106,2017-06-29,1700000.0,R2017-067933,trustee,false,2,250 DARTMOUTH CT BURR RIDGE IL 60527,,,,,20037.600000000002,
dupage,1001302073,2017-08-17,605000.0,R2017-092032,warranty,true,2,9101 DEVON RIDGE DR BURR RIDGE IL 60527,,,,,22215.600000000002,
dupage,0936304055,2017-10-24,560000.0,R2017-113742,warranty,true,2,8500 WALREDON AVE BURR RIDGE IL 60527,,,,,13939.2,
dupage,0924306004,2018-02-02,802500.0,R2018-014013,trustee,false,2,6764 FIELDSTONE DR BURR RIDGE IL 60527,,,,,16988.4,
dupage,0936208001,2018-04-16,735000.0,R2018-037657,warranty,false,1,8001 DREW AVE BURR RIDGE IL 60527,,,,,108900.0,
dupage,1011207008,2018-06-25,975000.0,R2018-065739,trustee,false,2,9640 PACIFIC CT BURR RIDGE IL 60527,,,,,27878.4,
dupage,0913408043,2018-07-02,1500000.0,R2018-065712,warranty,true,2,1502 BURR RIDGE CLB BURR RIDGE IL 60527,,,,,25700.399999999998,
dupage,0913407017,2018-08-27,890000.0,R2018-081854,trustee,false,2,605 BURR RIDGE CLUB BURR RIDGE IL 60527,,,,,8276.4,
dupage,0936404035,2018-11-28,701000.0,R2018-112431,trustee,false,2,2 DEER PATH TRL BURR RIDGE IL 60527,,,,,79279.2,
dupage,1001302058,2019-03-05,570000.0,R2019-017016,warranty,true,2,134 CIRCLE RIDGE DR BURR RIDGE IL 60527,,,,,20037.600000000002,
dupage,0935205011,2019-05-01,1050000.0,R2019-040529,trustee,false,2,16W070 83RD ST BURR RIDGE IL 60527,,,,,34848.0,
dupage,1001301013,2019-06-03,395000.0,R2019-050251,warranty,true,2,10S550 GLENN DR BURR RIDGE IL 60527,,,,,20037.600000000002,
dupage,1001203021,2019-07-03,555000.0,R2019-058468,executor,false,2,3 HANOVER CT BURR RIDGE IL 60527,,,,,20037.600000000002,
dupage,0936300023,2019-08-13,435000.0,R2019-076559,warranty,true,2,628 CAMELOT DR BURR RIDGE IL 60527,,,,,19166.4,
dupage,0913301038,2019-10-16,845000.0,R2019-097451,warranty,true,2,529 60TH PL BURR RIDGE IL 60527,,,,,14374.800000000001,
dupage,1001300006,2020-04-09,504000.0,R2020-035223,trustee,false,2,10S420 GLENN DR BURR RIDGE IL 60527,,,,,20473.199999999997,
dupage,0936107009,2020-04-20,500000.0,R2020-079822,warranty,true,2,8261 RIDGEPOINTE DR BURR RIDGE IL 60521,,,,,20037.600000000002,
dupage,0913303011,2020-04-27,475000.0,R2020-042550,warranty,true,2,6S740 GARFIELD AVE BURR RIDGE IL 60527,,,,,56192.4,
dupage,0924401009,2020-05-28,1150000.0,R2020-081595,warranty,true,2,6706 FIELDSTONE DR BURR RIDGE IL 60527,,,,,26571.6,
dupage,1001100035,2020-06-08,1105000.0,R2020-062718,warranty,true,2,15W760 89TH ST BURR RIDGE IL 60527,,,,,31798.8,
dupage,0924206014,2020-06-26,680000.0,R2020-067340,warranty,true,2,505 KENMARE DR BURR RIDGE IL 60527,,,,,6969.6,
dupage,0913301024,2020-07-14,1090000.0,R2020-101079,warranty,true,2,5925 S GRANT ST BURR RIDGE IL 60527,,,,,19166.4,
dupage,0936301030,2020-09-15,1150000.0,R2020-149510,warranty,true,2,112 KRAML DR BURR RIDGE IL 60527,,,,,28314.0,
dupage,1002401019,2020-09-24,689000.0,R2020-137925,warranty,true,2,16W380 93RD PL BURR RIDGE IL 60527,,,,,1393920.0,
dupage,0913409017,2020-10-08,925000.0,R2020-162579,trustee,false,2,1602 BURR RIDGE CLUB BURR RIDGE IL 60527,,,,,31798.8,
dupage,1011207010,2020-11-20,119000.0,R2020-141870,warranty,true,2,9680 PACIFIC CT BURR RIDGE IL 60527,,,,,30056.399999999998,
dupage,1001209012,2020-12-15,1200893.0,R2021-001964,warranty,true,2,6 SHENANDOAH CT BURR RIDGE IL 60527,,,,,23958.000000000004,
dupage,1001406002,2020-12-24,412000.0,R2021-006929,warranty,true,2,1 BEL AIRE CT BURR RIDGE IL 60527,,,,,3484.8,
dupage,0935404007,2025-03-05,1890000.0,R2025-021806,warranty,true,2,8625 TIMBER RIDGE DR BURR RIDGE IL 60527,,,,,28749.600000000002,
dupage,0935402061,2025-03-25,5550000.0,R2025-055493,trustee,false,2,W 83RD ST BURR RIDGE IL 60527,,,,,202118.4,
dupage,0913300093,2025-09-22,2300000.0,DECL-20250902297340,warranty,true,2,670 GRANT CT BURR RIDGE IL 60527,,,,,20473.199999999997,
dupage,0913300093,2025-09-22,2300000.0,R2025-062010,warranty,true,2,670 GRANT CT BURR RIDGE IL 60527,,,,,20473.199999999997,
dupage,0936210018,2025-12-05,275000.0,DECL-20260102271741,warranty,true,2,"7962 S GARFIELD AVE # 110 BURR RIDGE IL 60521",,,,,72745.2,
dupage,0936210018,2025-12-05,275000.0,R2026-000874,warranty,true,2,"7962 S GARFIELD AVE # 110 BURR RIDGE IL 60521",,,,,72745.2,
dupage,0936210018,2025-12-19,275000.0,DECL-20251202257651,warranty,true,2,"7962 S GARFIELD AVE # 110 BURR RIDGE IL 60521",,,,,72745.2,
dupage,0913405003,2025-12-30,3750000.0,R2026-002127,warranty,true,2,15W170 60TH ST BURR RIDGE IL 60527,,,,,52707.6,
dupage,0913405003,2025-12-30,3750000.0,DECL-20260102270351,warranty,true,2,15W170 60TH ST BURR RIDGE IL 60527,,,,,52707.6,
dupage,1001100035,2020-06-01,1105000.0,DGT-1001100035-2020-06-01,warranty,true,2,15W760 89TH ST BURR RIDGE IL 60527,,,,,31798.8,
dupage,1001104023,2016-12-01,1250000.0,DGT-1001104023-2016-12-01,warranty,true,2,15W599 89TH ST BURR RIDGE IL 60527,,,,,107157.59999999999,
dupage,1001106009,2016-01-01,507000.0,DGT-1001106009-2016-01-01,warranty,true,2,541 DEVON DR BURR RIDGE IL 60521,,,,,20908.8,
dupage,1001201040,2015-01-01,860000.0,DGT-1001201040-2015-01-01,warranty,true,2,125 GLENMORA DR BURR RIDGE IL 60521,,,,,1742.4,
dupage,1001203013,2017-12-01,525000.0,DGT-1001203013-2017-12-01,warranty,true,2,221 DEVON DR BURR RIDGE IL 60527,,,,,24829.199999999997,
dupage,1001203021,2019-07-01,555000.0,DGT-1001203021-2019-07-01,warranty,true,2,3 HANOVER CT BURR RIDGE IL 60527,,,,,20037.600000000002,
dupage,1002401019,2020-09-01,689000.0,DGT-1002401019-2020-09-01,warranty,true,2,16W380 93RD PL BURR RIDGE IL 60527,,,,,1393920.0,
dupage,1002406030,2015-01-01,440500.0,DGT-1002406030-2015-01-01,warranty,true,2,16W072 91ST ST BURR RIDGE IL 60521,,,,,21344.399999999998,
dupage,1002411009,2013-02-01,990000.0,DGT-1002411009-2013-02-01,warranty,true,2,1 ARCADIA CT BURR RIDGE IL 60521,,,,,30056.399999999998,
dupage,1001209012,2020-12-01,1200893.0,DGT-1001209012-2020-12-01,warranty,true,2,6 SHENANDOAH CT BURR RIDGE IL 60527,,,,,23958.000000000004,
dupage,1001210005,2015-05-01,1219900.0,DGT-1001210005-2015-05-01,warranty,true,2,3 SHENANDOAH CT BURR RIDGE IL 60527,,,,,29185.2,
dupage,1001300006,2020-04-01,504000.0,DGT-1001300006-2020-04-01,warranty,true,2,10S420 GLENN DR BURR RIDGE IL 60527,,,,,20473.199999999997,
dupage,1001301013,2019-06-01,395000.0,DGT-1001301013-2019-06-01,warranty,true,2,10S550 GLENN DR BURR RIDGE IL 60527,,,,,20037.600000000002,
dupage,1001302058,2019-03-01,570000.0,DGT-1001302058-2019-03-01,warranty,true,2,134 CIRCLE RIDGE DR BURR RIDGE IL 60527,,,,,20037.600000000002,
dupage,1001302073,2017-08-01,605000.0,DGT-1001302073-2017-08-01,warranty,true,2,9101 DEVON RIDGE DR BURR RIDGE IL 60527,,,,,22215.600000000002,
dupage,1001403002,2016-12-01,700000.0,DGT-1001403002-2016-12-01,warranty,true,2,9141 DREW AVE BURR RIDGE IL 60527,,,,,27442.8,
dupage,1011207008,2018-06-01,975000.0,DGT-1011207008-2018-06-01,warranty,true,2,9640 PACIFIC CT BURR RIDGE IL 60527,,,,,27878.4,
dupage,1011207010,2020-11-01,119000.0,DGT-1011207010-2020-11-01,warranty,true,2,9680 PACIFIC CT BURR RIDGE IL 60527,,,,,30056.399999999998,
dupage,1001308007,2016-01-01,360000.0,DGT-1001308007-2016-01-01,warranty,true,2,9 BEL AIRE CT BURR RIDGE IL 60521,,,,,4791.6,
dupage,1001308042,2016-10-01,475000.0,DGT-1001308042-2016-10-01,warranty,true,2,31 PIN OAK CT BURR RIDGE IL 60527,,,,,3920.3999999999996,
dupage,1001406002,2020-12-01,412000.0,DGT-1001406002-2020-12-01,warranty,true,2,1 BEL AIRE CT BURR RIDGE IL 60527,,,,,3484.8,
dupage,1001406017,2016-12-01,425000.0,DGT-1001406017-2016-12-01,warranty,true,2,23 RODEO DR BURR RIDGE IL 60527,,,,,3920.3999999999996,
dupage,0913300009,2016-06-28,1050000.0,DPSOA-64822,warranty,true,2,6100 S MADISON ST BURR RIDGE IL 60527,,,,,103237.20000000001,
dupage,0913301038,2019-10-24,845000.0,DPSOA-97451,warranty,true,2,529 60TH PL BURR RIDGE IL 60527,,,,,14374.800000000001,
dupage,0913302016,2014-04-10,869000.0,DPSOA-29443,other,false,2,540 60TH PL BURR RIDGE IL 60527,,,,,15681.599999999999,
dupage,0913303011,2020-04-30,475000.0,DPSOA-42550,warranty,true,2,6S740 GARFIELD AVE BURR RIDGE IL 60527,,,,,56192.4,
dupage,0913303019,2016-03-28,1285000.0,DPSOA-28913,warranty,true,2,15W556 63RD ST BURR RIDGE IL 60527,,,,,31363.199999999997,
dupage,0913306004,2005-01-05,1780000.0,DPSOA-3240,warranty,true,2,6206 WILDWOOD LN BURR RIDGE IL 60527,,,,,20473.199999999997,
dupage,0913308020,2016-09-22,1180000.0,DPSOA-102619,warranty,true,2,8 ANDREW CT BURR RIDGE IL 60527,,,,,15245.999999999998,
dupage,0913401006,2014-01-16,1415000.0,DPSOA-4892,warranty,true,2,6055 S GARFIELD AVE BURR RIDGE IL 60521,,,,,22215.600000000002,
dupage,0913401016,2000-11-06,690000.0,DPSOA-173566,warranty,true,2,6012 SEDGLEY CT BURR RIDGE IL 60527,,,,,20473.199999999997,
dupage,0913403024,2001-08-07,765000.0,DPSOA-163964,warranty,true,2,6100 S ELM ST BURR RIDGE IL 60521,,,,,21344.399999999998,
dupage,0913406015,2003-12-09,725000.0,DPSOA-464807,other,false,2,15W175 SEDGLEY RD BURR RIDGE IL 60527,,,,,41382.0,
dupage,0913407007,2015-08-10,875000.0,DPSOA-88311,other,false,2,22 WOODGATE DR BURR RIDGE IL 60527,,,,,24393.600000000002,
dupage,0913407017,2018-08-30,890000.0,DPSOA-81854,other,false,2,605 BURR RIDGE CLUB BURR RIDGE IL 60527,,,,,8276.4,
dupage,0913408033,2011-01-19,600000.0,DPSOA-10303,warranty,true,2,103 BURR RIDGE CLUB BURR RIDGE IL 60521,,,,,7840.799999999999,
dupage,0913408039,2006-01-10,1575000.0,DPSOA-5871,warranty,true,2,1205 BURR RIDGE CLUB BURR RIDGE IL 60527,,,,,7840.799999999999,
dupage,0913408045,2002-01-08,1495000.0,DPSOA-7429,warranty,true,2,1004 BURR RIDGE CLUB BURR RIDGE IL 60527,,,,,7840.799999999999,
dupage,0913409012,2006-01-11,1375000.0,DPSOA-7007,other,false,2,1402 BURR RIDGE CLUB BURR RIDGE IL 60527,,,,,9147.6,
dupage,0924200112,2012-11-21,360000.0,DPSOA-165551,other,false,2,205 DARTMOUTH CT BURR RIDGE IL 60527,,,,,20037.600000000002,
dupage,0924201026,2012-04-30,2900000.0,DPSOA-55146,warranty,true,2,89 S CABERNET CT BURR RIDGE IL 60527,,,,,45302.4,
dupage,0924203001,2006-01-17,1100000.0,DPSOA-9428,warranty,true,2,6743 FIELDSTONE DR BURR RIDGE IL 60527,,,,,20037.600000000002,
dupage,0924203007,2003-07-07,853125.0,DPSOA-257404,warranty,true,2,6719 FIELDSTONE DR BURR RIDGE IL 60527,,,,,19166.4,
dupage,0924206014,2020-06-29,680000.0,DPSOA-67340,warranty,true,2,505 KENMARE DR BURR RIDGE IL 60527,,,,,6969.6,
dupage,0924207020,2013-11-25,550000.0,DPSOA-159485,warranty,true,2,806 KENMARE DR BURR RIDGE IL 60521,,,,,7405.200000000001,
dupage,0924309013,2011-08-10,960000.0,DPSOA-94152,other,false,2,7033 HIGH GROVE BLVD BURR RIDGE IL 60527,,,,,57934.8,
dupage,0924401009,2020-07-30,1150000.0,DPSOA-81595,warranty,true,2,6706 FIELDSTONE DR BURR RIDGE IL 60527,,,,,26571.6,
dupage,0924401014,2011-08-25,830000.0,DPSOA-100245,warranty,true,2,6825 FIELDSTONE DR BURR RIDGE IL 60527,,,,,27007.2,
dupage,0924401019,2000-07-13,300000.0,DPSOA-106245,warranty,true,2,6851 FIELDSTONE DR BURR RIDGE IL 60521,,,,,23086.800000000003,
dupage,0924402011,2005-08-25,1180000.0,DPSOA-185922,warranty,true,2,6923 FIELDSTONE DR BURR RIDGE IL 60527,,,,,20473.199999999997,
dupage,0925104014,2000-04-19,265000.0,DPSOA-55876,warranty,true,2,15W731 74TH ST HINSDALE IL 60521,,,,,24393.600000000002,
dupage,0925108046,2012-03-27,442500.0,DPSOA-39458,warranty,true,2,15W668 75TH ST BURR RIDGE IL 60527,,,,,16552.8,
dupage,0925108047,2009-12-08,600000.0,DPSOA-183066,other,false,2,15W676 75TH ST BURR RIDGE IL 60521,,,,,19166.4,
dupage,0925111061,2008-12-03,295000.0,DPSOA-172545,warranty,true,2,7208 CHESTNUT HILL DR BURR RIDGE IL 60527,,,,,15245.999999999998,
dupage,0925205002,2001-07-30,400000.0,DPSOA-156848,warranty,true,2,7319 GARFIELD AVE BURR RIDGE IL 60521,,,,,12632.4,
dupage,0925301004,2004-09-02,2650000.0,DPSOA-232493,warranty,true,2,15W580 N FRONTAGE RD BURR RIDGE IL 60527,,,,,219978.0,
dupage,0925405011,2006-05-05,985000.0,DPSOA-83818,warranty,true,2,119 79TH ST BURR RIDGE IL 60527,,,,,40075.200000000004,
dupage,0935203004,2013-04-24,1500000.0,DPSOA-59797,other,false,2,60 SHORE DR BURR RIDGE IL 60527,,,,,44866.8,
dupage,0935205011,2019-05-24,1050000.0,DPSOA-40529,other,false,2,16W070 83RD ST BURR RIDGE IL 60527,,,,,34848.0,
dupage,0936100007,2014-10-20,195000.0,DPSOA-98208,other,false,2,15W719 79TH ST BURR RIDGE IL 60521,,,,,21780.0,
dupage,0936102002,2015-03-16,227000.0,DPSOA-25473,other,false,2,9S227 MADISON AVE BURR RIDGE IL 60527,,,,,25700.399999999998,
dupage,0936104038,2017-07-24,517000.0,DPSOA-74519,warranty,true,2,18 PINE TREE LN BURR RIDGE IL 60527,,,,,3484.8,
dupage,0936104042,2009-02-02,475000.0,DPSOA-12184,other,false,2,10 PINE TREE LN BURR RIDGE IL 60527,,,,,3484.8,
dupage,0936104061,2002-04-10,539000.0,DPSOA-98865,warranty,true,2,59 PINE TREE LN BURR RIDGE IL 60521,,,,,3484.8,
dupage,0936105020,2009-02-11,1157000.0,DPSOA-18615,other,false,2,8150 LAKE RIDGE DR BURR RIDGE IL 60527,,,,,32234.399999999998,
dupage,0936107009,2020-07-27,500000.0,DPSOA-79822,warranty,true,2,8261 RIDGEPOINTE DR BURR RIDGE IL 60521,,,,,20037.600000000002,
dupage,0936109014,2002-04-12,580000.0,DPSOA-100592,other,false,2,14 LAKE RIDGE CLUB BURR RIDGE IL 60527,,,,,3920.3999999999996,
dupage,0936109016,2005-12-14,800000.0,DPSOA-275966,warranty,true,2,16 LAKE RIDGE CLUB BURR RIDGE IL 60527,,,,,3920.3999999999996,
dupage,0936109033,2004-03-22,645000.0,DPSOA-71804,warranty,true,2,33 LANCASTER CT BURR RIDGE IL 60527,,,,,3920.3999999999996,
dupage,0936109074,2006-08-30,750000.0,DPSOA-168380,warranty,true,2,541 81ST ST BURR RIDGE IL 60527,,,,,17424.0,
dupage,0936200033,2006-09-05,550000.0,DPSOA-170895,warranty,true,2,382 HIGHLAND CT WILLOWBROOK IL 60527,,,,,35719.2,
dupage,0936204021,2010-04-19,320000.0,DPSOA-50543,warranty,true,2,8218 PARK AVE BURR RIDGE IL 60527,,,,,16117.199999999999,
dupage,0936205007,2002-10-28,446250.0,DPSOA-287759,warranty,true,2,8223 S PARK AVE BURR RIDGE IL 60527,,,,,16117.199999999999,
dupage,0936206015,2007-04-18,625000.0,DPSOA-71383,warranty,true,2,8201 KATHRYN CT BURR RIDGE IL 60527,,,,,17859.6,
dupage,0936208001,2018-05-01,735000.0,DPSOA-37657,other,false,1,8001 DREW AVE BURR RIDGE IL 60527,,,,,108900.0,
dupage,0936209018,2013-04-19,135000.0,DPSOA-57434,other,false,2,"8098 GARFIELD AVE # 5-2 BURR RIDGE IL 60527",,,,,235659.6,
dupage,0936209024,2016-07-15,166500.0,DPSOA-72699,warranty,true,2,"8082 GARFIELD AVE # 6-4 BURR RIDGE IL 60521",,,,,235659.6,
dupage,0936300023,2019-09-03,435000.0,DPSOA-76559,warranty,true,2,628 CAMELOT DR BURR RIDGE IL 60527,,,,,19166.4,
dupage,0936301029,2014-08-08,1350000.0,DPSOA-70615,warranty,true,2,114 KRAML DR BURR RIDGE IL 60527,,,,,27878.4,
dupage,0936302012,2016-05-03,445000.0,DPSOA-42538,warranty,true,2,8460 CLYNDERVEN RD BURR RIDGE IL 60527,,,,,12632.4,
dupage,0936302017,2013-06-18,430000.0,DPSOA-88148,warranty,true,2,8461 CANTERBERRY DR BURR RIDGE IL 60521,,,,,18730.8,
dupage,0936303006,2011-06-06,475000.0,DPSOA-67740,other,false,2,461 KIRKWOOD COVE BURR RIDGE IL 60521,,,,,13068.0,
dupage,0936304001,2018-09-28,338000.0,DPSOA-91764,other,false,1,536 KIRKWOOD COVE BURR RIDGE IL 60527,,,,,13939.2,
dupage,0936304055,2017-11-03,560000.0,DPSOA-113742,warranty,true,2,8500 WALREDON AVE BURR RIDGE IL 60527,,,,,13939.2,
dupage,0936309026,2014-09-12,680000.0,DPSOA-83533,warranty,true,2,8600 DOLFOR COVE BURR RIDGE IL 60521,,,,,18730.8,
dupage,0936309035,2020-11-24,570000.0,DPSOA-143243,other,false,2,8661 DOLFOR CV BURR RIDGE IL 60527,,,,,13939.2,
dupage,0936309040,2002-09-12,538250.0,DPSOA-235594,warranty,true,2,460 PARKVIEW PL BURR RIDGE IL 60527,,,,,13939.2,
dupage,0936310008,2007-02-05,710000.0,DPSOA-22848,warranty,true,2,8460 KIMBERLY CT BURR RIDGE IL 60527,,,,,20908.8,
dupage,0936310013,2017-05-09,575000.0,DPSOA-44931,other,false,2,8485 KIMBERLY CT BURR RIDGE IL 60527,,,,,20473.199999999997,
dupage,0936312019,2012-11-21,1125000.0,DPSOA-165517,other,false,2,133 KRAML DR BURR RIDGE IL 60527,,,,,29620.800000000003,
dupage,0936403007,2000-09-20,340000.0,DPSOA-146012,warranty,true,2,300 TAMERTON PKWY BURR RIDGE IL 60521,,,,,16988.4,
dupage,0936403011,2010-04-19,422000.0,DPSOA-50129,other,false,2,8462 HEATHER CT BURR RIDGE IL 60527,,,,,18295.2,
dupage,0936403017,2002-06-07,452500.0,DPSOA-149787,warranty,true,2,8448 S PARK AVE BURR RIDGE IL 60521,,,,,16117.199999999999,
dupage,0936404035,2018-12-06,701000.0,DPSOA-112431,other,false,2,2 DEER PATH TRL BURR RIDGE IL 60527,,,,,79279.2,
dupage,0936406001,2012-03-29,550000.0,DPSOA-40710,warranty,true,2,332 LAKEWOOD CIR BURR RIDGE IL 60527,,,,,23086.800000000003,
dupage,0936407023,2016-01-21,2050000.0,DPSOA-6644,warranty,true,2,8601 WEDGEWOOD DR BURR RIDGE IL 60527,,,,,57934.8,
dupage,1001100035,2020-06-17,1105000.0,DPSOA-62718,warranty,true,2,15W760 89TH ST BURR RIDGE IL 60527,,,,,31798.8,
dupage,1001104023,2016-12-20,1250000.0,DPSOA-141055,warranty,true,2,15W599 89TH ST BURR RIDGE IL 60527,,,,,107157.59999999999,
dupage,1001106009,2016-02-10,507000.0,DPSOA-13050,other,false,2,541 DEVON DR BURR RIDGE IL 60521,,,,,20908.8,
dupage,1001203013,2017-12-19,525000.0,DPSOA-129553,warranty,true,2,221 DEVON DR BURR RIDGE IL 60527,,,,,24829.199999999997,
dupage,1001203021,2019-07-17,555000.0,DPSOA-58468,executor,false,2,3 HANOVER CT BURR RIDGE IL 60527,,,,,20037.600000000002,
dupage,1001207016,2007-04-30,985000.0,DPSOA-79786,warranty,true,2,6 TORI CT BURR RIDGE IL 60527,,,,,26571.6,
dupage,1001207071,2017-07-11,820000.0,DPSOA-69066,other,false,2,160 GLENMORA DR BURR RIDGE IL 60527,,,,,22215.600000000002,
dupage,1001210005,2015-05-22,1219900.0,DPSOA-54442,other,false,2,3 SHENANDOAH CT BURR RIDGE IL 60527,,,,,29185.2,
dupage,1001301013,2019-06-24,395000.0,DPSOA-50251,warranty,true,2,10S550 GLENN DR BURR RIDGE IL 60527,,,,,20037.600000000002,
dupage,1001301019,2002-02-15,623500.0,DPSOA-48675,warranty,true,2,10S650 GLENN DR BURR RIDGE IL 60521,,,,,20908.8,
dupage,1001302001,2000-06-22,300000.0,DPSOA-94941,warranty,true,2,10S415 GLENN DR BURR RIDGE IL 60527,,,,,21344.399999999998,
dupage,1001302058,2019-03-08,570000.0,DPSOA-17016,warranty,true,2,134 CIRCLE RIDGE DR BURR RIDGE IL 60527,,,,,20037.600000000002,
dupage,1001302073,2017-09-06,605000.0,DPSOA-92032,warranty,true,2,9101 DEVON RIDGE DR BURR RIDGE IL 60527,,,,,22215.600000000002,
dupage,1001307003,2011-03-09,555000.0,DPSOA-33836,warranty,true,2,113 CIRCLE RIDGE DR BURR RIDGE IL 60527,,,,,20473.199999999997,
dupage,1001308007,2001-03-06,490000.0,DPSOA-37003,other,false,2,9 BEL AIRE CT BURR RIDGE IL 60521,,,,,4791.6,
dupage,1001403002,2016-12-29,700000.0,DPSOA-144235,other,false,2,9141 DREW AVE BURR RIDGE IL 60527,,,,,27442.8,
dupage,1001406006,2006-08-25,575000.0,DPSOA-165079,other,false,2,15 LAUREL OAK CT BURR RIDGE IL 60527,,,,,2613.6,
dupage,1001406010,2004-06-03,670000.0,DPSOA-147433,warranty,true,2,30 PIN OAK CT BURR RIDGE IL 60527,,,,,3484.8,
dupage,1002401017,2006-03-23,460000.0,DPSOA-53799,warranty,true,2,16W360 93RD PL BURR RIDGE IL 60527,,,,,13939.2,
dupage,1002401019,2020-11-17,689000.0,DPSOA-137925,warranty,true,2,16W380 93RD PL BURR RIDGE IL 60527,,,,,1393920.0,
dupage,1002403011,2017-05-17,249000.0,DPSOA-48144,warranty,true,2,16W281 94TH ST BURR RIDGE IL 60527,,,,,14810.400000000001,
dupage,1002403023,2008-06-05,300000.0,DPSOA-91113,warranty,true,2,16W310 94TH PL BURR RIDGE IL 60527,,,,,11325.6,
dupage,1002404003,2000-04-25,244125.0,DPSOA-59198,warranty,true,2,16W361 94TH PL BURR RIDGE IL 60527,,,,,11325.6,
dupage,1002405005,2005-12-08,350000.0,DPSOA-272480,warranty,true,2,10S681 OAK HILL CT BURR RIDGE IL 60527,,,,,24393.600000000002,
dupage,1002408005,2001-01-17,300000.0,DPSOA-9574,warranty,true,2,4 CASCADE CT E BURR RIDGE IL 60521,,,,,21344.399999999998,
dupage,1002410011,2012-10-04,1070000.0,DPSOA-138543,warranty,true,2,9283 FALLINGWATER DR BURR RIDGE IL 60527,,,,,42688.799999999996,
dupage,1002411006,2002-07-01,312500.0,DPSOA-169897,warranty,true,2,7 ARCADIA CT BURR RIDGE IL 60527,,,,,30056.399999999998,
dupage,1002411009,2013-03-01,990000.0,DPSOA-32382,other,false,2,1 ARCADIA CT BURR RIDGE IL 60521,,,,,30056.399999999998,
dupage,1011206002,2017-06-30,870000.0,DPSOA-65571,other,false,2,9500 FALLING WATERS DR E BURR RIDGE IL 60527,,,,,33976.8,
dupage,1011207008,2018-07-17,975000.0,DPSOA-65739,other,false,2,9640 PACIFIC CT BURR RIDGE IL 60527,,,,,27878.4,
dupage,1011207010,2020-11-23,119000.0,DPSOA-141870,warranty,true,2,9680 PACIFIC CT BURR RIDGE IL 60527,,,,,30056.399999999998,
dupage,1011207011,2001-11-07,210000.0,DPSOA-241909,other,false,2,9700 PACIFIC CT BURR RIDGE IL 60527,,,,,36590.4,
dupage,1011207018,2015-01-13,1625000.0,DPSOA-3237,warranty,true,2,9555 PACIFIC CT BURR RIDGE IL 60527,,,,,30491.999999999996,
dupage,1002404009,2015-05-29,176000.0,R2015-065935,warranty,false,1,16W311 94TH PL BURR RIDGE IL 60527,,,,,11325.6,
dupage,1011201002,2016-01-19,231000.0,R2016-010298,warranty,true,2,16W361 95TH PL BURR RIDGE IL 60527,,,,,11325.6,
dupage,0936406003,2016-04-04,400000.0,R2016-039706,trustee,false,2,8533 HEATHER DR BURR RIDGE IL 60527,,,,,18730.8,
dupage,0936209036,2016-04-28,165000.0,R2016-043939,warranty,true,2,"8078 GARFIELD AVE # 4 BURR RIDGE IL 60527",,,,,235659.6,
dupage,0913408020,2016-05-02,1000000.0,R2016-050779,warranty,true,2,401 BURR RIDGE CLUB BURR RIDGE IL 60527,,,,,9583.2,
dupage,1002409029,2016-05-11,1450000.0,R2016-056046,warranty,true,2,9465 FALLING WATERS W BURR RIDGE IL 60527,,,,,28749.600000000002,
dupage,1001104022,2016-07-25,520995.0,R2016-077583,warranty,false,1,9075 TURNBERRY DR BURR RIDGE IL 60527,,,,,27878.4,
dupage,0936209047,2016-07-29,165000.0,R2016-099088,trustee,false,2,"7998 GARFIELD AVE # 12-3 BURR RIDGE IL 60527",,,,,235659.6,
dupage,0936304043,2018-04-24,515000.0,R2018-039636,warranty,true,2,8513 CLYNDERVEN RD BURR RIDGE IL 60527,,,,,13939.2,
dupage,0936107002,2018-06-14,250000.0,R2018-054531,quit_claim,false,2,8121 RIDGEPOINT DR BURR RIDGE IL 60527,,,,,20037.600000000002,
dupage,1001302001,2018-09-13,419000.0,R2018-088498,warranty,true,2,10S415 GLENN DR BURR RIDGE IL 60527,,,,,21344.399999999998,
dupage,0925400003,2018-09-28,275000.0,R2018-094924,warranty,true,2,7512 HAMILTON AVE BURR RIDGE IL 60527,,,,,100187.99999999999,
dupage,1001308005,2018-12-05,395000.0,R2019-003425,trustee,false,2,7 BEL AIRE CT BURR RIDGE IL 60527,,,,,3920.3999999999996,
dupage,0925111025,2019-04-15,300000.0,R2019-037651,warranty,true,2,7215 CHESTNUT HILLS BURR RIDGE IL 60527,,,,,36590.4,
dupage,0925207004,2019-06-17,219000.0,R2019-065431,warranty,true,2,7349 S PARK AVE BURR RIDGE IL 60527,,,,,13068.0,
dupage,0936205008,2019-06-21,475000.0,R2019-053854,trustee,false,2,8206 KATHRYN CT BURR RIDGE IL 60527,,,,,16117.199999999999,
dupage,0925102011,2019-07-02,284000.0,R2019-056820,warranty,true,2,15W776 74TH ST BURR RIDGE IL 60527,,,,,19602.0,
dupage,0935402040,2019-08-15,900000.0,R2019-076870,trustee,false,2,8525 TIMBER RIDGE DR BURR RIDGE IL 60527,,,,,21344.399999999998,
dupage,0925111038,2019-09-30,399000.0,R2019-096314,warranty,true,2,119 CHESTNUT HILLS BURR RIDGE IL 60527,,,,,18295.2,
dupage,0913408036,2019-10-09,900000.0,R2019-094572,trustee,false,2,1204 BURR RIDGE CLB BURR RIDGE IL 60527,,,,,9147.6,
dupage,0936200042,2019-11-04,479000.0,R2019-107046,warranty,true,2,7902 HAMILTON AVE BURR RIDGE IL 60527,,,,,40510.8,
dupage,0936200013,2020-07-01,330000.0,R2020-088634,trustee,false,2,7912 S GARFIELD AVE BURR RIDGE IL 60527,,,,,1306.8,
dupage,0913408037,2020-07-20,1725000.0,R2020-100678,trustee,false,2,1003 BURR RIDGE CLUB BURR RIDGE IL 60521,,,,,8276.4,
dupage,0936209053,2020-08-28,260000.0,R2020-111335,warranty,true,2,"7990 S GARFIELD AVE # 14-1 BURR RIDGE IL 60527",,,,,235659.6,
dupage,1001106023,2020-09-10,680000.0,R2020-125536,warranty,true,2,6 TODOR CT BURR RIDGE IL 60527,,,,,23086.800000000003,
dupage,0925108043,2020-10-23,630000.0,R2020-131951,warranty,true,2,15W636 75TH ST BURR RIDGE IL 60527,,,,,16552.8,
dupage,0936312008,2020-12-18,1280000.0,R2021-027425,warranty,true,2,3 ROANOKE CT BURR RIDGE IL 60527,,,,,32234.399999999998,
dupage,0936104032,2025-01-09,585000.0,R2025-003580,warranty,true,2,30 PINE TREE LN BURR RIDGE IL 60527,,,,,3484.8,
dupage,0936109048,2025-07-06,0.0,DECL-20250702228730,other,false,1,48 CHESTERFIELD CT BURR RIDGE IL 60527,,,,,3920.3999999999996,
dupage,0936109020,2025-07-15,882000.0,R2025-054553,warranty,true,2,20 LAKE RIDGE CT BURR RIDGE IL 60527,,,,,3920.3999999999996,
dupage,0936109020,2025-08-07,882000.0,DECL-20250702233106,warranty,true,2,20 LAKE RIDGE CT BURR RIDGE IL 60527,,,,,3920.3999999999996,
dupage,0925211023,2025-08-22,443000.0,R2025-059940,warranty,true,2,121 W 75TH ST BURR RIDGE IL 60527,,,,,30056.399999999998,
dupage,0925211023,2025-08-22,443000.0,DECL-20250902277839,warranty,true,2,121 W 75TH ST BURR RIDGE IL 60527,,,,,30056.399999999998,
dupage,0925211023,2025-08-27,443000.0,DECL-20250902277839,warranty,true,2,121 W 75TH ST BURR RIDGE IL 60527,,,,,30056.399999999998,
dupage,0913300015,2025-12-04,3500000.0,R2026-014098,trustee,false,2,6221 S MADISON ST BURR RIDGE IL 60527,,,,,206038.80000000002,
dupage,1001104022,2016-06-01,520995.0,DGT-1001104022-2016-06-01,warranty,true,2,9075 TURNBERRY DR BURR RIDGE IL 60527,,,,,27878.4,
dupage,1001106023,2020-09-01,680000.0,DGT-1001106023-2020-09-01,warranty,true,2,6 TODOR CT BURR RIDGE IL 60527,,,,,23086.800000000003,
dupage,1002402006,2014-01-01,210000.0,DGT-1002402006-2014-01-01,warranty,true,2,16W351 93RD PL BURR RIDGE IL 60527,,,,,11325.6,
dupage,1002404009,2015-05-01,176000.0,DGT-1002404009-2015-05-01,warranty,true,2,16W311 94TH PL BURR RIDGE IL 60527,,,,,11325.6,
dupage,1002409029,2016-05-01,1450000.0,DGT-1002409029-2016-05-01,warranty,true,2,9465 FALLING WATERS W BURR RIDGE IL 60527,,,,,28749.600000000002,
dupage,1002211002,2018-06-01,1980000.0,DGT-1002211002-2018-06-01,warranty,true,2,16W122 91ST ST BURR RIDGE IL 60527,,,,,217800.0,
dupage,1001302001,2018-09-01,419000.0,DGT-1001302001-2018-09-01,warranty,true,2,10S415 GLENN DR BURR RIDGE IL 60527,,,,,21344.399999999998,
dupage,1001307018,2015-10-01,635000.0,DGT-1001307018-2015-10-01,warranty,true,2,159 CIRCLE RIDGE DR BURR RIDGE IL 60527,,,,,20473.199999999997,
dupage,1001401030,2015-07-01,685000.0,DGT-1001401030-2015-07-01,warranty,true,2,9230 FOREST EDGE DR BURR RIDGE IL 60527,,,,,28749.600000000002,
dupage,1001401043,2016-01-01,1148000.0,DGT-1001401043-2016-01-01,warranty,true,2,265 FOREST EDGE CT BURR RIDGE IL 60527,,,,,33105.6,
dupage,1011207018,2014-12-01,1625000.0,DGT-1011207018-2014-12-01,warranty,true,2,9555 PACIFIC CT BURR RIDGE IL 60527,,,,,30491.999999999996,
dupage,1001308005,2018-12-01,395000.0,DGT-1001308005-2018-12-01,warranty,true,2,7 BEL AIRE CT BURR RIDGE IL 60527,,,,,3920.3999999999996,
dupage,0913300092,2001-06-29,308672.0,DPSOA-131383,other,false,2,685 GRANT CT BURR RIDGE IL 60527,,,,,20037.600000000002,
dupage,0913301047,2002-07-11,860000.0,DPSOA-178750,warranty,true,2,6026 WOODCREEK DR BURR RIDGE IL 60527,,,,,16117.199999999999,
dupage,0913301055,2001-05-15,475000.0,DPSOA-91395,warranty,true,2,6001 S GRANT ST BURR RIDGE IL 60527,,,,,29185.2,
dupage,0913302034,2008-01-22,1199000.0,DPSOA-10332,warranty,true,2,18 RIDGE FARM RD BURR RIDGE IL 60527,,,,,23086.800000000003,
dupage,0913303008,2003-10-14,395000.0,DPSOA-394860,other,false,2,15W445 62ND ST BURR RIDGE IL 60527,,,,,15681.599999999999,
dupage,0913303018,2010-04-23,780000.0,DPSOA-53334,warranty,true,2,15W535 62ND ST BURR RIDGE IL 60527,,,,,60548.399999999994,
dupage,0913308013,2003-02-20,1005000.0,DPSOA-68062,other,false,2,3 ANDREW CT BURR RIDGE IL 60527,,,,,14810.400000000001,
dupage,0913401021,2012-12-05,785000.0,DPSOA-171722,warranty,true,2,6031 S GARFIELD AVE BURR RIDGE IL 60527,,,,,29185.2,
dupage,0913404009,2015-05-29,325000.0,DPSOA-56870,other,false,2,6230 S ELM ST BURR RIDGE IL 60527,,,,,18295.2,
dupage,0913407018,2014-08-08,625000.0,DPSOA-70612,other,false,2,503 BURR RIDGE CLB BURR RIDGE IL 60527,,,,,8276.4,
dupage,0913408019,2013-07-15,550000.0,DPSOA-102266,other,false,2,404 BURR RIDGE CLUB BURR RIDGE IL 60527,,,,,6534.0,
dupage,0913408020,2016-05-24,1000000.0,DPSOA-50779,warranty,true,2,401 BURR RIDGE CLUB BURR RIDGE IL 60527,,,,,9583.2,
dupage,0913408031,2016-11-08,1119000.0,DPSOA-123794,warranty,true,2,303 BURR RIDGE CLUB BURR RIDGE IL 60527,,,,,19602.0,
dupage,0913408047,2016-05-23,880000.0,DPSOA-49882,other,false,2,1207 BURR RIDGE CLUB BURR RIDGE IL 60527,,,,,6969.6,
dupage,0913409005,2015-06-26,955000.0,DPSOA-69227,other,false,2,1101 BURR RIDGE CLUB BURR RIDGE IL 60521,,,,,9583.2,
dupage,0924200036,2008-03-05,1750000.0,DPSOA-35417,warranty,true,2,15W220 PLAINFIELD RD BURR RIDGE IL 60527,,,,,18730.8,
dupage,0924200101,2004-07-16,2275000.0,DPSOA-191047,other,false,2,201 ELM CT BURR RIDGE IL 60527,,,,,23522.4,
dupage,0924200106,2013-05-30,420000.0,DPSOA-78285,other,false,2,250 DARTMOUTH CT BURR RIDGE IL 60527,,,,,20037.600000000002,
dupage,0924201022,2008-12-12,1500000.0,DPSOA-176795,warranty,true,2,6575 S ELM ST BURR RIDGE IL 60527,,,,,41817.6,
dupage,0924203002,2018-11-28,890000.0,DPSOA-109930,warranty,true,2,6739 FIELDSTONE DR BURR RIDGE IL 60527,,,,,20037.600000000002,
dupage,0924209008,2014-08-19,725000.0,DPSOA-74824,other,false,2,1202 KENMARE DR BURR RIDGE IL 60527,,,,,6098.400000000001,
dupage,0924307011,2001-05-23,601000.0,DPSOA-98373,warranty,true,2,4 MALLORY CT BURR RIDGE IL 60527,,,,,20473.199999999997,
dupage,0924404005,2012-03-02,6650000.0,DPSOA-28036,warranty,true,2,7020 COUNTY LN RD BURR RIDGE IL 60521,,,,,66211.2,
dupage,0924405011,2020-02-28,725000.0,DPSOA-20410,warranty,true,2,6842 FIELDSTONE DR BURR RIDGE IL 60527,,,,,21344.399999999998,
dupage,0924405031,2013-12-17,13700000.0,DPSOA-166119,warranty,true,2,FRONTAGE RD BURR RIDGE IL 60527,,,,,138956.4,
dupage,0924408003,2007-09-25,450000.0,DPSOA-177494,warranty,true,2,"7055 VETERANS BLVD # C BURR RIDGE IL 60527",,,,,36154.799999999996,
dupage,0925104001,2007-04-10,515000.0,DPSOA-66056,warranty,true,2,15W761 74TH ST BURR RIDGE IL 60527,,,,,15245.999999999998,
dupage,0925107053,2005-04-28,370000.0,DPSOA-87151,other,false,2,12 NORMANDEE CT BURR RIDGE IL 60527,,,,,21344.399999999998,
dupage,0925108043,2020-11-06,630000.0,DPSOA-131951,warranty,true,2,15W636 75TH ST BURR RIDGE IL 60527,,,,,16552.8,
dupage,0925111009,2008-04-08,339500.0,DPSOA-56653,warranty,true,2,7326 CHESTNUT HILLS BURR RIDGE IL 60527,,,,,27007.2,
dupage,0925111025,2019-05-16,300000.0,DPSOA-37651,warranty,true,2,7215 CHESTNUT HILLS BURR RIDGE IL 60527,,,,,36590.4,
dupage,0925111038,2019-10-22,399000.0,DPSOA-96314,warranty,true,2,119 CHESTNUT HILLS BURR RIDGE IL 60527,,,,,18295.2,
dupage,0925111065,2010-05-14,310000.0,DPSOA-62820,other,false,2,131 CHESTNUT HILLS BURR RIDGE IL 60527,,,,,19602.0,
dupage,0925304013,2005-02-17,335000.0,DPSOA-33731,warranty,true,2,7738 S GRANT ST BURR RIDGE IL 60527,,,,,108464.40000000001,
dupage,0925400003,2018-10-09,275000.0,DPSOA-94924,warranty,true,2,7512 HAMILTON AVE BURR RIDGE IL 60527,,,,,100187.99999999999,
dupage,0925404009,2006-03-21,570000.0,DPSOA-51077,other,false,2,200 77TH ST BURR RIDGE IL 60527,,,,,40510.8,
dupage,0935203022,2000-03-16,1043000.0,DPSOA-38136,other,false,2,16W211 S FRONTAGE RD BURR RIDGE IL 60527,,,,,57499.200000000004,
dupage,0935402040,2019-09-04,900000.0,DPSOA-76870,other,false,2,8525 TIMBER RIDGE DR BURR RIDGE IL 60527,,,,,21344.399999999998,
dupage,0936102011,2012-11-06,300000.0,DPSOA-156589,warranty,true,2,15W661 81ST ST BURR RIDGE IL 60527,,,,,37897.2,
dupage,0936107002,2018-06-15,250000.0,DPSOA-54531,quit_claim,false,2,8121 RIDGEPOINT DR BURR RIDGE IL 60527,,,,,20037.600000000002,
dupage,0936109032,2017-06-26,580000.0,DPSOA-63429,other,false,2,32 LANCASTER CT BURR RIDGE IL 60527,,,,,3920.3999999999996,
dupage,0936200013,2020-08-13,330000.0,DPSOA-88634,other,false,2,7912 S GARFIELD AVE BURR RIDGE IL 60527,,,,,1306.8,
dupage,0936200042,2019-11-19,479000.0,DPSOA-107046,warranty,true,2,7902 HAMILTON AVE BURR RIDGE IL 60527,,,,,40510.8,
dupage,0936202002,2006-12-19,635000.0,DPSOA-243638,other,false,2,120 79TH ST BURR RIDGE IL 60527,,,,,59677.200000000004,
dupage,0936203010,2016-05-05,530000.0,DPSOA-43349,warranty,true,2,8206 GARFIELD AVE BURR RIDGE IL 60521,,,,,16117.199999999999,
dupage,0936205008,2019-07-03,475000.0,DPSOA-53854,other,false,2,8206 KATHRYN CT BURR RIDGE IL 60527,,,,,16117.199999999999,
dupage,0936206004,2003-10-21,566250.0,DPSOA-404375,warranty,true,2,8107 S PARK AVE BURR RIDGE IL 60527,,,,,23958.000000000004,
dupage,0936209025,2017-09-11,150000.0,DPSOA-93451,warranty,true,2,"8086 GARFIELD AVE # 7-1 BURR RIDGE IL 60527",,,,,235659.6,
dupage,0936209026,2015-01-26,165000.0,DPSOA-7662,warranty,true,2,"8086 GARFIELD AVE # 7-2 BURR RIDGE IL 60521",,,,,235659.6,
dupage,0936209029,2008-11-19,185000.0,DPSOA-168025,other,false,2,"8074 S GARFIELD AVE # 8-1 BURR RIDGE IL 60527",,,,,235659.6,
dupage,0936209032,2005-08-11,234500.0,DPSOA-173613,warranty,true,2,"8074 GARFIELD AVE # 8-4 BURR RIDGE IL 60527",,,,,235659.6,
dupage,0936209039,2012-05-24,140000.0,DPSOA-66605,other,false,2,"8070 S GARFIELD AVE # 10-3 BURR RIDGE IL 60527",,,,,235659.6,
dupage,0936209047,2016-09-15,165000.0,DPSOA-99088,other,false,2,"7998 GARFIELD AVE # 12-3 BURR RIDGE IL 60527",,,,,235659.6,
dupage,0936210003,2000-10-27,130500.0,DPSOA-168969,warranty,true,2,"7974 GARFIELD AVE # 103 BURR RIDGE IL 60527",,,,,72745.2,
dupage,0936210008,2009-03-10,203000.0,DPSOA-34466,warranty,true,2,"7970 GARFIELD AVE # 202 BURR RIDGE IL 60527",,,,,72745.2,
dupage,0936210012,2002-09-10,190000.0,DPSOA-233857,other,false,2,"7978 S GARFIELD AVE # 206 BURR RIDGE IL 60527",,,,,72745.2,
dupage,0936210015,2011-05-02,205000.0,DPSOA-54570,warranty,true,2,"7958 S GARFIELD AVE # 107 BURR RIDGE IL 60521",,,,,72745.2,
dupage,0936210024,2013-07-02,176000.0,DPSOA-96181,other,false,2,"7962 GARFIELD AVE # 210 BURR RIDGE IL 60527",,,,,72745.2,
dupage,0936300018,2000-06-02,515000.0,DPSOA-82505,warranty,true,2,688 CAMELOT DR BURR RIDGE IL 60527,,,,,20473.199999999997,
dupage,0936301028,2009-11-20,1750000.0,DPSOA-174375,warranty,true,2,2 SHILOH CT BURR RIDGE IL 60527,,,,,26571.6,
dupage,0936301032,2011-04-06,1375000.0,DPSOA-45363,warranty,true,2,108 KRAML DR BURR RIDGE IL 60527,,,,,23958.000000000004,
dupage,0936304009,2005-01-06,453000.0,DPSOA-4446,warranty,true,2,8461 CLYNDERVEN RD BURR RIDGE IL 60527,,,,,12196.800000000001,
dupage,0936304010,2003-09-12,526500.0,DPSOA-359558,other,false,2,8473 CLYNDERVEN RD BURR RIDGE IL 60527,,,,,12196.800000000001,
dupage,0936304043,2018-05-07,515000.0,DPSOA-39636,warranty,true,2,8513 CLYNDERVEN RD BURR RIDGE IL 60527,,,,,13939.2,
dupage,0936307001,2006-02-09,414000.0,DPSOA-25689,other,false,2,436 KIRKWOOD COVE BURR RIDGE IL 60527,,,,,15245.999999999998,
dupage,0936307008,2017-03-21,372000.0,DPSOA-27245,warranty,true,2,401 TAMERTON PKWY BURR RIDGE IL 60527,,,,,12632.4,
dupage,0936310002,2001-05-14,562500.0,DPSOA-89796,warranty,true,2,755 CAMBRIDGE DR BURR RIDGE IL 60527,,,,,20037.600000000002,
dupage,0936311021,2004-08-03,589900.0,DPSOA-207823,warranty,true,2,15W439 87TH ST BURR RIDGE IL 60527,,,,,15245.999999999998,
dupage,0936400035,2010-06-02,517000.0,DPSOA-70810,warranty,true,2,195 LAKEWOOD CIR BURR RIDGE IL 60527,,,,,21780.0,
dupage,0936404021,2004-10-29,760000.0,DPSOA-278112,warranty,true,2,66 DEER PATH TR BURR RIDGE IL 60521,,,,,20037.600000000002,
dupage,0936404023,2006-07-28,920000.0,DPSOA-145626,other,false,2,58 DEER PATH TR BURR RIDGE IL 60527,,,,,20037.600000000002,
dupage,0936406003,2016-04-26,400000.0,DPSOA-39706,other,false,2,8533 HEATHER DR BURR RIDGE IL 60527,,,,,18730.8,
dupage,1001103013,2020-01-06,875000.0,DPSOA-1566,warranty,true,2,15W696 90TH ST BURR RIDGE IL 60527,,,,,28749.600000000002,
dupage,1001104022,2016-07-27,520995.0,DPSOA-77583,other,false,1,9075 TURNBERRY DR BURR RIDGE IL 60527,,,,,27878.4,
dupage,1001200002,2012-06-20,915000.0,DPSOA-78839,warranty,true,2,15W351 87TH ST BURR RIDGE IL 60527,,,,,152460.0,
dupage,1001207027,2003-05-06,775000.0,DPSOA-171512,other,false,2,8940 ENCLAVE DR BURR RIDGE IL 60527,,,,,20908.8,
dupage,1001302005,2004-08-12,517000.0,DPSOA-216118,warranty,true,2,10S479 GLENN DR BURR RIDGE IL 60527,,,,,21344.399999999998,
dupage,1001302012,2004-09-20,385000.0,DPSOA-243982,warranty,true,2,10S607 GLENN DR BURR RIDGE IL 60527,,,,,22651.2,
dupage,1001302069,2001-05-25,885000.0,DPSOA-101201,other,false,2,156 CIRCLE RIDGE DR BURR RIDGE IL 60527,,,,,25264.8,
dupage,1001304014,2004-09-28,1065000.0,DPSOA-251805,warranty,true,2,105 OAK RIDGE DR W BURR RIDGE IL 60527,,,,,40075.200000000004,
dupage,1001307018,2010-03-01,620000.0,DPSOA-27271,warranty,true,2,159 CIRCLE RIDGE DR BURR RIDGE IL 60527,,,,,20473.199999999997,
dupage,1001401028,2012-06-06,190000.0,DPSOA-72100,warranty,false,1,9180 FOREST EDGE DR BURR RIDGE IL 60527,,,,,30927.6,
dupage,1001401035,2002-10-08,271400.0,DPSOA-264335,other,false,2,9265 FOREST EDGE LN BURR RIDGE IL 60527,,,,,23958.000000000004,
dupage,1001403012,2008-07-25,1100000.0,DPSOA-116721,warranty,true,2,15W081 91ST ST BURR RIDGE IL 60527,,,,,190357.2,
dupage,1002402006,2014-01-21,210000.0,DPSOA-5740,warranty,true,2,16W351 93RD PL BURR RIDGE IL 60527,,,,,11325.6,
dupage,1002404009,2015-06-19,176000.0,DPSOA-65935,other,false,1,16W311 94TH PL BURR RIDGE IL 60527,,,,,11325.6,
dupage,1002408013,2000-05-30,1100000.0,DPSOA-80108,other,false,2,9291 CASCADE CIR BURR RIDGE IL 60521,,,,,22651.2,
dupage,1002409029,2016-06-07,1450000.0,DPSOA-56046,warranty,true,2,9465 FALLING WATERS W BURR RIDGE IL 60527,,,,,28749.600000000002,
dupage,1001102004,2015-09-18,755000.0,R2015-109712,warranty,true,2,10S265 S VINE ST BURR RIDGE IL 60527,,,,,35719.2,
dupage,0925205004,2015-10-13,395000.0,R2015-119270,warranty,false,1,7339 GARFIELD AVE BURR RIDGE IL 60527,,,,,12632.4,
dupage,0936104059,2015-12-21,575000.0,R2016-000270,trustee,false,2,63 PINE TREE LN BURR RIDGE IL 60527,,,,,3484.8,
dupage,0924308008,2016-04-21,4125000.0,R2016-039699,warranty,true,2,7040 HIGH GROVE BLVD BURR RIDGE IL 60527,,,,,135036.0,
dupage,1002411010,2016-09-16,1100000.0,R2016-119026,trustee,false,2,9425 FALLINGWATER DR BURR RIDGE IL 60527,,,,,30056.399999999998,
dupage,0925401017,2016-11-09,962000.0,R2016-126629,warranty,true,2,7512 DREW AVE BURR RIDGE IL 60527,,,,,40510.8,
dupage,0936404039,2016-11-10,780000.0,R2016-125070,warranty,true,2,35 HIDDEN LAKE DR BURR RIDGE IL 60527,,,,,23958.000000000004,
dupage,0936307002,2017-03-09,485000.0,R2017-029227,trustee,false,2,424 KIRKWOOD CV BURR RIDGE IL 60527,,,,,12632.4,
dupage,0925111024,2017-06-19,365900.0,R2017-070382,warranty,true,2,107 CHESTNUT HILLS BURR RIDGE IL 60527,,,,,22651.2,
dupage,0936307002,2017-07-06,485000.0,R2017-076682,warranty,true,2,424 KIRKWOOD CV BURR RIDGE IL 60527,,,,,12632.4,
dupage,0936300027,2017-09-11,1423500.0,R2017-094936,trustee,false,2,8372 WATERVIEW CT BURR RIDGE IL 60521,,,,,39204.0,
dupage,0913400032,2017-12-08,1050000.0,R2017-126859,warranty,true,2,15W330 60TH ST BURR RIDGE IL 60527,,,,,28749.600000000002,
dupage,1002402019,2018-10-09,326000.0,R2018-099215,trustee,false,2,16W330 94TH ST BURR RIDGE IL 60527,,,,,11325.6,
dupage,0925404023,2018-11-28,626000.0,R2018-111353,warranty,true,2,7816 DREW AVE BURR RIDGE IL 60527,,,,,25700.399999999998,
dupage,0936109002,2019-01-23,435000.0,R2019-011063,warranty,false,1,2 BERKSHIRE LN BURR RIDGE IL 60527,,,,,3920.3999999999996,
dupage,0936109002,2019-01-30,435000.0,R2019-011062,warranty,true,2,2 BERKSHIRE LN BURR RIDGE IL 60527,,,,,3920.3999999999996,
dupage,0913408010,2019-03-13,1475000.0,R2019-022099,trustee,false,2,803 BURR RIDGE CLB BURR RIDGE IL 60527,,,,,8276.4,
dupage,0925304006,2019-04-18,302000.0,R2019-029240,other,false,2,7716 S GRANT ST BURR RIDGE IL 60527,,,,,108464.40000000001,
dupage,1001207025,2019-05-22,700000.0,R2019-041932,warranty,true,2,8960 ENCLAVE DR BURR RIDGE IL 60527,,,,,20473.199999999997,
dupage,0925111002,2019-05-31,375000.0,R2019-044480,other,false,2,7242 CHESTNUT HILLS BURR RIDGE IL 60527,,,,,22215.600000000002,
dupage,1001307005,2019-06-13,827000.0,R2019-047474,warranty,true,2,117 CIRCLE RIDGE DR BURR RIDGE IL 60527,,,,,20473.199999999997,
dupage,0936104040,2019-08-05,480000.0,R2019-071514,warranty,true,2,14 PINE TREE LN BURR RIDGE IL 60527,,,,,3484.8,
dupage,1001302028,2019-11-22,295518.0,R2019-110219,warranty,true,2,111 OAK RIDGE DR E BURR RIDGE IL 60527,,,,,46173.600000000006,
dupage,0913405023,2020-04-19,1425000.0,R2020-040472,trustee,false,1,15W030 60TH ST BURR RIDGE IL 60527,,,,,40510.8,
dupage,1001308027,2020-08-31,378500.0,R2020-098062,warranty,true,2,52 OAK CREEK DR BURR RIDGE IL 60527,,,,,2613.6,
dupage,0913408013,2020-10-26,1460000.0,R2020-154479,warranty,true,2,804 BURR RIDGE CLB BURR RIDGE IL 60527,,,,,7840.799999999999,
dupage,1001204010,2020-11-17,775000.0,R2020-154075,trustee,false,2,8801 WEDGEWOOD DR BURR RIDGE IL 60527,,,,,28749.600000000002,
dupage,0936209004,2020-12-30,170000.0,R2021-004694,trustee,false,2,"15W341 81ST ST # 1-4 BURR RIDGE IL 60527",,,,,235659.6,
dupage,0925405025,2025-07-02,360000.0,R2025-046681,warranty,true,2,7725 S DREW AVE BURR RIDGE IL 60527,,,,,25700.399999999998,
dupage,0925405025,2025-07-02,360000.0,DECL-20250702230634,warranty,true,2,7725 S DREW AVE BURR RIDGE IL 60527,,,,,25700.399999999998,
dupage,0924405028,2025-07-15,1400000.0,R2025-050283,warranty,true,2,6916 FIELDSTONE DR BURR RIDGE IL 60527,,,,,21780.0,
dupage,0924405028,2025-07-15,1400000.0,DECL-20250602221877,warranty,true,2,6916 FIELDSTONE DR BURR RIDGE IL 60527,,,,,21780.0,
dupage,0936106001,2025-09-17,1110000.0,R2025-061636,warranty,true,2,560 81ST ST BURR RIDGE IL 60527,,,,,20908.8,
dupage,0936106001,2025-09-17,1100000.0,DECL-20250902290230,warranty,true,2,560 81ST ST BURR RIDGE IL 60527,,,,,20908.8,
dupage,0924405005,2025-09-29,1235000.0,R2025-063909,warranty,true,2,6812 FIELDSTONE DR BURR RIDGE IL 60527,,,,,20473.199999999997,
dupage,0913301047,2025-12-12,0.0,DECL-20260102273952,other,false,1,6026 WOODCREEK DR BURR RIDGE IL 60527,,,,,16117.199999999999,
dupage,0936210012,2025-12-18,305000.0,R2026-000825,warranty,true,2,"7978 S GARFIELD AVE # 206 BURR RIDGE IL 60527",,,,,72745.2,
dupage,0936210012,2025-12-18,305000.0,DECL-20251202264755,warranty,true,2,"7978 S GARFIELD AVE # 206 BURR RIDGE IL 60527",,,,,72745.2,
dupage,0925400007,2025-12-29,3350000.0,R2026-000264,warranty,true,2,7606 HAMILTON AVE BURR RIDGE IL 60527,,,,,100623.6,
dupage,1001100031,2018-09-01,844000.0,DGT-1001100031-2018-09-01,warranty,true,2,8730 POLO RIDGE CT BURR RIDGE IL 60527,,,,,25700.399999999998,
dupage,1001102004,2015-09-01,755000.0,DGT-1001102004-2015-09-01,warranty,true,2,10S265 S VINE ST BURR RIDGE IL 60527,,,,,35719.2,
dupage,1001107013,2020-10-01,550000.0,DGT-1001107013-2020-10-01,warranty,true,2,420 DEVON DR BURR RIDGE IL 60527,,,,,20037.600000000002,
dupage,1001204010,2020-11-01,775000.0,DGT-1001204010-2020-11-01,warranty,true,2,8801 WEDGEWOOD DR BURR RIDGE IL 60527,,,,,28749.600000000002,
dupage,1001207025,2019-05-01,700000.0,DGT-1001207025-2019-05-01,warranty,true,2,8960 ENCLAVE DR BURR RIDGE IL 60527,,,,,20473.199999999997,
dupage,1001207038,2013-09-01,1200000.0,DGT-1001207038-2013-09-01,warranty,true,2,6 ENCLAVE CT BURR RIDGE IL 60521,,,,,29620.800000000003,
dupage,1002402019,2018-10-01,326000.0,DGT-1002402019-2018-10-01,warranty,true,2,16W330 94TH ST BURR RIDGE IL 60527,,,,,11325.6,
dupage,1002408001,2015-12-01,791000.0,DGT-1002408001-2015-12-01,warranty,true,2,9260 FALLING WATERS BURR RIDGE IL 60527,,,,,23086.800000000003,
dupage,1001301026,2019-02-01,630000.0,DGT-1001301026-2019-02-01,warranty,true,2,9377 S MADISON ST BURR RIDGE IL 60527,,,,,20037.600000000002,
dupage,1001302028,2019-11-01,295518.0,DGT-1001302028-2019-11-01,warranty,true,2,111 OAK RIDGE DR E BURR RIDGE IL 60527,,,,,46173.600000000006,
dupage,1001307005,2019-06-01,827000.0,DGT-1001307005-2019-06-01,warranty,true,2,117 CIRCLE RIDGE DR BURR RIDGE IL 60527,,,,,20473.199999999997,
dupage,1001401052,2014-10-01,134900.0,DGT-1001401052-2014-10-01,warranty,true,2,15W305 91ST ST BURR RIDGE IL 60527,,,,,30927.6,
dupage,1001403012,2016-03-01,410000.0,DGT-1001403012-2016-03-01,warranty,true,2,15W081 91ST ST BURR RIDGE IL 60527,,,,,190357.2,
dupage,1001308027,2020-08-01,378500.0,DGT-1001308027-2020-08-01,warranty,true,2,52 OAK CREEK DR BURR RIDGE IL 60527,,,,,2613.6,
dupage,0913300024,2012-05-08,640000.0,DPSOA-59878,warranty,true,2,5900 S GRANT ST BURR RIDGE IL 60527,,,,,38332.8,
dupage,0913403009,2015-05-08,1340000.0,DPSOA-49148,other,false,2,15W330 62ND ST BURR RIDGE IL 60521,,,,,37026.0,
dupage,0913404036,2000-06-23,1075000.0,DPSOA-96113,warranty,true,2,15W239 62ND ST BURR RIDGE IL 60521,,,,,37897.2,
dupage,0913405023,2020-04-24,1425000.0,DPSOA-40472,other,false,2,15W030 60TH ST BURR RIDGE IL 60527,,,,,40510.8,
dupage,0913406027,2018-09-07,1640000.0,DPSOA-84087,warranty,true,2,6112 S COUNTY LINE RD BURR RIDGE IL 60527,,,,,41382.0,
dupage,0913407027,2000-10-17,905000.0,DPSOA-162498,other,false,2,201 BURR RIDGE CLB BURR RIDGE IL 60527,,,,,23086.800000000003,
dupage,0913408007,2000-07-17,1100000.0,DPSOA-108081,warranty,true,2,704 BURR RIDGE CLUB BURR RIDGE IL 60521,,,,,20908.8,
dupage,0913408026,2013-07-17,675000.0,DPSOA-103573,other,false,2,402 BURR RIDGE CLUB BURR RIDGE IL 60521,,,,,9583.2,
dupage,0913408041,2012-07-27,875000.0,DPSOA-97837,warranty,true,2,1504 BURR RIDGE CLB BURR RIDGE IL 60527,,,,,14374.800000000001,
dupage,0924200108,2017-09-19,1675000.0,DPSOA-96575,warranty,true,2,280 DARTMOUTH CT BURR RIDGE IL 60527,,,,,20908.8,
dupage,0924206004,2015-08-10,750000.0,DPSOA-88052,warranty,true,2,103 KENMARE DR BURR RIDGE IL 60521,,,,,6098.400000000001,
dupage,0924207002,2001-05-02,700000.0,DPSOA-80581,other,false,2,204 KENMARE DR BURR RIDGE IL 60527,,,,,6098.400000000001,
dupage,0924209006,2016-04-19,985000.0,DPSOA-37257,other,false,2,1206 KENMARE DR BURR RIDGE IL 60521,,,,,7405.200000000001,
dupage,0924209014,2000-10-02,770000.0,DPSOA-153021,warranty,true,2,1003 KENMARE DR BURR RIDGE IL 60521,,,,,7840.799999999999,
dupage,0924401031,2000-07-13,1140000.0,DPSOA-105625,other,false,2,4 BRIDGET CT BURR RIDGE IL 60521,,,,,20037.600000000002,
dupage,0924406004,2005-12-01,2030000.0,DPSOA-266152,warranty,true,2,7025 CASE DR BURR RIDGE IL 60527,,,,,53143.2,
dupage,0924408002,2008-04-16,458380.0,DPSOA-62277,warranty,true,2,"7055 VETERANS BLVD # B BURR RIDGE IL 60527",,,,,36154.799999999996,
dupage,0925111028,2011-10-25,303000.0,DPSOA-128020,other,false,2,7221 CHESTNUT HILLS BURR RIDGE IL 60521,,,,,36590.4,
dupage,0925111043,2004-02-02,310000.0,DPSOA-31667,warranty,true,2,116 CHESTNUT HILLS BURR RIDGE IL 60527,,,,,20908.8,
dupage,0925111051,2005-05-04,382500.0,DPSOA-91970,other,false,2,130 CHESTNUT HILL DR BURR RIDGE IL 60527,,,,,27442.8,
dupage,0925201009,2005-08-18,330000.0,DPSOA-179260,warranty,true,2,7240 W GIDDINGS AVE BURR RIDGE IL 60527,,,,,15245.999999999998,
dupage,0925202009,2019-06-25,232000.0,DPSOA-50743,warranty,true,2,7240 S PARK AVE BURR RIDGE IL 60527,,,,,15681.599999999999,
dupage,0925206004,2000-08-21,177500.0,DPSOA-129042,executor,false,2,7339 GIDDINGS AVE BURR RIDGE IL 60527,,,,,13068.0,
dupage,0925211001,2009-07-07,5200000.0,DPSOA-103567,warranty,true,2,300 S FRONTAGE RD BURR RIDGE IL 60527,,,,,200811.6,
dupage,0925304011,2004-12-28,240000.0,DPSOA-322690,warranty,true,2,7734 S GRANT ST BURR RIDGE IL 60527,,,,,108464.40000000001,
dupage,0925400008,2015-10-13,425000.0,DPSOA-112972,other,false,2,7612 HAMILTON AVE BURR RIDGE IL 60527,,,,,100623.6,
dupage,0925401024,2014-09-16,338000.0,DPSOA-84664,warranty,true,2,7616 DREW AVE BURR RIDGE IL 60527,,,,,40510.8,
dupage,0925402012,2002-12-30,315000.0,DPSOA-362733,warranty,true,2,7623 S DREW AVE BURR RIDGE IL 60527,,,,,40510.8,
dupage,0925403011,2007-07-05,550000.0,DPSOA-123955,warranty,true,2,319 79TH ST BURR RIDGE IL 60527,,,,,40075.200000000004,
dupage,0925405022,2010-05-05,1225000.0,DPSOA-58231,warranty,true,2,7812 W COUNTY LINE RD BURR RIDGE IL 60527,,,,,40510.8,
dupage,0935402038,2010-07-02,1100000.0,DPSOA-84888,other,false,2,8501 TIMBER RIDGE DR BURR RIDGE IL 60527,,,,,21344.399999999998,
dupage,0935404005,2016-04-12,1190000.0,DPSOA-34688,warranty,true,2,836 LAKEVIEW LN BURR RIDGE IL 60527,,,,,29620.800000000003,
dupage,0936102010,2014-10-08,285000.0,DPSOA-92846,warranty,true,2,15W677 81ST ST BURR RIDGE IL 60527,,,,,37897.2,
dupage,0936106013,2012-04-30,515000.0,DPSOA-55575,other,false,2,8220 RIDGEPOINTE DR BURR RIDGE IL 60521,,,,,20473.199999999997,
dupage,0936106020,2004-08-05,735000.0,DPSOA-209950,warranty,true,2,8221 LAKE RIDGE DR BURR RIDGE IL 60527,,,,,22215.600000000002,
dupage,0936203012,2002-08-16,416000.0,DPSOA-213057,warranty,true,2,8218 S GARFIELD AVE BURR RIDGE IL 60527,,,,,16117.199999999999,
dupage,0936204009,2002-07-15,377500.0,DPSOA-180522,warranty,true,2,8201 S GARFIELD AVE BURR RIDGE IL 60521,,,,,16117.199999999999,
dupage,0936209040,2001-10-16,178900.0,DPSOA-223127,warranty,true,2,8070 S GARFIELD AVE BURR RIDGE IL 60527,,,,,235659.6,
dupage,0936300017,2000-05-19,449000.0,DPSOA-74537,warranty,true,2,8437 CHARLESTON DR BURR RIDGE IL 60521,,,,,20037.600000000002,
dupage,0936300027,2017-09-14,1423500.0,DPSOA-94936,other,false,2,8372 WATERVIEW CT BURR RIDGE IL 60521,,,,,39204.0,
dupage,0936307002,2017-07-28,485000.0,DPSOA-76682,warranty,true,2,424 KIRKWOOD CV BURR RIDGE IL 60527,,,,,12632.4,
dupage,0936308004,2018-06-27,490000.0,DPSOA-58545,other,false,2,437 BENNACOTT LN BURR RIDGE IL 60527,,,,,12632.4,
dupage,0936309001,2006-03-30,643000.0,DPSOA-57985,warranty,true,2,8467 DOLFOR COVE BURR RIDGE IL 60527,,,,,12632.4,
dupage,0936310001,2005-02-03,620000.0,DPSOA-24640,warranty,true,2,777 CAMBRIDGE DR BURR RIDGE IL 60527,,,,,20037.600000000002,
dupage,0936311014,2014-07-21,485000.0,DPSOA-63404,warranty,true,2,512 LEONARD LN BURR RIDGE IL 60521,,,,,14810.400000000001,
dupage,0936404048,2016-04-29,750000.0,DPSOA-41402,warranty,true,2,1 HIDDEN LAKE DR BURR RIDGE IL 60527,,,,,43560.0,
dupage,0936406004,2012-11-26,550000.0,DPSOA-166833,warranty,true,2,8549 HEATHER DR BURR RIDGE IL 60527,,,,,18730.8,
dupage,0936406006,2014-04-15,720000.0,DPSOA-31023,other,false,2,8601 HEATHER DR BURR RIDGE IL 60527,,,,,18730.8,
dupage,0936408009,2009-12-01,921000.0,DPSOA-179737,warranty,true,2,37 FAWN CT BURR RIDGE IL 60527,,,,,30927.6,
dupage,0936408019,2015-11-10,350000.0,DPSOA-124048,other,false,2,8330 FARS COVE BURR RIDGE IL 60521,,,,,33976.8,
dupage,1001100014,2008-12-08,815000.0,DPSOA-173642,other,false,2,15W520 89TH ST BURR RIDGE IL 60527,,,,,108900.0,
dupage,1001100031,2018-10-09,844000.0,DPSOA-95060,other,false,2,8730 POLO RIDGE CT BURR RIDGE IL 60527,,,,,25700.399999999998,
dupage,1001102004,2015-10-02,755000.0,DPSOA-109712,warranty,true,2,10S265 S VINE ST BURR RIDGE IL 60527,,,,,35719.2,
dupage,1001107008,2001-10-31,647500.0,DPSOA-235689,warranty,true,2,510 DEVON DR BURR RIDGE IL 60527,,,,,20037.600000000002,
dupage,1001203010,2002-07-09,650000.0,DPSOA-175122,warranty,true,2,301 DEVON DR BURR RIDGE IL 60527,,,,,23522.4,
dupage,1001207014,2006-10-27,650000.0,DPSOA-208016,warranty,true,2,3 TORI CT BURR RIDGE IL 60527,,,,,21780.0,
dupage,1001207034,2007-03-01,1170000.0,DPSOA-36854,warranty,true,2,9001 ENCLAVE DR BURR RIDGE IL 60527,,,,,20473.199999999997,
dupage,1001207038,2013-09-24,1200000.0,DPSOA-136080,other,false,2,6 ENCLAVE CT BURR RIDGE IL 60521,,,,,29620.800000000003,
dupage,1001207052,2003-10-16,1005000.0,DPSOA-398273,warranty,true,2,161 ASHTON DR BURR RIDGE IL 60527,,,,,31363.199999999997,
dupage,1001207082,2014-07-24,132600.0,DPSOA-64791,other,false,1,15W040 91ST ST BURR RIDGE IL 60527,,,,,21780.0,
dupage,1001301026,2005-01-13,930000.0,DPSOA-9956,warranty,true,2,9377 S MADISON ST BURR RIDGE IL 60527,,,,,20037.600000000002,
dupage,1001307005,2019-06-17,827000.0,DPSOA-47474,warranty,true,2,117 CIRCLE RIDGE DR BURR RIDGE IL 60527,,,,,20473.199999999997,
dupage,1001308027,2020-09-02,378500.0,DPSOA-98062,warranty,true,2,52 OAK CREEK DR BURR RIDGE IL 60527,,,,,2613.6,
dupage,1001401023,2003-09-18,379000.0,DPSOA-366940,warranty,true,2,10S641 GARFIELD AVE BURR RIDGE IL 60527,,,,,45738.0,
dupage,1001401052,2014-10-09,134900.0,DPSOA-93192,warranty,false,1,15W305 91ST ST BURR RIDGE IL 60527,,,,,30927.6,
dupage,1001406008,2003-03-24,530000.0,DPSOA-112229,warranty,true,2,17 LAUREL OAK CT BURR RIDGE IL 60521,,,,,2613.6,
dupage,1001406020,2000-05-19,440000.0,DPSOA-74999,warranty,true,2,26 RODEO DR BURR RIDGE IL 60527,,,,,3484.8,
dupage,1002402019,2018-10-22,326000.0,DPSOA-99215,other,false,2,16W330 94TH ST BURR RIDGE IL 60527,,,,,11325.6,
dupage,1002406034,2007-01-05,350000.0,DPSOA-2591,warranty,true,2,16W031 91ST ST BURR RIDGE IL 60527,,,,,19166.4,
dupage,1002408001,2015-12-11,791000.0,DPSOA-134989,other,false,2,9260 FALLING WATERS BURR RIDGE IL 60527,,,,,23086.800000000003,
dupage,0936109015,2015-04-10,450000.0,R2015-041565,warranty,true,2,15 LAKE RIDGE CLUB BURR RIDGE IL 60527,,,,,3920.3999999999996,
dupage,0936403008,2015-07-06,550000.0,R2015-078727,trustee,false,2,8426 HEATHER CT BURR RIDGE IL 60527,,,,,25264.8,
dupage,0913404013,2016-04-01,1050000.0,R2016-046958,trustee,false,2,15W341 62ND ST BURR RIDGE IL 60527,,,,,20473.199999999997,
dupage,1002403024,2016-05-27,280000.0,R2016-073763,warranty,true,2,16W270 94TH PL BURR RIDGE IL 60527,,,,,11325.6,
dupage,0924206022,2016-07-28,775000.0,R2016-085662,trustee,false,2,603 KENMARE DR BURR RIDGE IL 60527,,,,,5662.8,
dupage,0925111068,2016-09-30,315000.0,R2016-108229,warranty,true,2,112 CHESTNUT HILL CIR BURR RIDGE IL 60527,,,,,41817.6,
dupage,0936200035,2017-03-30,1700000.0,R2017-033907,trustee,false,2,8048 HAMILTON AVE BURR RIDGE IL 60527,,,,,29620.800000000003,
dupage,1001106027,2017-04-18,832500.0,R2017-045158,trustee,false,2,14 TODOR CT BURR RIDGE IL 60527,,,,,21344.399999999998,
dupage,1001308025,2017-09-29,369000.0,R2017-106506,warranty,true,2,50 OAK CREEK DR BURR RIDGE IL 60527,,,,,2613.6,
dupage,0936310014,2017-10-19,675000.0,R2017-114400,warranty,true,2,8473 KIMBERLY CT BURR RIDGE IL 60521,,,,,20037.600000000002,
dupage,0936406029,2018-01-16,460000.0,R2018-011379,trustee,false,2,8680 WEDGEWOOD DR BURR RIDGE IL 60521,,,,,21344.399999999998,
dupage,0935402038,2018-01-20,1050000.0,R2018-024262,warranty,true,2,8501 TIMBER RIDGE DR BURR RIDGE IL 60527,,,,,21344.399999999998,
dupage,0936206006,2018-05-16,575000.0,R2018-057571,trustee,false,2,8115 S PARK AVE BURR RIDGE IL 60527,,,,,23958.000000000004,
dupage,0925111018,2018-08-28,310000.0,R2018-084380,warranty,true,2,7205 CHESTNUT HILLS BURR RIDGE IL 60521,,,,,25264.8,
dupage,0925111048,2018-09-25,405000.0,R2018-096416,warranty,true,2,136 CHESTNUT HILLS BURR RIDGE IL 60527,,,,,26136.0,
dupage,1001201035,2018-11-01,520000.0,R2018-103701,warranty,true,2,8870 S COUNTY LINE RD BURR RIDGE IL 60527,,,,,75794.4,
dupage,0924401038,2018-11-28,900000.0,R2018-112130,warranty,true,2,3 BRIDGET CT BURR RIDGE IL 60527,,,,,20473.199999999997,
dupage,0936109054,2019-05-07,518000.0,R2019-037051,trustee,false,2,54 CHESTERFIELD CT BURR RIDGE IL 60527,,,,,3920.3999999999996,
dupage,0913401024,2019-06-18,1580000.0,R2019-053609,trustee,false,2,6037 GARFIELD AVE BURR RIDGE IL 60527,,,,,16552.8,
dupage,1001302057,2019-08-15,580000.0,R2019-074523,warranty,true,2,132 CIRCLE RIDGE DR BURR RIDGE IL 60527,,,,,20037.600000000002,
dupage,0936404046,2019-08-28,575000.0,R2019-080261,trustee,false,2,15 HIDDEN LAKE DR BURR RIDGE IL 60527,,,,,20037.600000000002,
dupage,0936109046,2019-10-28,500000.0,R2019-106749,warranty,true,2,46 DURHAM CT BURR RIDGE IL 60527,,,,,3920.3999999999996,
dupage,0936404006,2019-11-13,470000.0,R2020-000852,warranty,true,2,8361 S PARK AVE BURR RIDGE IL 60527,,,,,17424.0,
dupage,0913407028,2020-02-03,730000.0,R2020-013848,trustee,false,2,203 BURR RIDGE CLB BURR RIDGE IL 60527,,,,,19166.4,
dupage,1002412002,2020-04-28,751265.0,R2020-081285,warranty,true,2,9366 FALLING WATER DR BURR RIDGE IL 60521,,,,,26571.6,
dupage,0936109011,2020-05-07,675000.0,R2020-045603,other,false,2,BURR RIDGE IL 60527,,,,,3920.3999999999996,
dupage,1011207007,2020-07-16,155000.0,R2020-077467,warranty,true,2,9620 PACIFIC CT BURR RIDGE IL 60527,,,,,32670.0,
dupage,0925111013,2020-08-26,338000.0,R2020-095646,trustee,false,2,7336 CHESTNUT HILLS BURR RIDGE IL 60527,,,,,57934.8,
dupage,0936109033,2020-09-30,590000.0,R2020-114527,trustee,false,2,33 LANCASTER CT BURR RIDGE IL 60527,,,,,3920.3999999999996,
dupage,0913300024,2020-10-22,1987500.0,R2020-127516,warranty,true,2,5900 S GRANT ST BURR RIDGE IL 60527,,,,,38332.8,
dupage,0925304002,2025-01-08,477500.0,R2025-001543,warranty,true,2,7704 S GRANT ST BURR RIDGE IL 60527,,,,,108464.40000000001,
dupage,0924206012,2025-03-07,1350000.0,R2025-017927,trustee,false,2,504 KENMARE DR BURR RIDGE IL 60527,,,,,6534.0,
dupage,0913306005,2025-07-09,1625000.0,DECL-20250702228940,warranty,true,2,6256 WILDWOOD LN BURR RIDGE IL 60527,,,,,20473.199999999997,
dupage,0913306005,2025-07-18,1625000.0,R2025-045542,warranty,true,2,6256 WILDWOOD LN BURR RIDGE IL 60527,,,,,20473.199999999997,
dupage,0913301029,2025-07-24,1450000.0,R2025-047265,warranty,true,2,5951 S GRANT ST BURR RIDGE IL 60527,,,,,20037.600000000002,
dupage,0913301029,2025-07-24,1450000.0,DECL-20250702243852,warranty,true,2,5951 S GRANT ST BURR RIDGE IL 60527,,,,,20037.600000000002,
dupage,0913301029,2025-07-25,1450000.0,DECL-20250702243852,warranty,true,2,5951 S GRANT ST BURR RIDGE IL 60527,,,,,20037.600000000002,
dupage,0925111063,2025-08-08,0.0,DECL-20250902285649,other,false,1,7204 CHESTNUT HILLS DR BURR RIDGE IL 60527,,,,,15245.999999999998,
dupage,0936208006,2025-08-12,1300000.0,R2025-050539,trustee,false,2,8100 S COUNTY LINE RD BURR RIDGE IL 60527,,,,,138520.80000000002,
dupage,0925111063,2025-08-22,580000.0,R2025-058302,warranty,true,2,7204 CHESTNUT HILLS DR BURR RIDGE IL 60527,,,,,15245.999999999998,
dupage,0925111063,2025-08-22,580000.0,DECL-20250902285663,warranty,true,2,7204 CHESTNUT HILLS DR BURR RIDGE IL 60527,,,,,15245.999999999998,
dupage,0936300006,2025-09-29,415000.0,DECL-20250902297475,trustee,false,2,15W703 83RD ST BURR RIDGE IL 60527,,,,,33105.6,
dupage,0936300006,2025-09-30,415000.0,R2025-063045,trustee,false,2,15W703 83RD ST BURR RIDGE IL 60527,,,,,33105.6,
dupage,1001106027,2017-04-01,832500.0,DGT-1001106027-2017-04-01,warranty,true,2,14 TODOR CT BURR RIDGE IL 60527,,,,,21344.399999999998,
dupage,1001201035,2018-11-01,520000.0,DGT-1001201035-2018-11-01,warranty,true,2,8870 S COUNTY LINE RD BURR RIDGE IL 60527,,,,,75794.4,
dupage,1001203002,2016-05-01,475000.0,DGT-1001203002-2016-05-01,warranty,true,2,341 DEVON DR BURR RIDGE IL 60527,,,,,20473.199999999997,
dupage,1001203016,2015-07-01,675000.0,DGT-1001203016-2015-07-01,warranty,true,2,8710 WEDGEWOOD DR BURR RIDGE IL 60527,,,,,20473.199999999997,
dupage,1001204005,2018-05-01,596000.0,DGT-1001204005-2018-05-01,warranty,true,2,4 SADDLE CT BURR RIDGE IL 60527,,,,,25700.399999999998,
dupage,1001209008,2015-01-01,860000.0,DGT-1001209008-2015-01-01,warranty,true,2,125 GLENMORA DR BURR RIDGE IL 60521,,,,,37026.0,
dupage,1002402012,2015-08-01,379900.0,DGT-1002402012-2015-08-01,warranty,true,2,16W227 93RD PL BURR RIDGE IL 60527,,,,,13939.2,
dupage,1002403024,2016-05-01,280000.0,DGT-1002403024-2016-05-01,warranty,true,2,16W270 94TH PL BURR RIDGE IL 60527,,,,,11325.6,
dupage,1002403030,2017-04-01,479900.0,DGT-1002403030-2017-04-01,warranty,true,2,16W270 94TH PL BURR RIDGE IL 60527,,,,,29620.800000000003,
dupage,1002408007,2016-10-01,1246000.0,DGT-1002408007-2016-10-01,warranty,true,2,6 CASCADE CT W BURR RIDGE IL 60527,,,,,24393.600000000002,
dupage,1002411007,2016-04-01,820000.0,DGT-1002411007-2016-04-01,warranty,true,2,5 ARCADIA CT BURR RIDGE IL 60527,,,,,30056.399999999998,
dupage,1002412002,2020-04-01,751265.0,DGT-1002412002-2020-04-01,warranty,true,2,9366 FALLING WATER DR BURR RIDGE IL 60521,,,,,26571.6,
dupage,1001302006,2014-02-01,449000.0,DGT-1001302006-2014-02-01,warranty,true,2,10S501 GLENN DR BURR RIDGE IL 60521,,,,,21344.399999999998,
dupage,1001401050,2014-07-01,1290000.0,DGT-1001401050-2014-07-01,warranty,true,2,250 FOREST EDGE CT BURR RIDGE IL 60527,,,,,32234.399999999998,
dupage,1001401054,2015-05-01,196000.0,DGT-1001401054-2015-05-01,warranty,true,2,9141 S GARFIELD BURR RIDGE IL 60527,,,,,31798.8,
dupage,0913300021,2001-05-11,415000.0,DPSOA-88557,warranty,true,2,216 W 59TH ST BURR RIDGE IL 60527,,,,,21344.399999999998,
dupage,0913300089,2018-07-03,1100000.0,DPSOA-60512,other,false,2,635 GRANT CT BURR RIDGE IL 60527,,,,,20037.600000000002,
dupage,0913300094,2000-04-06,265250.0,DPSOA-49360,other,false,2,650 GRANT CT BURR RIDGE IL 60527,,,,,20473.199999999997,
dupage,0913303013,2004-03-30,262062.0,DPSOA-79643,quit_claim,false,2,15W562 63RD ST BURR RIDGE IL 60527,,,,,23522.4,
dupage,0913303025,2002-08-09,440000.0,DPSOA-205433,warranty,true,2,15W536 63RD ST BURR RIDGE IL 60527,,,,,27878.4,
dupage,0913303026,2015-06-02,1302500.0,DPSOA-58414,other,false,2,15W528 63RD ST BURR RIDGE IL 60527,,,,,26571.6,
dupage,0913308015,2005-10-24,1175000.0,DPSOA-236362,warranty,true,2,7 ANDREW CT BURR RIDGE IL 60527,,,,,15245.999999999998,
dupage,0913401024,2019-07-02,1580000.0,DPSOA-53609,other,false,2,6037 GARFIELD AVE BURR RIDGE IL 60527,,,,,16552.8,
dupage,0913404013,2016-05-16,1050000.0,DPSOA-46958,other,false,2,15W341 62ND ST BURR RIDGE IL 60527,,,,,20473.199999999997,
dupage,0913404026,2016-01-26,1415000.0,DPSOA-8040,warranty,true,2,6231 COVE CREEK CT BURR RIDGE IL 60527,,,,,31798.8,
dupage,0913407019,2019-07-16,1315000.0,DPSOA-57847,warranty,true,2,502 BURR RIDGE CLUB BURR RIDGE IL 60527,,,,,6969.6,
dupage,0913408012,2019-06-20,1299000.0,DPSOA-49653,other,false,2,805 BURR RIDGE CLUB BURR RIDGE IL 60527,,,,,8276.4,
dupage,0924118002,2001-08-15,610000.0,DPSOA-172394,warranty,true,2,6756 FIELDSTONE DR BURR RIDGE IL 60527,,,,,20037.600000000002,
dupage,0924200033,2015-04-14,275000.0,DPSOA-38426,warranty,true,2,15W260 PLAINFIELD RD BURR RIDGE IL 60527,,,,,36590.4,
dupage,0924200109,2012-05-21,400000.0,DPSOA-65109,warranty,true,2,285 DARTMOUTH CT BURR RIDGE IL 60527,,,,,21780.0,
dupage,0924206005,2017-03-03,620000.0,DPSOA-21524,warranty,true,2,101 KENMARE DR BURR RIDGE IL 60521,,,,,5227.2,
dupage,0924206007,2000-05-23,689833.0,DPSOA-76776,other,false,2,304 KENMARE DR BURR RIDGE IL 60521,,,,,5227.2,
dupage,0924206009,2018-04-12,865000.0,DPSOA-31512,other,false,2,303 KENMARE DR BURR RIDGE IL 60527,,,,,6969.6,
dupage,0924206022,2016-08-15,775000.0,DPSOA-85662,other,false,2,603 KENMARE DR BURR RIDGE IL 60527,,,,,5662.8,
dupage,0924207009,2000-02-02,631402.0,DPSOA-16366,other,false,2,405 KENMARE DR BURR RIDGE IL 60527,,,,,6098.400000000001,
dupage,0924405004,2000-09-18,752000.0,DPSOA-144063,warranty,true,2,6806 FIELDSTONE DR BURR RIDGE IL 60521,,,,,23086.800000000003,
dupage,0924406009,2007-09-25,1651550.0,DPSOA-177497,warranty,true,2,7065 VETERANS BLVD BURR RIDGE IL 60527,,,,,45738.0,
dupage,0925111001,2003-03-04,280000.0,DPSOA-85483,warranty,true,2,7244 CHESTNUT HILLS BURR RIDGE IL 60527,,,,,22215.600000000002,
dupage,0925111004,2010-07-01,311000.0,DPSOA-84335,warranty,true,2,7238 CHESTNUT HILLS BURR RIDGE IL 60527,,,,,22215.600000000002,
dupage,0925111018,2018-09-07,310000.0,DPSOA-84380,warranty,true,2,7205 CHESTNUT HILLS BURR RIDGE IL 60521,,,,,25264.8,
dupage,0925111022,2004-09-29,327000.0,DPSOA-253705,warranty,true,2,103 CHESTNUT HILLS BURR RIDGE IL 60527,,,,,22651.2,
dupage,0925111048,2018-10-12,405000.0,DPSOA-96416,warranty,true,2,136 CHESTNUT HILLS BURR RIDGE IL 60527,,,,,26136.0,
dupage,0925111068,2016-10-04,315000.0,DPSOA-108229,warranty,true,2,112 CHESTNUT HILL CIR BURR RIDGE IL 60527,,,,,41817.6,
dupage,0925111069,2002-03-12,256000.0,DPSOA-70465,warranty,true,2,110 CHESTNUT HILL CR BURR RIDGE IL 60521,,,,,41817.6,
dupage,0925203010,2002-04-04,177000.0,DPSOA-93314,warranty,true,2,7250 HAMILTON AVE BURR RIDGE IL 60527,,,,,15681.599999999999,
dupage,0925206005,2017-11-28,140000.0,DPSOA-121536,other,false,2,7401 GIDDINGS AVE BURR RIDGE IL 60527,,,,,13068.0,
dupage,0925206010,2000-08-21,88500.0,DPSOA-129041,executor,false,2,7340 PARK AVE BURR RIDGE IL 60527,,,,,13068.0,
dupage,0925207016,2008-06-17,240000.0,DPSOA-97282,warranty,true,2,7319 S PARK AVE BURR RIDGE IL 60527,,,,,13068.0,
dupage,0925211017,2014-10-28,1400000.0,DPSOA-101080,other,false,2,211 W 75TH ST BURR RIDGE IL 60527,,,,,27442.8,
dupage,0925302023,2020-01-10,1537500.0,DPSOA-3582,other,false,2,15W700 79TH ST BURR RIDGE IL 60527,,,,,91476.0,
dupage,0925304001,2005-02-08,335000.0,DPSOA-27677,warranty,true,2,7700 S GRANT ST BURR RIDGE IL 60527,,,,,108464.40000000001,
dupage,0925400007,2014-08-01,288750.0,DPSOA-67981,other,false,2,7606 HAMILTON AVE BURR RIDGE IL 60527,,,,,100623.6,
dupage,0925401002,2000-05-05,145000.0,DPSOA-66436,warranty,true,2,7507 HAMILTON AVE BURR RIDGE IL 60527,,,,,40510.8,
dupage,0925402001,2000-11-29,350000.0,DPSOA-186742,warranty,true,2,122 75TH ST BURR RIDGE IL 60527,,,,,41382.0,
dupage,0925402007,2001-02-07,205000.0,DPSOA-21421,other,false,2,7603 S DREW AVE BURR RIDGE IL 60521,,,,,40510.8,
dupage,0935205001,2009-01-06,6250000.0,DPSOA-1349,other,false,2,51 SHORE DR BURR RIDGE IL 60527,,,,,149846.4,
dupage,0935206001,2016-12-23,1130000.0,DPSOA-142400,warranty,true,2,"116 SHORE DR # 1 BURR RIDGE IL 60527",,,,,49222.799999999996,
dupage,0935402034,2011-12-06,300000.0,DPSOA-148972,warranty,true,2,8544 TIMBER RIDGE DR BURR RIDGE IL 60527,,,,,21780.0,
dupage,0935402037,2012-07-10,1026000.0,DPSOA-88562,warranty,true,2,8508 TIMBER RIDGE DR BURR RIDGE IL 60527,,,,,22651.2,
dupage,0935404008,2001-04-10,440000.0,DPSOA-62731,other,false,2,8637 TIMBER RIDGE DR BURR RIDGE IL 60521,,,,,26136.0,
dupage,0936101002,2003-05-28,235000.0,DPSOA-199163,warranty,true,2,8005 S MADISON ST BURR RIDGE IL 60521,,,,,23958.000000000004,
dupage,0936102020,2009-06-11,760000.0,DPSOA-88712,other,false,2,15W652 82ND ST BURR RIDGE IL 60527,,,,,37897.2,
dupage,0936104034,2003-02-19,455000.0,DPSOA-65950,warranty,true,2,26 PINE TREE LN BURR RIDGE IL 60527,,,,,3484.8,
dupage,0936105005,2011-01-18,575000.0,DPSOA-9458,warranty,true,2,8130 LAKE RIDGE DR BURR RIDGE IL 60527,,,,,22651.2,
dupage,0936109011,2020-05-07,675000.0,DPSOA-45603,other,false,2,BURR RIDGE IL 60527,,,,,3920.3999999999996,
dupage,0936109015,2015-04-21,450000.0,DPSOA-41565,warranty,true,2,15 LAKE RIDGE CLUB BURR RIDGE IL 60527,,,,,3920.3999999999996,
dupage,0936109054,2019-05-15,518000.0,DPSOA-37051,other,false,2,54 CHESTERFIELD CT BURR RIDGE IL 60527,,,,,3920.3999999999996,
dupage,0936200035,2017-04-10,1700000.0,DPSOA-33907,other,false,2,8048 HAMILTON AVE BURR RIDGE IL 60527,,,,,29620.800000000003,
dupage,0936200036,2014-11-04,1650000.0,DPSOA-103453,warranty,true,2,311 OLD OAK CT WILLOWBROOK IL 60527,,,,,28314.0,
dupage,0936203006,2017-01-09,490000.0,DPSOA-2981,warranty,true,2,8118 GARFIELD AVE BURR RIDGE IL 60527,,,,,16117.199999999999,
dupage,0936206001,2009-12-04,380000.0,DPSOA-181113,warranty,true,2,8101 S PARK AVE BURR RIDGE IL 60527,,,,,16988.4,
dupage,0936206006,2018-06-25,575000.0,DPSOA-57571,other,false,2,8115 S PARK AVE BURR RIDGE IL 60527,,,,,23958.000000000004,
dupage,0936209021,2013-11-04,220000.0,DPSOA-151726,other,false,2,"8082 GARFIELD AVE # 6-1 BURR RIDGE IL 60527",,,,,235659.6,
dupage,0936209045,2014-07-15,137000.0,DPSOA-61122,warranty,true,2,"7998 S GARFIELD AVE # 12-1 BURR RIDGE IL 60521",,,,,235659.6,
dupage,0936209051,2003-09-23,175000.0,DPSOA-371601,warranty,true,2,"7994 GARFIELD AVE # 13-3 BURR RIDGE IL 60527",,,,,235659.6,
dupage,0936300010,2002-05-31,528000.0,DPSOA-142767,warranty,true,2,780 CAMBRIDGE DR BURR RIDGE IL 60527,,,,,20037.600000000002,
dupage,0936300024,2016-01-14,2000000.0,DPSOA-4419,warranty,true,2,8310 WATERVIEW CT BURR RIDGE IL 60527,,,,,33541.200000000004,
dupage,0936305006,2003-08-05,485000.0,DPSOA-303967,warranty,true,2,8425 WALREDON AVE BURR RIDGE IL 60527,,,,,12196.800000000001,
dupage,0936307003,2009-09-02,325000.0,DPSOA-136716,other,false,2,412 KIRKWOOD COVE BURR RIDGE IL 60521,,,,,12632.4,
dupage,0936307005,2012-07-30,380000.0,DPSOA-98838,other,false,2,8361 DOLFOR COVE BURR RIDGE IL 60527,,,,,15245.999999999998,
dupage,0936310007,2012-06-27,520000.0,DPSOA-82372,other,false,2,8448 KIMBERLY CT BURR RIDGE IL 60527,,,,,20037.600000000002,
dupage,0936310021,2007-03-27,520000.0,DPSOA-55977,warranty,true,2,8485 CARLISLE CT BURR RIDGE IL 60527,,,,,20473.199999999997,
dupage,0936311029,2016-01-13,516000.0,DPSOA-3888,warranty,true,2,15W537 87TH ST BURR RIDGE IL 60527,,,,,15681.599999999999,
dupage,0936311035,2015-08-06,585000.0,DPSOA-86902,warranty,true,2,8526 CLYNDERVEN RD BURR RIDGE IL 60527,,,,,16117.199999999999,
dupage,0936312016,2003-07-22,860000.0,DPSOA-281458,other,false,2,139 KRAML DR BURR RIDGE IL 60527,,,,,26136.0,
dupage,0936312020,2000-12-26,839375.0,DPSOA-201124,other,false,2,4 BAY RUM CT BURR RIDGE IL 60527,,,,,29620.800000000003,
dupage,0936403008,2015-07-20,550000.0,DPSOA-78727,other,false,2,8426 HEATHER CT BURR RIDGE IL 60527,,,,,25264.8,
dupage,0936403016,2005-04-11,532500.0,DPSOA-72727,warranty,true,2,8436 S PARK AVE BURR RIDGE IL 60527,,,,,15681.599999999999,
dupage,0936404030,2014-06-17,703500.0,DPSOA-51426,warranty,true,2,32 DEER PATH TR BURR RIDGE IL 60527,,,,,24829.199999999997,
dupage,0936404046,2019-09-11,575000.0,DPSOA-80261,other,false,2,15 HIDDEN LAKE DR BURR RIDGE IL 60527,,,,,20037.600000000002,
dupage,0936406013,2014-11-12,725000.0,DPSOA-106518,warranty,true,2,282 LAKEWOOD CIR BURR RIDGE IL 60527,,,,,22651.2,
dupage,0936406029,2018-02-06,460000.0,DPSOA-11379,other,false,2,8680 WEDGEWOOD DR BURR RIDGE IL 60521,,,,,21344.399999999998,
dupage,1001106027,2017-05-09,832500.0,DPSOA-45158,other,false,2,14 TODOR CT BURR RIDGE IL 60527,,,,,21344.399999999998,
dupage,1001201035,2014-12-23,505000.0,DPSOA-120844,other,false,2,8870 S COUNTY LINE RD BURR RIDGE IL 60527,,,,,75794.4,
dupage,1001203016,2015-08-03,675000.0,DPSOA-85000,warranty,true,2,8710 WEDGEWOOD DR BURR RIDGE IL 60527,,,,,20473.199999999997,
dupage,1001203031,2003-02-28,670000.0,DPSOA-81136,warranty,true,2,2 REGENT CT BURR RIDGE IL 60527,,,,,26136.0,
dupage,1001204005,2018-05-15,596000.0,DPSOA-42683,other,false,2,4 SADDLE CT BURR RIDGE IL 60527,,,,,25700.399999999998,
dupage,1001207080,2012-01-04,776985.0,DPSOA-1429,other,false,1,15W070 91ST ST BURR RIDGE IL 60527,,,,,21780.0,
dupage,1001209008,2015-02-12,860000.0,DPSOA-13791,warranty,true,2,125 GLENMORA DR BURR RIDGE IL 60521,,,,,37026.0,
dupage,1001302006,2014-03-06,449000.0,DPSOA-18624,warranty,true,2,10S501 GLENN DR BURR RIDGE IL 60521,,,,,21344.399999999998,
dupage,1001302060,2005-08-02,1050000.0,DPSOA-167098,warranty,true,2,138 CIRCLE RIDGE DR BURR RIDGE IL 60527,,,,,20037.600000000002,
dupage,1001304015,2017-08-18,670000.0,DPSOA-85081,warranty,true,2,103 OAK RIDGE DR W BURR RIDGE IL 60527,,,,,40075.200000000004,
dupage,1001306007,2020-01-07,501000.0,DPSOA-2124,warranty,true,2,122 OAK RIDGE DR E BURR RIDGE IL 60527,,,,,44866.8,
dupage,1001308012,2002-08-21,535000.0,DPSOA-216441,warranty,true,2,37 RED OAK CT BURR RIDGE IL 60521,,,,,3484.8,
dupage,1001308036,2008-06-03,730000.0,DPSOA-90162,warranty,true,2,61 MALIBU CT BURR RIDGE IL 60527,,,,,3920.3999999999996,
dupage,1001401045,2004-09-21,300000.0,DPSOA-246049,warranty,true,2,225 FOREST EDGE CT BURR RIDGE IL 60527,,,,,28314.0,
dupage,1001401050,2014-07-17,1290000.0,DPSOA-62629,warranty,true,2,250 FOREST EDGE CT BURR RIDGE IL 60527,,,,,32234.399999999998,
dupage,1001401054,2015-06-12,196000.0,DPSOA-63189,other,false,2,9141 S GARFIELD BURR RIDGE IL 60527,,,,,31798.8,
dupage,1001402003,2012-03-20,310000.0,DPSOA-36244,warranty,true,2,10S470 DREW AVE BURR RIDGE IL 60521,,,,,37461.6,
dupage,1001406002,2004-03-24,528000.0,DPSOA-74562,warranty,true,2,1 BEL AIRE CT BURR RIDGE IL 60527,,,,,3484.8,
dupage,1002402012,2015-08-25,379900.0,DPSOA-94937,warranty,true,2,16W227 93RD PL BURR RIDGE IL 60527,,,,,13939.2,
dupage,1002403024,2016-07-19,280000.0,DPSOA-73763,warranty,true,2,16W270 94TH PL BURR RIDGE IL 60527,,,,,11325.6,
dupage,1002403029,2006-06-20,450000.0,DPSOA-117024,warranty,true,2,10S751 JACKSON ST BURR RIDGE IL 60527,,,,,15245.999999999998,
dupage,1002403030,2017-05-09,479900.0,DPSOA-44838,warranty,true,2,16W270 94TH PL BURR RIDGE IL 60527,,,,,29620.800000000003,
dupage,1002411007,2016-04-19,820000.0,DPSOA-37445,warranty,true,2,5 ARCADIA CT BURR RIDGE IL 60527,,,,,30056.399999999998,
dupage,1002412002,2020-07-29,751265.0,DPSOA-81285,warranty,true,2,9366 FALLING WATER DR BURR RIDGE IL 60521,,,,,26571.6,
dupage,1011201012,2003-08-12,250000.0,DPSOA-314612,warranty,true,2,9531 S JACKSON ST BURR RIDGE IL 60527,,,,,11325.6,
dupage,1012100009,2003-12-19,615236.0,DPSOA-476673,other,false,1,1 MARISSA CT BURR RIDGE IL 60527,,,,,43560.0,
dupage,0925207017,2015-09-14,685000.0,R2015-106247,warranty,true,2,7329 S PARK AVE BURR RIDGE IL 60527,,,,,13068.0,
dupage,0913302037,2015-09-25,1125000.0,R2015-110810,warranty,true,2,4 RIDGE FARM RD BURR RIDGE IL 60527,,,,,18295.2,
dupage,1001203030,2015-10-14,640000.0,R2015-122084,trustee,false,2,4 REGENT CT BURR RIDGE IL 60527,,,,,26571.6,
dupage,0913402005,2016-02-17,830000.0,R2016-022374,trustee,false,2,6025 SEDGLEY CT BURR RIDGE IL 60527,,,,,20908.8,
dupage,0936404001,2017-04-07,577500.0,R2017-036421,trustee,false,2,8301 S PARK AVE BURR RIDGE IL 60527,,,,,16552.8,
dupage,1001401058,2017-09-07,879000.0,R2017-095122,warranty,true,2,9227 GARFIELD AVE BURR RIDGE IL 60527,,,,,31363.199999999997,
dupage,1002411003,2018-01-16,1775000.0,R2018-006783,trustee,false,2,6 ARCADIA CT BURR RIDGE IL 60527,,,,,30056.399999999998,
dupage,0925302016,2018-06-05,4903750.0,R2018-050254,warranty,true,2,7600 GRANT ST BURR RIDGE IL 60521,,,,,166834.80000000002,
dupage,0924201010,2018-12-06,1800000.0,R2018-117046,trustee,false,2,6505 S ELM ST BURR RIDGE IL 60527,,,,,144619.19999999998,
dupage,0936109065,2019-04-11,532500.0,R2019-029936,warranty,true,2,65 BERKSHIRE CT BURR RIDGE IL 60527,,,,,3920.3999999999996,
dupage,0924201030,2019-05-23,750000.0,R2019-048049,warranty,true,2,41 S CABERNET CT BURR RIDGE IL 60527,,,,,43560.0,
dupage,1001302054,2019-05-24,710000.0,R2019-043883,warranty,true,2,126 CIRCLE RIDGE DR BURR RIDGE IL 60527,,,,,23522.4,
dupage,0913301033,2019-06-24,953000.0,R2019-059029,warranty,true,2,439 60TH PL BURR RIDGE IL 60527,,,,,14810.400000000001,
dupage,0913405003,2019-08-15,3550000.0,R2019-073596,warranty,true,2,15W170 60TH ST BURR RIDGE IL 60527,,,,,52707.6,
dupage,0925108036,2019-10-07,770000.0,R2019-090962,trustee,false,2,15W671 74TH ST BURR RIDGE IL 60527,,,,,15681.599999999999,
dupage,0936405007,2019-10-28,517500.0,R2019-106751,warranty,true,2,8564 HEATHER DR BURR RIDGE IL 60527,,,,,19602.0,
dupage,0936308006,2019-12-13,585000.0,R2019-121604,warranty,true,2,419 BENNACOTT LN BURR RIDGE IL 60527,,,,,22651.2,
dupage,1001203014,2020-01-31,640000.0,R2020-014277,warranty,true,2,211 DEVON DR BURR RIDGE IL 60527,,,,,33541.200000000004,
dupage,1001207059,2020-05-15,560000.0,R2020-053100,warranty,true,2,172 ASHTON DR BURR RIDGE IL 60527,,,,,23522.4,
dupage,0936200033,2020-06-30,1920009.0,R2020-117867,warranty,true,2,382 HIGHLAND CT WILLOWBROOK IL 60527,,,,,35719.2,
dupage,1002408003,2020-07-02,787500.0,R2020-073699,warranty,true,2,2 CASCADE CT E BURR RIDGE IL 60521,,,,,28314.0,
dupage,0925205011,2020-08-12,760000.0,R2020-099954,warranty,true,2,7350 GIDDINGS AVE BURR RIDGE IL 60527,,,,,13068.0,
dupage,0925204003,2020-08-28,195000.0,R2020-103461,warranty,true,2,7229 HAMILTON AVE BURR RIDGE IL 60527,,,,,15681.599999999999,
dupage,0924200042,2020-09-09,892000.0,R2020-104527,warranty,true,2,5 PEPPERMILL CT BURR RIDGE IL 60527,,,,,22215.600000000002,
dupage,0936403020,2020-09-25,525000.0,R2020-111611,warranty,true,2,8454 S PARK AVE BURR RIDGE IL 60527,,,,,16117.199999999999,
dupage,0925102023,2020-09-30,915600.0,R2020-145324,warranty,true,2,15W710 74TH ST BURR RIDGE IL 60527,,,,,24393.600000000002,
dupage,1001302029,2020-11-20,640000.0,R2021-006951,warranty,true,2,113 OAK RIDGE DR E BURR RIDGE IL 60527,,,,,44431.200000000004,
dupage,0924207003,2020-11-24,837000.0,R2021-012224,trustee,false,2,203 KENMARE DR BURR RIDGE IL 60527,,,,,6534.0,
dupage,0936304013,2025-04-11,775000.0,R2025-027790,warranty,true,2,8348 WALREDON AVE BURR RIDGE IL 60527,,,,,12196.800000000001,
dupage,0936109016,2025-05-05,875000.0,R2025-033861,trustee,false,2,16 LAKE RIDGE CLUB BURR RIDGE IL 60527,,,,,3920.3999999999996,
dupage,0936210002,2025-05-14,326000.0,R2025-029205,warranty,true,2,"7970 GARFIELD AVE # 102 BURR RIDGE IL 60527",,,,,72745.2,
dupage,0936301025,2025-06-12,1555000.0,R2025-036669,warranty,true,2,8 SHILOH CT BURR RIDGE IL 60527,,,,,27878.4,
dupage,0935402032,2025-07-10,1305000.0,R2025-061317,warranty,true,2,909 PRAIRIE RIDGE CT BURR RIDGE IL 60527,,,,,20908.8,
dupage,0936208003,2025-08-25,1279000.0,R2025-054598,trustee,false,2,15W121 81ST ST BURR RIDGE IL 60527,,,,,114127.20000000001,
dupage,0935402032,2025-08-25,1305000.0,DECL-20250702227052,warranty,true,2,909 PRAIRIE RIDGE CT BURR RIDGE IL 60527,,,,,20908.8,
dupage,0936208003,2025-08-27,1279000.0,DECL-20250802275373,trustee,false,2,15W121 81ST ST BURR RIDGE IL 60527,,,,,114127.20000000001,
dupage,0924200032,2025-09-06,2025000.0,R2025-072529,warranty,true,2,15W280 PLAINFIELD RD BURR RIDGE IL 60527,,,,,30927.6,
dupage,0924200032,2025-09-06,2025000.0,DECL-20250902298399,warranty,true,2,15W280 PLAINFIELD RD BURR RIDGE IL 60527,,,,,30927.6,
dupage,0924200032,2025-09-29,2025000.0,DECL-20250902298399,warranty,true,2,15W280 PLAINFIELD RD BURR RIDGE IL 60527,,,,,30927.6,
dupage,0935403032,2025-12-30,5900000.0,R2026-000929,warranty,true,2,8400 S MADISON ST BURR RIDGE IL 60527,,,,,283575.6,
dupage,0935403032,2025-12-30,5900000.0,DECL-20251202264987,warranty,true,2,8400 S MADISON ST BURR RIDGE IL 60527,,,,,283575.6,
dupage,1001203014,2020-01-01,640000.0,DGT-1001203014-2020-01-01,warranty,true,2,211 DEVON DR BURR RIDGE IL 60527,,,,,33541.200000000004,
dupage,1001203030,2015-10-01,640000.0,DGT-1001203030-2015-10-01,warranty,true,2,4 REGENT CT BURR RIDGE IL 60527,,,,,26571.6,
dupage,1001207022,2013-09-01,800000.0,DGT-1001207022-2013-09-01,warranty,true,2,9010 ENCLAVE DR BURR RIDGE IL 60521,,,,,24829.199999999997,
dupage,1001207059,2020-05-01,560000.0,DGT-1001207059-2020-05-01,warranty,true,2,172 ASHTON DR BURR RIDGE IL 60527,,,,,23522.4,
dupage,1001207061,2020-10-01,1035000.0,DGT-1001207061-2020-10-01,warranty,true,2,132 ASHTON DR BURR RIDGE IL 60527,,,,,22215.600000000002,
dupage,1002408003,2020-07-01,787500.0,DGT-1002408003-2020-07-01,warranty,true,2,2 CASCADE CT E BURR RIDGE IL 60521,,,,,28314.0,
dupage,1002409021,2018-01-01,1000000.0,DGT-1002409021-2018-01-01,warranty,true,2,3 SYLVAN GLEN CT BURR RIDGE IL 60527,,,,,21780.0,
dupage,1002411003,2018-01-01,1775000.0,DGT-1002411003-2018-01-01,warranty,true,2,6 ARCADIA CT BURR RIDGE IL 60527,,,,,30056.399999999998,
dupage,1001302029,2020-11-01,640000.0,DGT-1001302029-2020-11-01,warranty,true,2,113 OAK RIDGE DR E BURR RIDGE IL 60527,,,,,44431.200000000004,
dupage,1001302035,2016-12-01,743300.0,DGT-1001302035-2016-12-01,warranty,true,2,125 OAK RIDGE DR E BURR RIDGE IL 60527,,,,,40946.399999999994,
dupage,1001401056,2015-05-01,200000.0,DGT-1001401056-2015-05-01,warranty,true,2,9181 GARFIELD AVE BURR RIDGE IL 60527,,,,,31363.199999999997,
dupage,1001401058,2017-09-01,879000.0,DGT-1001401058-2017-09-01,warranty,true,2,9227 GARFIELD AVE BURR RIDGE IL 60527,,,,,31363.199999999997,
dupage,1001402001,2016-03-01,300000.0,DGT-1001402001-2016-03-01,warranty,true,2,10S420 DREW AVE BURR RIDGE IL 60521,,,,,37461.6,
dupage,1001401061,2014-05-01,135000.0,DGT-1001401061-2014-05-01,warranty,true,2,15W281 91ST ST BURR RIDGE IL 60527,,,,,16117.199999999999,
dupage,1001308028,2020-07-01,442500.0,DGT-1001308028-2020-07-01,warranty,true,2,53 OAK CREEK DR BURR RIDGE IL 60527,,,,,3049.2000000000003,
dupage,0913300050,2004-07-23,680000.0,DPSOA-197793,other,false,2,5 NORRIS DR BURR RIDGE IL 60527,,,,,20037.600000000002,
dupage,0913301027,2017-07-26,1850000.0,DPSOA-75405,warranty,true,2,6005 S GRANT ST BURR RIDGE IL 60527,,,,,31363.199999999997,
dupage,0913301033,2019-07-17,953000.0,DPSOA-59029,warranty,true,2,439 60TH PL BURR RIDGE IL 60527,,,,,14810.400000000001,
dupage,0913302009,2014-09-04,1275000.0,DPSOA-80372,warranty,true,2,6110 S GARFIELD AVE BURR RIDGE IL 60527,,,,,20037.600000000002,
dupage,0913303003,2010-06-10,1775000.0,DPSOA-74290,warranty,true,2,6271 S GRANT ST BURR RIDGE IL 60527,,,,,37461.6,
dupage,0913400024,2011-12-14,1050000.0,DPSOA-153413,other,false,2,268 60TH ST BURR RIDGE IL 60527,,,,,39639.6,
dupage,0913402005,2016-03-09,830000.0,DPSOA-22374,other,false,2,6025 SEDGLEY CT BURR RIDGE IL 60527,,,,,20908.8,
dupage,0913403005,2003-09-11,925000.0,DPSOA-358488,other,false,2,6150 S ELM ST BURR RIDGE IL 60527,,,,,56192.4,
dupage,0913403032,2006-09-08,1675000.0,DPSOA-175076,warranty,true,2,15W248 62ND ST BURR RIDGE IL 60527,,,,,21344.399999999998,
dupage,0913403033,2001-04-10,1812500.0,DPSOA-63392,warranty,true,2,6160 S PARK AVE BURR RIDGE IL 60527,,,,,40946.399999999994,
dupage,0913405003,2019-08-26,3550000.0,DPSOA-73596,warranty,true,2,15W170 60TH ST BURR RIDGE IL 60527,,,,,52707.6,
dupage,0913407008,2007-04-26,1225000.0,DPSOA-78006,warranty,true,2,18 WOODGATE DR BURR RIDGE IL 60527,,,,,20473.199999999997,
dupage,0913408017,2003-09-10,950000.0,DPSOA-356885,other,false,2,901 BURR RIDGE CLUB DR BURR RIDGE IL 60527,,,,,8712.0,
dupage,0913408043,2017-08-07,1300000.0,DPSOA-80106,other,false,2,1502 BURR RIDGE CLB BURR RIDGE IL 60527,,,,,25700.399999999998,
dupage,0913409002,2013-04-09,699000.0,DPSOA-51861,other,false,2,1106 BURR RIDGE CLUB BURR RIDGE IL 60527,,,,,6969.6,
dupage,0924200042,2020-09-16,892000.0,DPSOA-104527,warranty,true,2,5 PEPPERMILL CT BURR RIDGE IL 60527,,,,,22215.600000000002,
dupage,0924201007,2000-12-18,1200000.0,DPSOA-197745,warranty,true,2,6401 S ELM ST BURR RIDGE IL 60527,,,,,103672.79999999999,
dupage,0924201010,2018-12-21,1800000.0,DPSOA-117046,other,false,2,6505 S ELM ST BURR RIDGE IL 60527,,,,,144619.19999999998,
dupage,0924201030,2019-06-17,750000.0,DPSOA-48049,warranty,true,2,41 S CABERNET CT BURR RIDGE IL 60527,,,,,43560.0,
dupage,0924207019,2007-03-05,1102500.0,DPSOA-38558,warranty,true,2,908 KENMARE DR BURR RIDGE IL 60527,,,,,5662.8,
dupage,0924306006,2011-05-09,750000.0,DPSOA-57473,warranty,true,2,6770 FIELDSTONE DR BURR RIDGE IL 60521,,,,,16117.199999999999,
dupage,0924307008,2010-03-25,945000.0,DPSOA-39105,warranty,true,2,10 MALLORY CT BURR RIDGE IL 60521,,,,,19602.0,
dupage,0924401033,2003-06-04,1200000.0,DPSOA-209997,warranty,true,2,8 BRIDGET CT BURR RIDGE IL 60527,,,,,20037.600000000002,
dupage,0924402002,2005-07-28,2675000.0,DPSOA-163815,other,false,2,6943 FIELDSTONE DR BURR RIDGE IL 60527,,,,,54450.0,
dupage,0924407005,2014-04-23,260000.0,DPSOA-33354,warranty,true,2,"7045 VETERANS BLVD # A-3 BURR RIDGE IL 60527",,,,,47480.4,
dupage,0925108036,2019-10-08,770000.0,DPSOA-90962,other,false,2,15W671 74TH ST BURR RIDGE IL 60527,,,,,15681.599999999999,
dupage,0925111008,2008-03-11,339900.0,DPSOA-39035,warranty,true,2,7304 CHESTNUT HILLS BURR RIDGE IL 60527,,,,,30927.6,
dupage,0925111021,2014-07-14,283000.0,DPSOA-61008,warranty,true,2,101 CHESTNUT HILLS BURR RIDGE IL 60527,,,,,22651.2,
dupage,0925111047,2003-03-06,318000.0,DPSOA-89774,warranty,true,2,138 CHESTNUT HILL CIR BURR RIDGE IL 60527,,,,,26136.0,
dupage,0925111060,2015-08-06,310000.0,DPSOA-86663,warranty,true,2,127 CHESTNUT HILL DR BURR RIDGE IL 60521,,,,,18730.8,
dupage,0925201005,2009-08-07,174000.0,DPSOA-123148,other,false,2,7249 GARFIELD AVE BURR RIDGE IL 60527,,,,,15245.999999999998,
dupage,0925205001,2002-04-02,190000.0,DPSOA-89606,warranty,true,2,7309 GARFIELD AVE BURR RIDGE IL 60527,,,,,12632.4,
dupage,0925205011,2020-09-08,760000.0,DPSOA-99954,warranty,true,2,7350 GIDDINGS AVE BURR RIDGE IL 60527,,,,,13068.0,
dupage,0925206013,2009-06-25,25000.0,DPSOA-97929,warranty,true,2,7360 S PARK AVE BURR RIDGE IL 60527,,,,,13068.0,
dupage,0925302016,2018-06-06,4903750.0,DPSOA-50254,other,false,2,7600 GRANT ST BURR RIDGE IL 60521,,,,,166834.80000000002,
dupage,0925401006,2002-06-10,280000.0,DPSOA-150921,warranty,true,2,7523 HAMILTON AVE BURR RIDGE IL 60527,,,,,40510.8,
dupage,0925402019,2016-11-10,2350000.0,DPSOA-124999,other,false,2,7600 COUNTY LINE RD BURR RIDGE IL 60521,,,,,61419.6,
dupage,0925404005,2016-05-17,264750.0,DPSOA-48174,other,false,1,7719 S HAMILTON AVE BURR RIDGE IL 60527,,,,,87991.2,
dupage,0925404008,2012-04-04,1380000.0,DPSOA-43843,warranty,true,2,210 W 77TH ST BURR RIDGE IL 60527,,,,,40510.8,
dupage,0935204020,2013-04-16,1584000.0,DPSOA-55838,other,false,1,360 SHORE DR BURR RIDGE IL 60521,,,,,11761.2,
dupage,0935204021,2014-10-02,508467.0,DPSOA-90906,other,false,2,16W210 83RD ST BURR RIDGE IL 60527,,,,,138085.19999999998,
dupage,0935402032,2000-09-21,1055000.0,DPSOA-146624,warranty,true,2,909 PRAIRIE RIDGE CT BURR RIDGE IL 60527,,,,,20908.8,
dupage,0935402043,2002-03-14,450000.0,DPSOA-73057,other,false,2,8561 TIMBER RIDGE DR BURR RIDGE IL 60521,,,,,26571.6,
dupage,0935404007,2013-07-31,1575000.0,DPSOA-110956,other,false,2,8625 TIMBER RIDGE DR BURR RIDGE IL 60527,,,,,28749.600000000002,
dupage,0936104031,2004-10-26,485000.0,DPSOA-273687,other,false,2,32 PINE TREE LN BURR RIDGE IL 60527,,,,,3484.8,
dupage,0936104035,2000-02-07,377000.0,DPSOA-18431,other,false,2,24 PINE TREE LN BURR RIDGE IL 60527,,,,,3484.8,
dupage,0936104044,2002-05-31,440000.0,DPSOA-142473,other,false,2,34 PINE TREE LN BURR RIDGE IL 60527,,,,,3484.8,
dupage,0936109037,2013-02-21,590000.0,DPSOA-28165,other,false,2,37 LANCASTER CT BURR RIDGE IL 60521,,,,,3920.3999999999996,
dupage,0936109046,2002-08-05,565000.0,DPSOA-200767,warranty,true,2,46 DURHAM CT BURR RIDGE IL 60527,,,,,3920.3999999999996,
dupage,0936109065,2019-04-23,532500.0,DPSOA-29936,warranty,true,2,65 BERKSHIRE CT BURR RIDGE IL 60527,,,,,3920.3999999999996,
dupage,0936207004,2013-03-20,371000.0,DPSOA-42078,warranty,true,2,8223 KATHRYN CT BURR RIDGE IL 60527,,,,,16988.4,
dupage,0936209028,2003-11-03,189900.0,DPSOA-421321,other,false,2,"8086 S GARFIELD AVE # 7-4 BURR RIDGE IL 60527",,,,,235659.6,
dupage,0936209048,2019-10-09,165000.0,DPSOA-91766,warranty,true,2,"7998 GARFIELD AVE # 12-4 BURR RIDGE IL 60527",,,,,235659.6,
dupage,0936303002,2020-05-08,400000.0,DPSOA-45825,warranty,true,2,525 KIRKWOOD COVE BURR RIDGE IL 60527,,,,,13068.0,
dupage,0936304002,2011-08-25,450000.0,DPSOA-100259,warranty,true,2,8349 CLYNDERVEN RD BURR RIDGE IL 60527,,,,,12196.800000000001,
dupage,0936304004,2018-11-02,530000.0,DPSOA-102888,warranty,true,2,8401 CLYNDERVEN RD BURR RIDGE IL 60521,,,,,12196.800000000001,
dupage,0936305024,2000-09-18,365000.0,DPSOA-144597,warranty,true,2,475 PARKVIEW PL BURR RIDGE IL 60521,,,,,13939.2,
dupage,0936310012,2002-08-15,642500.0,DPSOA-211202,warranty,true,2,8497 KIMBERLY CT BURR RIDGE IL 60527,,,,,20037.600000000002,
dupage,0936311016,2000-09-22,458000.0,DPSOA-147986,warranty,true,2,488 LEONARD LN BURR RIDGE IL 60521,,,,,14374.800000000001,
dupage,0936311028,2015-08-11,472000.0,DPSOA-89003,warranty,true,2,15W525 87TH ST BURR RIDGE IL 60527,,,,,23086.800000000003,
dupage,0936404001,2017-04-17,577500.0,DPSOA-36421,other,false,2,8301 S PARK AVE BURR RIDGE IL 60527,,,,,16552.8,
dupage,0936404041,2014-10-24,1087500.0,DPSOA-100320,other,false,2,6 COVE CT BURR RIDGE IL 60521,,,,,25264.8,
dupage,0936407024,2014-06-20,2500000.0,DPSOA-52665,warranty,true,2,8657 WEDGEWOOD DR BURR RIDGE IL 60527,,,,,81021.6,
dupage,1001100043,2016-01-05,1050000.0,DPSOA-759,other,false,2,8715 S MADISON ST BURR RIDGE IL 60527,,,,,20037.600000000002,
dupage,1001102007,2000-06-02,360000.0,DPSOA-82722,warranty,true,2,10S230 GRANT ST BURR RIDGE IL 60527,,,,,35719.2,
dupage,1001105010,2004-08-27,865000.0,DPSOA-227354,warranty,true,2,8713 AINTREE LN BURR RIDGE IL 60527,,,,,25264.8,
dupage,1001109005,2012-06-22,650000.0,DPSOA-80375,warranty,true,2,3 MORGAN CT BURR RIDGE IL 60527,,,,,24829.199999999997,
dupage,1001203014,2020-02-11,640000.0,DPSOA-14277,warranty,true,2,211 DEVON DR BURR RIDGE IL 60527,,,,,33541.200000000004,
dupage,1001203030,2015-11-04,640000.0,DPSOA-122084,other,false,2,4 REGENT CT BURR RIDGE IL 60527,,,,,26571.6,
dupage,1001207008,2018-04-27,619000.0,DPSOA-36657,warranty,true,2,8931 ROYAL DR BURR RIDGE IL 60527,,,,,22215.600000000002,
dupage,1001207022,2013-09-18,800000.0,DPSOA-133394,other,false,2,9010 ENCLAVE DR BURR RIDGE IL 60521,,,,,24829.199999999997,
dupage,1001207023,2009-12-08,750000.0,DPSOA-183087,warranty,true,2,8980 ENCLAVE DR BURR RIDGE IL 60527,,,,,26571.6,
dupage,1001207059,2020-05-27,560000.0,DPSOA-53100,warranty,true,2,172 ASHTON DR BURR RIDGE IL 60527,,,,,23522.4,
dupage,1001302054,2019-06-05,710000.0,DPSOA-43883,warranty,true,2,126 CIRCLE RIDGE DR BURR RIDGE IL 60527,,,,,23522.4,
dupage,1001308005,2019-01-16,395000.0,DPSOA-3425,other,false,2,7 BEL AIRE CT BURR RIDGE IL 60527,,,,,3920.3999999999996,
dupage,1001308022,2003-06-09,455000.0,DPSOA-216639,warranty,true,2,47 OAK CREEK DR BURR RIDGE IL 60527,,,,,2613.6,
dupage,1001308026,2006-10-13,580000.0,DPSOA-198558,warranty,true,2,51 OAK CREEK DR BURR RIDGE IL 60527,,,,,2613.6,
dupage,1001308028,2020-08-04,442500.0,DPSOA-84188,warranty,true,2,53 OAK CREEK DR BURR RIDGE IL 60527,,,,,3049.2000000000003,
dupage,1001308034,2010-03-05,535000.0,DPSOA-30362,warranty,true,2,59 MALIBU CT BURR RIDGE IL 60527,,,,,3484.8,
dupage,1001401037,2004-12-28,320000.0,DPSOA-322281,other,false,2,9225 FOREST EDGE LN BURR RIDGE IL 60527,,,,,26571.6,
dupage,1001401040,2008-04-18,1550000.0,DPSOA-64550,warranty,true,2,9155 FOREST EDGE LN BURR RIDGE IL 60527,,,,,23522.4,
dupage,1001401055,2015-06-26,190000.0,DPSOA-69254,other,false,2,9161 GARFIELD AVE BURR RIDGE IL 60527,,,,,31798.8,
dupage,1001401056,2015-06-18,200000.0,DPSOA-65239,other,false,2,9181 GARFIELD AVE BURR RIDGE IL 60527,,,,,31363.199999999997,
dupage,1001401058,2017-09-14,879000.0,DPSOA-95122,warranty,true,2,9227 GARFIELD AVE BURR RIDGE IL 60527,,,,,31363.199999999997,
dupage,1001402001,2016-03-29,300000.0,DPSOA-29341,other,false,1,10S420 DREW AVE BURR RIDGE IL 60521,,,,,37461.6,
dupage,1001406011,2000-12-05,490000.0,DPSOA-190719,other,false,2,29 PIN OAK CT BURR RIDGE IL 60527,,,,,4791.6,
dupage,1002403009,2010-04-05,281000.0,DPSOA-43697,warranty,true,2,16W319 94TH ST BURR RIDGE IL 60527,,,,,10890.0,
dupage,1002407005,2003-09-04,1115000.0,DPSOA-349088,warranty,true,2,9200 FALLINGWATER DR BURR RIDGE IL 60527,,,,,28749.600000000002,
dupage,1002408003,2020-07-13,787500.0,DPSOA-73699,warranty,true,2,2 CASCADE CT E BURR RIDGE IL 60521,,,,,28314.0,
dupage,1002409021,2018-01-26,1000000.0,DPSOA-8154,warranty,true,2,3 SYLVAN GLEN CT BURR RIDGE IL 60527,,,,,21780.0,
dupage,1002410002,2000-09-05,225000.0,DPSOA-137513,other,false,2,9127 FALLING WATERS DR BURR RIDGE IL 60527,,,,,28314.0,
dupage,1002410005,2004-03-19,955000.0,DPSOA-70783,other,false,2,9191 FALLINGWATERS DR BURR RIDGE IL 60527,,,,,36154.799999999996,
dupage,1002411003,2018-01-23,1775000.0,DPSOA-6783,other,false,2,6 ARCADIA CT BURR RIDGE IL 60527,,,,,30056.399999999998,
dupage,1011201006,2010-06-25,175000.0,DPSOA-81654,other,false,2,16W317 95TH PL BURR RIDGE IL 60527,,,,,11325.6,
dupage,1011201013,2012-09-21,473000.0,DPSOA-131559,warranty,true,2,9553 S JACKSON BURR RIDGE IL 60527,,,,,11325.6,
dupage,1011207021,2004-03-31,1092500.0,DPSOA-80885,warranty,true,2,9501 FALLING WATER DR BURR RIDGE IL 60521,,,,,47480.4,
dupage,0936202003,2015-06-02,460000.0,R2015-067398,warranty,true,2,116 W 79TH ST BURR RIDGE IL 60527,,,,,59677.200000000004,
dupage,0936103024,2016-08-22,160000.0,R2016-115854,warranty,true,2,15W780 83RD ST BURR RIDGE IL 60521,,,,,44431.200000000004,
dupage,1001308013,2016-12-13,550000.0,R2016-139649,trustee,false,2,38 RED OAK CT BURR RIDGE IL 60527,,,,,3484.8,
dupage,0936305002,2016-12-28,450000.0,R2016-144276,warranty,true,2,8349 WALREDON AVE BURR RIDGE IL 60527,,,,,12632.4,
dupage,0913300083,2017-01-16,2500000.0,R2017-016305,trustee,false,2,6002 S GRANT ST BURR RIDGE IL 60527,,,,,103237.20000000001,
dupage,0936200037,2017-03-23,415000.0,R2017-054306,warranty,true,2,367 OLD OAK CT BURR RIDGE IL 60527,,,,,35719.2,
dupage,0936102001,2017-05-30,204500.0,R2017-056583,trustee,false,2,9S201 MADISON ST BURR RIDGE IL 60527,,,,,25700.399999999998,
dupage,0913409009,2017-06-19,1185000.0,R2017-068600,trustee,false,2,1404 BURR RIDGE CLB BURR RIDGE IL 60527,,,,,8712.0,
dupage,0913300101,2017-09-01,2000000.0,R2017-094011,trustee,false,2,11 ANDREW CT BURR RIDGE IL 60527,,,,,28749.600000000002,
dupage,1001401055,2018-02-09,225000.0,R2018-013887,warranty,true,2,9161 GARFIELD AVE BURR RIDGE IL 60527,,,,,31798.8,
dupage,0924405030,2018-04-23,6000000.0,R2018-037688,warranty,true,2,15W060 N FRONTAGE RD BURR RIDGE IL 60527,,,,,184694.40000000002,
dupage,0936209025,2018-06-29,210000.0,R2018-063098,warranty,false,1,"8086 GARFIELD AVE # 7-1 BURR RIDGE IL 60527",,,,,235659.6,
dupage,0936302008,2018-07-30,440000.0,R2018-074043,trustee,false,2,8412 CLYNDERVEN RD BURR RIDGE IL 60527,,,,,12632.4,
dupage,0936405002,2018-10-15,533000.0,R2018-097353,warranty,true,2,8474 HEATHER DR BURR RIDGE IL 60527,,,,,20037.600000000002,
dupage,0925111059,2019-04-05,332000.0,R2019-027225,warranty,true,2,125 CHESTNUT HILL CR BURR RIDGE IL 60527,,,,,18730.8,
dupage,0913404011,2019-08-30,913000.0,R2019-087124,warranty,true,2,6205 GARFIELD AVE BURR RIDGE IL 60527,,,,,20473.199999999997,
dupage,1001204004,2019-11-05,537500.0,R2019-103576,warranty,true,2,2 SADDLE CT BURR RIDGE IL 60527,,,,,22215.600000000002,
dupage,0936300024,2020-01-31,1255000.0,R2020-011707,trustee,false,2,8310 WATERVIEW CT BURR RIDGE IL 60527,,,,,33541.200000000004,
dupage,0936310009,2020-02-26,425000.0,R2020-020398,warranty,true,2,8472 KIMBERLY CT BURR RIDGE IL 60527,,,,,20908.8,
dupage,1002408024,2020-06-30,869000.0,R2020-073975,warranty,true,2,9390 CASCADE CIR BURR RIDGE IL 60527,,,,,31363.199999999997,
dupage,1001107022,2020-07-06,769900.0,R2020-077245,trustee,false,2,8762 AINTREE LN BURR RIDGE IL 60527,,,,,20037.600000000002,
dupage,1001203031,2020-09-10,737500.0,R2020-103370,warranty,true,2,2 REGENT CT BURR RIDGE IL 60527,,,,,26136.0,
dupage,0925111017,2020-10-13,390000.0,R2020-151191,warranty,true,2,7203 CHESTNUT HILLS BURR RIDGE IL 60527,,,,,25264.8,
dupage,0936109047,2020-10-23,585000.0,R2021-016836,trustee,false,2,47 DURHAM CT BURR RIDGE IL 60527,,,,,3920.3999999999996,
dupage,0913407026,2020-10-26,1890000.0,R2020-146931,warranty,true,2,202 BURR RIDGE CLUB BURR RIDGE IL 60527,,,,,29185.2,
dupage,0936109066,2025-01-08,825000.0,R2025-003565,warranty,true,2,66 BERKSHIRE CT BURR RIDGE IL 60527,,,,,3920.3999999999996,
dupage,0924308004,2025-04-21,16966667.0,R2025-025259,warranty,true,2,6901 S MADISON ST BURR RIDGE IL 60527,,,,,653400.0,
dupage,0936210017,2025-07-14,289000.0,DECL-20250702232876,warranty,true,2,"7962 GARFIELD AVE # 109 BURR RIDGE IL 60527",,,,,72745.2,
dupage,0925111010,2025-09-05,570000.0,R2025-059236,warranty,true,2,7324 CHESTNUT HILLS DR BURR RIDGE IL 60527,,,,,27007.2,
dupage,0925111010,2025-09-05,570000.0,DECL-20250902277702,warranty,true,2,7324 CHESTNUT HILLS DR BURR RIDGE IL 60527,,,,,27007.2,
dupage,0936210017,2025-09-09,279000.0,DECL-20250702232876,trustee,false,2,"7962 GARFIELD AVE # 109 BURR RIDGE IL 60527",,,,,72745.2,
dupage,0936210017,2025-10-03,279000.0,R2025-065528,trustee,false,2,"7962 GARFIELD AVE # 109 BURR RIDGE IL 60527",,,,,72745.2,
dupage,0936109075,2025-11-25,1154825.0,DECL-20251102242404,warranty,true,2,15W521 81ST ST BURR RIDGE IL 60527,,,,,17424.0,
dupage,0936109075,2025-11-25,1154825.0,R2025-083183,warranty,true,2,15W521 81ST ST BURR RIDGE IL 60527,,,,,17424.0,
dupage,1001100045,2016-11-01,1040000.0,DGT-1001100045-2016-11-01,warranty,true,2,15W720 89TH ST BURR RIDGE IL 60527,,,,,89733.6,
dupage,1001107022,2020-07-01,769900.0,DGT-1001107022-2020-07-01,warranty,true,2,8762 AINTREE LN BURR RIDGE IL 60527,,,,,20037.600000000002,
dupage,1001204004,2019-11-01,537500.0,DGT-1001204004-2019-11-01,warranty,true,2,2 SADDLE CT BURR RIDGE IL 60527,,,,,22215.600000000002,
dupage,1001207044,2013-01-01,955000.0,DGT-1001207044-2013-01-01,warranty,true,2,121 ASHTON DR BURR RIDGE IL 60521,,,,,25264.8,
dupage,1002408024,2020-06-01,869000.0,DGT-1002408024-2020-06-01,warranty,true,2,9390 CASCADE CIR BURR RIDGE IL 60527,,,,,31363.199999999997,
dupage,1002412009,2019-10-01,365000.0,DGT-1002412009-2019-10-01,warranty,true,2,16W256 95TH PL BURR RIDGE IL 60527,,,,,3484.8,
dupage,1001401055,2018-02-01,225000.0,DGT-1001401055-2018-02-01,warranty,true,2,9161 GARFIELD AVE BURR RIDGE IL 60527,,,,,31798.8,
dupage,1001401057,2014-05-01,185000.0,DGT-1001401057-2014-05-01,warranty,true,2,9207 GARFIELD AVE BURR RIDGE IL 60527,,,,,31363.199999999997,
dupage,1001308013,2016-12-01,550000.0,DGT-1001308013-2016-12-01,warranty,true,2,38 RED OAK CT BURR RIDGE IL 60527,,,,,3484.8,
dupage,0913300083,2017-02-14,2500000.0,DPSOA-16305,other,false,2,6002 S GRANT ST BURR RIDGE IL 60527,,,,,103237.20000000001,
dupage,0913300101,2017-09-12,2000000.0,DPSOA-94011,other,false,2,11 ANDREW CT BURR RIDGE IL 60527,,,,,28749.600000000002,
dupage,0913300103,2019-11-13,52500.0,DPSOA-104663,other,false,2,6050 S GRANT ST BURR RIDGE IL 60527,,,,,3920.3999999999996,
dupage,0913302020,2016-10-04,710000.0,DPSOA-108009,other,false,2,6105 WOODCREEK DR BURR RIDGE IL 60521,,,,,16552.8,
dupage,0913302033,2014-04-30,1250000.0,DPSOA-36013,warranty,true,2,17 RIDGE FARM RD BURR RIDGE IL 60521,,,,,31798.8,
dupage,0913306009,2002-07-29,1175000.0,DPSOA-193388,other,false,2,6201 WILDWOOD LN BURR RIDGE IL 60521,,,,,21344.399999999998,
dupage,0913307004,2011-04-27,1400000.0,DPSOA-52958,warranty,true,2,6086 KELLER DR BURR RIDGE IL 60527,,,,,37897.2,
dupage,0913403036,2004-01-13,715000.0,DPSOA-10257,warranty,true,2,6180 S ELM ST BURR RIDGE IL 60527,,,,,36590.4,
dupage,0913404011,2019-09-30,913000.0,DPSOA-87124,warranty,true,2,6205 GARFIELD AVE BURR RIDGE IL 60527,,,,,20473.199999999997,
dupage,0913409009,2017-07-10,1185000.0,DPSOA-68600,other,false,2,1404 BURR RIDGE CLB BURR RIDGE IL 60527,,,,,8712.0,
dupage,0924200098,2012-03-30,4600000.0,DPSOA-41322,warranty,true,2,245 ELM CT BURR RIDGE IL 60527,,,,,40075.200000000004,
dupage,0924200099,2007-03-15,5200000.0,DPSOA-46725,other,false,2,245 ELM CT BURR RIDGE IL 60527,,,,,40510.8,
dupage,0924206011,2015-10-20,770000.0,DPSOA-115955,warranty,true,2,502 KENMARE DR BURR RIDGE IL 60521,,,,,5662.8,
dupage,0924206026,2014-05-09,890000.0,DPSOA-38937,other,false,2,706 KENMARE DR BURR RIDGE IL 60527,,,,,5227.2,
dupage,0924207008,2006-05-11,1190000.0,DPSOA-88804,warranty,true,2,407 KENMARE DR BURR RIDGE IL 60527,,,,,6098.400000000001,
dupage,0924209012,2012-07-10,750000.0,DPSOA-88571,warranty,true,2,1102 KENMARE DR BURR RIDGE IL 60527,,,,,6098.400000000001,
dupage,0924306004,2005-11-09,987900.0,DPSOA-251010,warranty,true,2,6764 FIELDSTONE DR BURR RIDGE IL 60527,,,,,16988.4,
dupage,0924306011,2000-08-29,260000.0,DPSOA-134531,warranty,true,2,6786 FIELDSTONE DR BURR RIDGE IL 60521,,,,,24393.600000000002,
dupage,0924309016,2010-01-06,1362500.0,DPSOA-1811,warranty,true,2,681 COMMERCE ST BURR RIDGE IL 60521,,,,,66211.2,
dupage,0924401022,2000-07-06,770000.0,DPSOA-102250,warranty,true,2,6865 FIELDSTONE DR BURR RIDGE IL 60527,,,,,16117.199999999999,
dupage,0924405007,2007-05-07,1000000.0,DPSOA-84551,warranty,true,2,6822 FIELDSTONE DR BURR RIDGE IL 60527,,,,,27442.8,
dupage,0924405030,2018-05-01,6000000.0,DPSOA-37688,other,false,2,15W060 N FRONTAGE RD BURR RIDGE IL 60527,,,,,184694.40000000002,
dupage,0925111053,2000-05-31,250000.0,DPSOA-80936,warranty,true,2,126 CHESTNUT HILLS BURR RIDGE IL 60527,,,,,22651.2,
dupage,0925111054,2020-05-01,360000.0,DPSOA-43285,warranty,true,2,124 CHESTNUT HILLS BURR RIDGE IL 60527,,,,,22651.2,
dupage,0925111059,2019-04-12,332000.0,DPSOA-27225,warranty,true,2,125 CHESTNUT HILL CR BURR RIDGE IL 60527,,,,,18730.8,
dupage,0925201001,2015-10-15,167500.0,DPSOA-114266,other,false,2,7201 S GARFIELD AVE BURR RIDGE IL 60521,,,,,15245.999999999998,
dupage,0925201008,2007-01-16,590000.0,DPSOA-9177,warranty,true,2,7230 GIDDINGS AVE BURR RIDGE IL 60527,,,,,15245.999999999998,
dupage,0925204001,2014-06-30,265000.0,DPSOA-56386,warranty,true,2,7209 HAMILTON AVE BURR RIDGE IL 60527,,,,,15681.599999999999,
dupage,0925304003,2005-02-17,245000.0,DPSOA-33736,warranty,true,2,7706 S GRANT ST BURR RIDGE IL 60527,,,,,108464.40000000001,
dupage,0925403001,2003-02-05,838000.0,DPSOA-47006,warranty,true,2,7700 S HAMILTON AVE BURR RIDGE IL 60521,,,,,112820.4,
dupage,0925403012,2013-03-04,275000.0,DPSOA-33054,other,false,2,315 W 79TH ST BURR RIDGE IL 60527,,,,,40075.200000000004,
dupage,0935203005,2001-01-30,2075000.0,DPSOA-16400,warranty,true,2,60 SHORE DR BURR RIDGE IL 60527,,,,,53143.2,
dupage,0935204011,2004-11-12,3514000.0,DPSOA-288420,other,false,2,16W361 S FRONTAGE RD BURR RIDGE IL 60527,,,,,227383.19999999998,
dupage,0935205034,2013-05-09,3419353.0,DPSOA-68094,warranty,true,2,16W030 83RD ST BURR RIDGE IL 60527,,,,,141134.40000000002,
dupage,0935400026,2010-07-23,295000.0,DPSOA-94500,warranty,true,2,16W559 S FRONTAGE RD BURR RIDGE IL 60527,,,,,21780.0,
dupage,0935402041,2001-03-15,1250000.0,DPSOA-43701,warranty,true,2,8537 TIMBER RIDGE DR BURR RIDGE IL 60527,,,,,23522.4,
dupage,0936102001,2017-06-08,204500.0,DPSOA-56583,other,false,2,9S201 MADISON ST BURR RIDGE IL 60527,,,,,25700.399999999998,
dupage,0936102022,2010-04-29,400000.0,DPSOA-55396,warranty,true,2,15W622 82ND ST BURR RIDGE IL 60527,,,,,37897.2,
dupage,0936103011,2001-09-19,334500.0,DPSOA-199531,warranty,true,2,15W720 83RD ST WILLOWBROOK IL 60527,,,,,36590.4,
dupage,0936104041,2003-11-21,457000.0,DPSOA-447854,warranty,true,2,12 PINE TREE LN BURR RIDGE IL 60527,,,,,3484.8,
dupage,0936104046,2006-03-31,595000.0,DPSOA-59452,other,false,2,38 PINE TREE LN BURR RIDGE IL 60527,,,,,3484.8,
dupage,0936104063,2002-04-05,515000.0,DPSOA-94073,warranty,true,2,55 PINE TREE LN BURR RIDGE IL 60521,,,,,3484.8,
dupage,0936106010,2004-09-28,655000.0,DPSOA-252255,warranty,true,2,8170 RIDGEPOINTE DR BURR RIDGE IL 60527,,,,,20473.199999999997,
dupage,0936106017,2000-02-02,380000.0,DPSOA-16791,warranty,true,2,8283 LAKE RIDGE DR BURR RIDGE IL 60527,,,,,24393.600000000002,
dupage,0936200038,2012-05-04,209000.0,DPSOA-57924,warranty,true,2,383 OLD OAK CT BURR RIDGE IL 60527,,,,,25700.399999999998,
dupage,0936202003,2015-06-23,460000.0,DPSOA-67398,warranty,true,2,116 W 79TH ST BURR RIDGE IL 60527,,,,,59677.200000000004,
dupage,0936202008,2002-06-06,380000.0,DPSOA-148294,warranty,true,2,80TH ST BURR RIDGE IL 60521,,,,,99752.40000000001,
dupage,0936204004,2002-11-04,350000.0,DPSOA-299533,other,false,2,8105 GARFIELD AVE BURR RIDGE IL 60527,,,,,16117.199999999999,
dupage,0936209033,2001-05-29,180000.0,DPSOA-102408,other,false,2,"8078 GARFIELD AVE # 9-1 BURR RIDGE IL 60521",,,,,235659.6,
dupage,0936209053,2006-07-31,220000.0,DPSOA-146496,warranty,true,2,"7990 S GARFIELD AVE # 14-1 BURR RIDGE IL 60527",,,,,235659.6,
dupage,0936209054,2010-12-21,125000.0,DPSOA-179013,other,false,2,"7990 GARFIELD AVE # 14-2 BURR RIDGE IL 60527",,,,,235659.6,
dupage,0936210019,2018-07-26,195000.0,DPSOA-69483,warranty,true,2,"7966 GARFIELD AVE # 111 BURR RIDGE IL 60527",,,,,72745.2,
dupage,0936300016,2001-05-24,570000.0,DPSOA-99539,warranty,true,2,8425 CHARLESTON DR BURR RIDGE IL 60521,,,,,20473.199999999997,
dupage,0936302003,2005-09-01,519000.0,DPSOA-191732,warranty,true,2,8324 CLYNDERVEN RD BURR RIDGE IL 60521,,,,,12632.4,
dupage,0936302008,2018-08-08,440000.0,DPSOA-74043,other,false,2,8412 CLYNDERVEN RD BURR RIDGE IL 60527,,,,,12632.4,
dupage,0936304007,2014-08-20,460000.0,DPSOA-75184,warranty,true,2,8437 CLYNDERVEN RD BURR RIDGE IL 60527,,,,,12196.800000000001,
dupage,0936304012,2002-01-24,450000.0,DPSOA-24381,other,false,2,512 KIRKWOOD COVE BURR RIDGE IL 60527,,,,,13939.2,
dupage,0936305002,2016-12-29,450000.0,DPSOA-144276,warranty,true,2,8349 WALREDON AVE BURR RIDGE IL 60527,,,,,12632.4,
dupage,0936310014,2002-07-17,672000.0,DPSOA-182561,warranty,true,2,8473 KIMBERLY CT BURR RIDGE IL 60521,,,,,20037.600000000002,
dupage,0936310031,2020-02-05,447500.0,DPSOA-12484,warranty,true,2,731 CAMELOT DR BURR RIDGE IL 60527,,,,,20037.600000000002,
dupage,0936312012,2013-05-28,1220000.0,DPSOA-76552,other,false,2,101 KRAML DR BURR RIDGE IL 60521,,,,,30927.6,
dupage,0936403010,2001-11-19,405000.0,DPSOA-250479,other,false,2,8450 HEATHER CT BURR RIDGE IL 60527,,,,,16988.4,
dupage,0936404044,2018-06-20,712000.0,DPSOA-55856,other,false,2,7 COVE CT BURR RIDGE IL 60527,,,,,23086.800000000003,
dupage,0936405002,2018-10-16,533000.0,DPSOA-97353,warranty,true,2,8474 HEATHER DR BURR RIDGE IL 60527,,,,,20037.600000000002,
dupage,1001100045,2016-12-06,1040000.0,DPSOA-135191,other,false,2,15W720 89TH ST BURR RIDGE IL 60527,,,,,89733.6,
dupage,1001104021,2004-02-20,302500.0,DPSOA-47868,warranty,true,2,9045 TURNBERRY DR BURR RIDGE IL 60527,,,,,23958.000000000004,
dupage,1001106015,2007-08-30,765000.0,DPSOA-161274,other,false,2,441 DEVON DR BURR RIDGE IL 60527,,,,,20473.199999999997,
dupage,1001106024,2004-03-15,920000.0,DPSOA-66863,other,false,2,8 TODOR CT BURR RIDGE IL 60527,,,,,21344.399999999998,
dupage,1001107022,2020-07-21,769900.0,DPSOA-77245,other,false,2,8762 AINTREE LN BURR RIDGE IL 60527,,,,,20037.600000000002,
dupage,1001109014,2005-03-22,695000.0,DPSOA-57671,warranty,true,2,9 MORGAN CT BURR RIDGE IL 60527,,,,,27442.8,
dupage,1001201027,2008-05-28,973500.0,DPSOA-86699,other,false,2,15W051 87TH ST BURR RIDGE IL 60527,,,,,78408.0,
dupage,1001204004,2019-11-12,537500.0,DPSOA-103576,warranty,true,2,2 SADDLE CT BURR RIDGE IL 60527,,,,,22215.600000000002,
dupage,1001207044,2013-01-30,955000.0,DPSOA-16090,other,false,2,121 ASHTON DR BURR RIDGE IL 60521,,,,,25264.8,
dupage,1001300007,2002-02-05,325000.0,DPSOA-37201,warranty,true,2,10S424 GLENN DR BURR RIDGE IL 60521,,,,,20037.600000000002,
dupage,1001301027,2005-01-13,290000.0,DPSOA-10008,warranty,true,2,9395 S MADISON ST BURR RIDGE IL 60527,,,,,23958.000000000004,
dupage,1001302013,2004-07-12,557500.0,DPSOA-186327,other,false,2,10S627 GLENN DR BURR RIDGE IL 60527,,,,,22651.2,
dupage,1001302034,2001-12-04,800000.0,DPSOA-263012,warranty,true,2,123 OAK RIDGE DR E BURR RIDGE IL 60527,,,,,40075.200000000004,
dupage,1001307022,2017-01-05,910000.0,DPSOA-1765,warranty,true,2,4 DEVON RIDGE CT BURR RIDGE IL 60527,,,,,23086.800000000003,
dupage,1001308013,2016-12-16,550000.0,DPSOA-139649,other,false,2,38 RED OAK CT BURR RIDGE IL 60527,,,,,3484.8,
dupage,1001401036,2011-04-18,850000.0,DPSOA-49420,warranty,true,2,9245 FOREST EDGE LN BURR RIDGE IL 60527,,,,,26136.0,
dupage,1001401051,2006-04-20,590000.0,DPSOA-73739,other,false,2,9101 GARFIELD AVE BURR RIDGE IL 60521,,,,,35283.600000000006,
dupage,1001401057,2014-06-03,185000.0,DPSOA-46386,warranty,false,1,9207 GARFIELD AVE BURR RIDGE IL 60527,,,,,31363.199999999997,
dupage,1001406001,2005-09-21,620000.0,DPSOA-209747,warranty,true,2,2 BEL AIRE CT BURR RIDGE IL 60527,,,,,3484.8,
dupage,1001406004,2002-12-27,557500.0,DPSOA-360478,other,false,2,13 LAUREL OAK CT BURR RIDGE IL 60527,,,,,3484.8,
dupage,1002401006,2003-07-30,317000.0,DPSOA-296356,warranty,true,2,16W346 93RD PL BURR RIDGE IL 60527,,,,,13068.0,
dupage,1002401012,2000-05-01,340000.0,DPSOA-61757,warranty,true,2,16W280 93RD PL BURR RIDGE IL 60527,,,,,11325.6,
dupage,1002402017,2011-03-16,215000.0,DPSOA-36622,executor,false,2,16W350 94TH ST BURR RIDGE IL 60527,,,,,11325.6,
dupage,1002408021,2005-05-02,1175000.0,DPSOA-89754,warranty,true,2,9360 CASCADE CIR BURR RIDGE IL 60527,,,,,21780.0,
dupage,1002408024,2020-07-13,869000.0,DPSOA-73975,warranty,true,2,9390 CASCADE CIR BURR RIDGE IL 60527,,,,,31363.199999999997,
dupage,1002412004,2004-04-08,385000.0,DPSOA-90644,warranty,true,2,2 TUMBLEBROOK CT BURR RIDGE IL 60521,,,,,33541.200000000004,
dupage,1011201010,2003-07-07,290000.0,DPSOA-256829,warranty,true,2,11S058 PALISADES RD BURR RIDGE IL 60527,,,,,20908.8,
dupage,1011201017,2006-03-01,1130000.0,DPSOA-37334,other,false,2,9575 JACKSON ST BURR RIDGE IL 60527,,,,,80586.0,
